2024-12-03 20:30:15,340 - ERROR - Error in PostgreSQL listener: SSL connection has been closed unexpectedly

2024-12-03 21:24:44,938 - ERROR - Error in PostgreSQL listener: SSL connection has been closed unexpectedly

2024-12-04 00:34:10,335 - ERROR - Error in PostgreSQL listener: SSL connection has been closed unexpectedly

2024-12-04 10:36:22,093 - ERROR - Error in PostgreSQL listener: SSL connection has been closed unexpectedly

2024-12-04 11:40:12,376 - ERROR - Error in PostgreSQL listener: SSL connection has been closed unexpectedly

2024-12-04 11:42:15,668 - ERROR - Error in PostgreSQL listener: SSL connection has been closed unexpectedly

2024-12-04 12:50:14,549 - ERROR - Error in PostgreSQL listener: SSL connection has been closed unexpectedly

2024-12-04 13:08:32,310 - ERROR - Error in PostgreSQL listener: SSL connection has been closed unexpectedly

2024-12-04 13:17:23,476 - ERROR - Error in PostgreSQL listener: SSL connection has been closed unexpectedly

2024-12-04 13:23:07,701 - ERROR - Error in PostgreSQL listener: SSL connection has been closed unexpectedly

2024-12-04 13:30:33,960 - ERROR - Error in PostgreSQL listener: SSL connection has been closed unexpectedly

2024-12-04 17:02:39,619 - ERROR - Error in PostgreSQL listener: SSL connection has been closed unexpectedly

2024-12-07 19:36:32,718 - ERROR - Error in PostgreSQL listener: SSL connection has been closed unexpectedly

2024-12-09 16:53:13,379 - ERROR - Error in PostgreSQL listener: SSL connection has been closed unexpectedly

1970-01-01 05:40:34,474 - ERROR - Error in PostgreSQL listener: SSL connection has been closed unexpectedly

1970-01-01 06:17:32,702 - ERROR - Error in PostgreSQL listener: SSL connection has been closed unexpectedly

2024-12-13 11:37:08,425 - ERROR - Error in PostgreSQL listener: SSL connection has been closed unexpectedly

2024-12-13 11:41:16,254 - ERROR - Error in PostgreSQL listener: SSL connection has been closed unexpectedly

2024-12-13 17:10:40,651 - ERROR - Error in PostgreSQL listener: SSL connection has been closed unexpectedly

2024-12-21 15:41:38,840 - ERROR - Error in PostgreSQL listener: SSL connection has been closed unexpectedly

2025-01-07 15:28:14,454 - ERROR - Error in retry logic: SSL connection has been closed unexpectedly

2025-01-07 15:28:14,455 - ERROR - Error in PostgreSQL listener: connection already closed
2025-01-07 15:32:45,059 - ERROR - Error in retry logic: SSL connection has been closed unexpectedly

2025-01-07 15:32:45,059 - ERROR - Error in PostgreSQL listener: connection already closed
2025-01-08 13:15:52,858 - ERROR - Error in retry logic: SSL connection has been closed unexpectedly

2025-01-08 13:15:52,859 - ERROR - Error in PostgreSQL listener: connection already closed
2025-01-14 09:29:04,502 - ERROR - General error: Could not connect to the endpoint URL: "https://dynamodb.ap-south-1.amazonaws.com/"
2025-01-14 09:31:10,200 - ERROR - General error: Could not connect to the endpoint URL: "https://dynamodb.ap-south-1.amazonaws.com/"
2025-01-14 09:33:15,893 - ERROR - General error: Could not connect to the endpoint URL: "https://dynamodb.ap-south-1.amazonaws.com/"
2025-01-14 09:35:09,531 - ERROR - General error: Could not connect to the endpoint URL: "https://dynamodb.ap-south-1.amazonaws.com/"
2025-01-18 17:38:23,081 - ERROR - General error: Could not connect to the endpoint URL: "https://dynamodb.ap-south-1.amazonaws.com/"
2025-01-18 17:40:28,764 - ERROR - General error: Could not connect to the endpoint URL: "https://dynamodb.ap-south-1.amazonaws.com/"
2025-01-18 17:42:34,441 - ERROR - General error: Could not connect to the endpoint URL: "https://dynamodb.ap-south-1.amazonaws.com/"
2025-01-18 17:44:40,111 - ERROR - General error: Could not connect to the endpoint URL: "https://dynamodb.ap-south-1.amazonaws.com/"
2025-01-18 17:46:45,781 - ERROR - General error: Could not connect to the endpoint URL: "https://dynamodb.ap-south-1.amazonaws.com/"
2025-01-18 17:48:51,457 - ERROR - General error: Could not connect to the endpoint URL: "https://dynamodb.ap-south-1.amazonaws.com/"
2025-01-18 17:50:57,136 - ERROR - General error: Could not connect to the endpoint URL: "https://dynamodb.ap-south-1.amazonaws.com/"
2025-01-18 17:53:02,809 - ERROR - General error: Could not connect to the endpoint URL: "https://dynamodb.ap-south-1.amazonaws.com/"
2025-01-18 17:55:08,492 - ERROR - General error: Could not connect to the endpoint URL: "https://dynamodb.ap-south-1.amazonaws.com/"
2025-01-18 17:57:14,177 - ERROR - General error: Could not connect to the endpoint URL: "https://dynamodb.ap-south-1.amazonaws.com/"
2025-01-18 17:59:19,845 - ERROR - General error: Could not connect to the endpoint URL: "https://dynamodb.ap-south-1.amazonaws.com/"
2025-01-18 18:01:25,534 - ERROR - General error: Could not connect to the endpoint URL: "https://dynamodb.ap-south-1.amazonaws.com/"
2025-01-18 18:03:31,212 - ERROR - General error: Could not connect to the endpoint URL: "https://dynamodb.ap-south-1.amazonaws.com/"
2025-01-18 18:05:36,893 - ERROR - General error: Could not connect to the endpoint URL: "https://dynamodb.ap-south-1.amazonaws.com/"
2025-01-18 18:07:42,572 - ERROR - General error: Could not connect to the endpoint URL: "https://dynamodb.ap-south-1.amazonaws.com/"
2025-01-18 18:09:48,244 - ERROR - General error: Could not connect to the endpoint URL: "https://dynamodb.ap-south-1.amazonaws.com/"
2025-01-18 18:11:53,920 - ERROR - General error: Could not connect to the endpoint URL: "https://dynamodb.ap-south-1.amazonaws.com/"
2025-01-18 18:13:59,604 - ERROR - General error: Could not connect to the endpoint URL: "https://dynamodb.ap-south-1.amazonaws.com/"
2025-01-18 18:16:05,286 - ERROR - General error: Could not connect to the endpoint URL: "https://dynamodb.ap-south-1.amazonaws.com/"
2025-01-18 18:18:10,969 - ERROR - General error: Could not connect to the endpoint URL: "https://dynamodb.ap-south-1.amazonaws.com/"
2025-01-18 18:20:16,657 - ERROR - General error: Could not connect to the endpoint URL: "https://dynamodb.ap-south-1.amazonaws.com/"
2025-01-18 18:22:22,338 - ERROR - General error: Could not connect to the endpoint URL: "https://dynamodb.ap-south-1.amazonaws.com/"
2025-01-18 18:24:28,020 - ERROR - General error: Could not connect to the endpoint URL: "https://dynamodb.ap-south-1.amazonaws.com/"
2025-01-18 18:26:33,704 - ERROR - General error: Could not connect to the endpoint URL: "https://dynamodb.ap-south-1.amazonaws.com/"
2025-01-18 18:28:39,380 - ERROR - General error: Could not connect to the endpoint URL: "https://dynamodb.ap-south-1.amazonaws.com/"
2025-01-18 18:30:45,062 - ERROR - General error: Could not connect to the endpoint URL: "https://dynamodb.ap-south-1.amazonaws.com/"
2025-01-18 18:32:50,736 - ERROR - General error: Could not connect to the endpoint URL: "https://dynamodb.ap-south-1.amazonaws.com/"
2025-01-18 18:34:56,412 - ERROR - General error: Could not connect to the endpoint URL: "https://dynamodb.ap-south-1.amazonaws.com/"
2025-01-18 18:37:02,099 - ERROR - General error: Could not connect to the endpoint URL: "https://dynamodb.ap-south-1.amazonaws.com/"
2025-01-18 18:39:07,785 - ERROR - General error: Could not connect to the endpoint URL: "https://dynamodb.ap-south-1.amazonaws.com/"
2025-01-18 18:41:13,469 - ERROR - General error: Could not connect to the endpoint URL: "https://dynamodb.ap-south-1.amazonaws.com/"
2025-01-18 18:43:19,161 - ERROR - General error: Could not connect to the endpoint URL: "https://dynamodb.ap-south-1.amazonaws.com/"
2025-01-18 18:45:24,844 - ERROR - General error: Could not connect to the endpoint URL: "https://dynamodb.ap-south-1.amazonaws.com/"
2025-01-18 18:47:30,525 - ERROR - General error: Could not connect to the endpoint URL: "https://dynamodb.ap-south-1.amazonaws.com/"
2025-01-18 18:49:36,205 - ERROR - General error: Could not connect to the endpoint URL: "https://dynamodb.ap-south-1.amazonaws.com/"
2025-01-18 18:51:41,897 - ERROR - General error: Could not connect to the endpoint URL: "https://dynamodb.ap-south-1.amazonaws.com/"
2025-01-18 18:53:47,569 - ERROR - General error: Could not connect to the endpoint URL: "https://dynamodb.ap-south-1.amazonaws.com/"
2025-01-18 18:55:53,248 - ERROR - General error: Could not connect to the endpoint URL: "https://dynamodb.ap-south-1.amazonaws.com/"
2025-01-18 18:57:58,944 - ERROR - General error: Could not connect to the endpoint URL: "https://dynamodb.ap-south-1.amazonaws.com/"
2025-01-18 19:00:04,616 - ERROR - General error: Could not connect to the endpoint URL: "https://dynamodb.ap-south-1.amazonaws.com/"
2025-01-18 19:02:10,292 - ERROR - General error: Could not connect to the endpoint URL: "https://dynamodb.ap-south-1.amazonaws.com/"
2025-01-18 19:03:21,531 - ERROR - General error: Could not connect to the endpoint URL: "https://dynamodb.ap-south-1.amazonaws.com/"
2025-01-18 21:54:54,449 - ERROR - General error: Could not connect to the endpoint URL: "https://dynamodb.ap-south-1.amazonaws.com/"
2025-01-18 21:57:00,136 - ERROR - General error: Could not connect to the endpoint URL: "https://dynamodb.ap-south-1.amazonaws.com/"
2025-01-18 21:59:05,813 - ERROR - General error: Could not connect to the endpoint URL: "https://dynamodb.ap-south-1.amazonaws.com/"
2025-01-18 22:01:11,503 - ERROR - General error: Could not connect to the endpoint URL: "https://dynamodb.ap-south-1.amazonaws.com/"
2025-01-18 22:03:17,177 - ERROR - General error: Could not connect to the endpoint URL: "https://dynamodb.ap-south-1.amazonaws.com/"
2025-01-18 22:05:22,860 - ERROR - General error: Could not connect to the endpoint URL: "https://dynamodb.ap-south-1.amazonaws.com/"
2025-01-18 22:07:28,544 - ERROR - General error: Could not connect to the endpoint URL: "https://dynamodb.ap-south-1.amazonaws.com/"
2025-01-21 20:53:00,625 - ERROR - Error in retry logic: column "last_retry" does not exist
LINE 4:             AND (last_retry IS NULL OR last_retry < NOW() - ...
                         ^

2025-01-21 20:54:00,630 - ERROR - Error in retry logic: column "last_retry" does not exist
LINE 4:             AND (last_retry IS NULL OR last_retry < NOW() - ...
                         ^

2025-01-21 20:55:00,624 - ERROR - Error in retry logic: column "last_retry" does not exist
LINE 4:             AND (last_retry IS NULL OR last_retry < NOW() - ...
                         ^

2025-01-21 20:56:00,624 - ERROR - Error in retry logic: column "last_retry" does not exist
LINE 4:             AND (last_retry IS NULL OR last_retry < NOW() - ...
                         ^

2025-01-21 20:57:49,920 - ERROR - Error in retry logic: column "last_retry" does not exist
LINE 4:             AND (last_retry IS NULL OR last_retry < NOW() - ...
                         ^

2025-01-21 20:58:49,921 - ERROR - Error in retry logic: column "last_retry" does not exist
LINE 4:             AND (last_retry IS NULL OR last_retry < NOW() - ...
                         ^

2025-01-21 20:59:49,921 - ERROR - Error in retry logic: column "last_retry" does not exist
LINE 4:             AND (last_retry IS NULL OR last_retry < NOW() - ...
                         ^

2025-01-21 21:01:19,854 - ERROR - Error in retry logic: column "last_retry" does not exist
LINE 4:             AND (last_retry IS NULL OR last_retry < NOW() - ...
                         ^

2025-01-21 21:03:03,209 - ERROR - Error in retry logic: column "last_retry" does not exist
LINE 4:             AND (last_retry IS NULL OR last_retry < NOW() - ...
                         ^

2025-01-21 21:04:03,214 - ERROR - Error in retry logic: column "last_retry" does not exist
LINE 4:             AND (last_retry IS NULL OR last_retry < NOW() - ...
                         ^

2025-01-21 21:05:03,211 - ERROR - Error in retry logic: column "last_retry" does not exist
LINE 4:             AND (last_retry IS NULL OR last_retry < NOW() - ...
                         ^

2025-01-21 21:06:03,208 - ERROR - Error in retry logic: column "last_retry" does not exist
LINE 4:             AND (last_retry IS NULL OR last_retry < NOW() - ...
                         ^

2025-01-21 21:07:03,208 - ERROR - Error in retry logic: column "last_retry" does not exist
LINE 4:             AND (last_retry IS NULL OR last_retry < NOW() - ...
                         ^

2025-01-21 21:08:03,208 - ERROR - Error in retry logic: column "last_retry" does not exist
LINE 4:             AND (last_retry IS NULL OR last_retry < NOW() - ...
                         ^

2025-01-21 21:09:03,208 - ERROR - Error in retry logic: column "last_retry" does not exist
LINE 4:             AND (last_retry IS NULL OR last_retry < NOW() - ...
                         ^

2025-01-21 21:10:03,208 - ERROR - Error in retry logic: column "last_retry" does not exist
LINE 4:             AND (last_retry IS NULL OR last_retry < NOW() - ...
                         ^

2025-01-21 21:11:03,208 - ERROR - Error in retry logic: column "last_retry" does not exist
LINE 4:             AND (last_retry IS NULL OR last_retry < NOW() - ...
                         ^

2025-01-21 21:12:03,211 - ERROR - Error in retry logic: column "last_retry" does not exist
LINE 4:             AND (last_retry IS NULL OR last_retry < NOW() - ...
                         ^

2025-01-21 21:13:03,210 - ERROR - Error in retry logic: column "last_retry" does not exist
LINE 4:             AND (last_retry IS NULL OR last_retry < NOW() - ...
                         ^

2025-01-21 21:14:03,208 - ERROR - Error in retry logic: column "last_retry" does not exist
LINE 4:             AND (last_retry IS NULL OR last_retry < NOW() - ...
                         ^

2025-01-21 21:15:03,208 - ERROR - Error in retry logic: column "last_retry" does not exist
LINE 4:             AND (last_retry IS NULL OR last_retry < NOW() - ...
                         ^

2025-01-21 21:16:03,208 - ERROR - Error in retry logic: column "last_retry" does not exist
LINE 4:             AND (last_retry IS NULL OR last_retry < NOW() - ...
                         ^

2025-01-21 21:17:03,208 - ERROR - Error in retry logic: column "last_retry" does not exist
LINE 4:             AND (last_retry IS NULL OR last_retry < NOW() - ...
                         ^

2025-01-21 21:18:03,208 - ERROR - Error in retry logic: column "last_retry" does not exist
LINE 4:             AND (last_retry IS NULL OR last_retry < NOW() - ...
                         ^

2025-01-21 21:19:03,208 - ERROR - Error in retry logic: column "last_retry" does not exist
LINE 4:             AND (last_retry IS NULL OR last_retry < NOW() - ...
                         ^

2025-01-21 21:20:03,208 - ERROR - Error in retry logic: column "last_retry" does not exist
LINE 4:             AND (last_retry IS NULL OR last_retry < NOW() - ...
                         ^

2025-01-21 21:21:03,210 - ERROR - Error in retry logic: column "last_retry" does not exist
LINE 4:             AND (last_retry IS NULL OR last_retry < NOW() - ...
                         ^

2025-01-21 21:22:03,210 - ERROR - Error in retry logic: column "last_retry" does not exist
LINE 4:             AND (last_retry IS NULL OR last_retry < NOW() - ...
                         ^

2025-01-21 21:23:03,210 - ERROR - Error in retry logic: column "last_retry" does not exist
LINE 4:             AND (last_retry IS NULL OR last_retry < NOW() - ...
                         ^

2025-01-21 21:24:03,212 - ERROR - Error in retry logic: column "last_retry" does not exist
LINE 4:             AND (last_retry IS NULL OR last_retry < NOW() - ...
                         ^

2025-01-21 21:25:03,212 - ERROR - Error in retry logic: column "last_retry" does not exist
LINE 4:             AND (last_retry IS NULL OR last_retry < NOW() - ...
                         ^

2025-01-21 21:26:03,212 - ERROR - Error in retry logic: column "last_retry" does not exist
LINE 4:             AND (last_retry IS NULL OR last_retry < NOW() - ...
                         ^

2025-01-21 21:27:03,213 - ERROR - Error in retry logic: column "last_retry" does not exist
LINE 4:             AND (last_retry IS NULL OR last_retry < NOW() - ...
                         ^

2025-01-21 21:28:03,215 - ERROR - Error in retry logic: column "last_retry" does not exist
LINE 4:             AND (last_retry IS NULL OR last_retry < NOW() - ...
                         ^

2025-01-21 21:29:03,212 - ERROR - Error in retry logic: column "last_retry" does not exist
LINE 4:             AND (last_retry IS NULL OR last_retry < NOW() - ...
                         ^

2025-01-21 21:30:03,215 - ERROR - Error in retry logic: column "last_retry" does not exist
LINE 4:             AND (last_retry IS NULL OR last_retry < NOW() - ...
                         ^

2025-01-21 21:31:03,213 - ERROR - Error in retry logic: column "last_retry" does not exist
LINE 4:             AND (last_retry IS NULL OR last_retry < NOW() - ...
                         ^

2025-01-21 21:32:03,219 - ERROR - Error in retry logic: column "last_retry" does not exist
LINE 4:             AND (last_retry IS NULL OR last_retry < NOW() - ...
                         ^

2025-01-21 21:33:03,217 - ERROR - Error in retry logic: column "last_retry" does not exist
LINE 4:             AND (last_retry IS NULL OR last_retry < NOW() - ...
                         ^

2025-01-21 21:34:03,217 - ERROR - Error in retry logic: column "last_retry" does not exist
LINE 4:             AND (last_retry IS NULL OR last_retry < NOW() - ...
                         ^

2025-01-21 21:35:03,222 - ERROR - Error in retry logic: column "last_retry" does not exist
LINE 4:             AND (last_retry IS NULL OR last_retry < NOW() - ...
                         ^

2025-01-21 21:36:03,222 - ERROR - Error in retry logic: column "last_retry" does not exist
LINE 4:             AND (last_retry IS NULL OR last_retry < NOW() - ...
                         ^

2025-01-21 21:37:03,232 - ERROR - Error in retry logic: column "last_retry" does not exist
LINE 4:             AND (last_retry IS NULL OR last_retry < NOW() - ...
                         ^

2025-01-21 21:38:03,232 - ERROR - Error in retry logic: column "last_retry" does not exist
LINE 4:             AND (last_retry IS NULL OR last_retry < NOW() - ...
                         ^

2025-01-21 21:39:03,233 - ERROR - Error in retry logic: column "last_retry" does not exist
LINE 4:             AND (last_retry IS NULL OR last_retry < NOW() - ...
                         ^

2025-01-21 21:40:03,271 - ERROR - Error in retry logic: column "last_retry" does not exist
LINE 4:             AND (last_retry IS NULL OR last_retry < NOW() - ...
                         ^

2025-01-21 21:41:03,232 - ERROR - Error in retry logic: column "last_retry" does not exist
LINE 4:             AND (last_retry IS NULL OR last_retry < NOW() - ...
                         ^

2025-01-21 21:42:03,232 - ERROR - Error in retry logic: column "last_retry" does not exist
LINE 4:             AND (last_retry IS NULL OR last_retry < NOW() - ...
                         ^

2025-01-21 21:43:03,237 - ERROR - Error in retry logic: column "last_retry" does not exist
LINE 4:             AND (last_retry IS NULL OR last_retry < NOW() - ...
                         ^

2025-01-21 21:44:03,233 - ERROR - Error in retry logic: column "last_retry" does not exist
LINE 4:             AND (last_retry IS NULL OR last_retry < NOW() - ...
                         ^

2025-01-21 21:45:03,232 - ERROR - Error in retry logic: column "last_retry" does not exist
LINE 4:             AND (last_retry IS NULL OR last_retry < NOW() - ...
                         ^

2025-01-21 21:46:03,232 - ERROR - Error in retry logic: column "last_retry" does not exist
LINE 4:             AND (last_retry IS NULL OR last_retry < NOW() - ...
                         ^

2025-01-21 21:47:03,232 - ERROR - Error in retry logic: column "last_retry" does not exist
LINE 4:             AND (last_retry IS NULL OR last_retry < NOW() - ...
                         ^

2025-01-21 21:48:03,236 - ERROR - Error in retry logic: column "last_retry" does not exist
LINE 4:             AND (last_retry IS NULL OR last_retry < NOW() - ...
                         ^

2025-01-21 21:49:03,236 - ERROR - Error in retry logic: column "last_retry" does not exist
LINE 4:             AND (last_retry IS NULL OR last_retry < NOW() - ...
                         ^

2025-01-21 21:50:03,236 - ERROR - Error in retry logic: column "last_retry" does not exist
LINE 4:             AND (last_retry IS NULL OR last_retry < NOW() - ...
                         ^

2025-01-21 21:51:03,236 - ERROR - Error in retry logic: column "last_retry" does not exist
LINE 4:             AND (last_retry IS NULL OR last_retry < NOW() - ...
                         ^

2025-01-21 21:52:03,250 - ERROR - Error in retry logic: column "last_retry" does not exist
LINE 4:             AND (last_retry IS NULL OR last_retry < NOW() - ...
                         ^

2025-01-21 21:53:03,252 - ERROR - Error in retry logic: column "last_retry" does not exist
LINE 4:             AND (last_retry IS NULL OR last_retry < NOW() - ...
                         ^

2025-01-21 21:54:03,247 - ERROR - Error in retry logic: column "last_retry" does not exist
LINE 4:             AND (last_retry IS NULL OR last_retry < NOW() - ...
                         ^

2025-01-21 21:55:03,249 - ERROR - Error in retry logic: column "last_retry" does not exist
LINE 4:             AND (last_retry IS NULL OR last_retry < NOW() - ...
                         ^

2025-01-21 21:56:03,256 - ERROR - Error in retry logic: column "last_retry" does not exist
LINE 4:             AND (last_retry IS NULL OR last_retry < NOW() - ...
                         ^

2025-01-21 21:57:03,252 - ERROR - Error in retry logic: column "last_retry" does not exist
LINE 4:             AND (last_retry IS NULL OR last_retry < NOW() - ...
                         ^

2025-01-21 21:58:03,253 - ERROR - Error in retry logic: column "last_retry" does not exist
LINE 4:             AND (last_retry IS NULL OR last_retry < NOW() - ...
                         ^

2025-01-21 21:59:03,253 - ERROR - Error in retry logic: column "last_retry" does not exist
LINE 4:             AND (last_retry IS NULL OR last_retry < NOW() - ...
                         ^

2025-01-21 22:00:03,269 - ERROR - Error in retry logic: column "last_retry" does not exist
LINE 4:             AND (last_retry IS NULL OR last_retry < NOW() - ...
                         ^

2025-01-21 22:01:03,268 - ERROR - Error in retry logic: column "last_retry" does not exist
LINE 4:             AND (last_retry IS NULL OR last_retry < NOW() - ...
                         ^

2025-01-21 22:02:03,269 - ERROR - Error in retry logic: column "last_retry" does not exist
LINE 4:             AND (last_retry IS NULL OR last_retry < NOW() - ...
                         ^

2025-01-21 22:03:03,275 - ERROR - Error in retry logic: column "last_retry" does not exist
LINE 4:             AND (last_retry IS NULL OR last_retry < NOW() - ...
                         ^

2025-01-21 22:04:03,275 - ERROR - Error in retry logic: column "last_retry" does not exist
LINE 4:             AND (last_retry IS NULL OR last_retry < NOW() - ...
                         ^

2025-01-21 22:05:03,277 - ERROR - Error in retry logic: column "last_retry" does not exist
LINE 4:             AND (last_retry IS NULL OR last_retry < NOW() - ...
                         ^

2025-01-21 22:06:03,275 - ERROR - Error in retry logic: column "last_retry" does not exist
LINE 4:             AND (last_retry IS NULL OR last_retry < NOW() - ...
                         ^

2025-01-21 22:07:03,275 - ERROR - Error in retry logic: column "last_retry" does not exist
LINE 4:             AND (last_retry IS NULL OR last_retry < NOW() - ...
                         ^

2025-01-21 22:08:03,275 - ERROR - Error in retry logic: column "last_retry" does not exist
LINE 4:             AND (last_retry IS NULL OR last_retry < NOW() - ...
                         ^

2025-01-21 22:09:03,276 - ERROR - Error in retry logic: column "last_retry" does not exist
LINE 4:             AND (last_retry IS NULL OR last_retry < NOW() - ...
                         ^

2025-01-21 22:10:03,279 - ERROR - Error in retry logic: column "last_retry" does not exist
LINE 4:             AND (last_retry IS NULL OR last_retry < NOW() - ...
                         ^

2025-01-21 22:11:03,275 - ERROR - Error in retry logic: column "last_retry" does not exist
LINE 4:             AND (last_retry IS NULL OR last_retry < NOW() - ...
                         ^

2025-01-21 22:12:03,279 - ERROR - Error in retry logic: column "last_retry" does not exist
LINE 4:             AND (last_retry IS NULL OR last_retry < NOW() - ...
                         ^

2025-01-21 22:13:03,281 - ERROR - Error in retry logic: column "last_retry" does not exist
LINE 4:             AND (last_retry IS NULL OR last_retry < NOW() - ...
                         ^

2025-01-21 22:14:03,279 - ERROR - Error in retry logic: column "last_retry" does not exist
LINE 4:             AND (last_retry IS NULL OR last_retry < NOW() - ...
                         ^

2025-01-21 22:15:03,288 - ERROR - Error in retry logic: column "last_retry" does not exist
LINE 4:             AND (last_retry IS NULL OR last_retry < NOW() - ...
                         ^

2025-01-21 22:16:03,288 - ERROR - Error in retry logic: column "last_retry" does not exist
LINE 4:             AND (last_retry IS NULL OR last_retry < NOW() - ...
                         ^

2025-01-21 22:17:03,289 - ERROR - Error in retry logic: column "last_retry" does not exist
LINE 4:             AND (last_retry IS NULL OR last_retry < NOW() - ...
                         ^

2025-01-21 22:18:03,289 - ERROR - Error in retry logic: column "last_retry" does not exist
LINE 4:             AND (last_retry IS NULL OR last_retry < NOW() - ...
                         ^

2025-01-21 22:19:03,291 - ERROR - Error in retry logic: column "last_retry" does not exist
LINE 4:             AND (last_retry IS NULL OR last_retry < NOW() - ...
                         ^

2025-01-21 22:20:03,289 - ERROR - Error in retry logic: column "last_retry" does not exist
LINE 4:             AND (last_retry IS NULL OR last_retry < NOW() - ...
                         ^

2025-01-21 22:21:03,289 - ERROR - Error in retry logic: column "last_retry" does not exist
LINE 4:             AND (last_retry IS NULL OR last_retry < NOW() - ...
                         ^

2025-01-21 22:22:03,289 - ERROR - Error in retry logic: column "last_retry" does not exist
LINE 4:             AND (last_retry IS NULL OR last_retry < NOW() - ...
                         ^

2025-01-21 22:23:03,289 - ERROR - Error in retry logic: column "last_retry" does not exist
LINE 4:             AND (last_retry IS NULL OR last_retry < NOW() - ...
                         ^

2025-01-21 22:24:03,289 - ERROR - Error in retry logic: column "last_retry" does not exist
LINE 4:             AND (last_retry IS NULL OR last_retry < NOW() - ...
                         ^

2025-01-21 22:25:03,289 - ERROR - Error in retry logic: column "last_retry" does not exist
LINE 4:             AND (last_retry IS NULL OR last_retry < NOW() - ...
                         ^

2025-01-21 22:26:03,289 - ERROR - Error in retry logic: column "last_retry" does not exist
LINE 4:             AND (last_retry IS NULL OR last_retry < NOW() - ...
                         ^

2025-01-21 22:27:03,290 - ERROR - Error in retry logic: column "last_retry" does not exist
LINE 4:             AND (last_retry IS NULL OR last_retry < NOW() - ...
                         ^

2025-01-21 22:28:03,292 - ERROR - Error in retry logic: column "last_retry" does not exist
LINE 4:             AND (last_retry IS NULL OR last_retry < NOW() - ...
                         ^

2025-01-21 22:29:03,299 - ERROR - Error in retry logic: column "last_retry" does not exist
LINE 4:             AND (last_retry IS NULL OR last_retry < NOW() - ...
                         ^

2025-01-21 22:30:03,291 - ERROR - Error in retry logic: column "last_retry" does not exist
LINE 4:             AND (last_retry IS NULL OR last_retry < NOW() - ...
                         ^

2025-01-21 22:31:03,295 - ERROR - Error in retry logic: column "last_retry" does not exist
LINE 4:             AND (last_retry IS NULL OR last_retry < NOW() - ...
                         ^

2025-01-21 22:32:03,299 - ERROR - Error in retry logic: column "last_retry" does not exist
LINE 4:             AND (last_retry IS NULL OR last_retry < NOW() - ...
                         ^

2025-01-21 22:33:03,295 - ERROR - Error in retry logic: column "last_retry" does not exist
LINE 4:             AND (last_retry IS NULL OR last_retry < NOW() - ...
                         ^

2025-01-21 22:34:03,302 - ERROR - Error in retry logic: column "last_retry" does not exist
LINE 4:             AND (last_retry IS NULL OR last_retry < NOW() - ...
                         ^

2025-01-21 22:35:03,301 - ERROR - Error in retry logic: column "last_retry" does not exist
LINE 4:             AND (last_retry IS NULL OR last_retry < NOW() - ...
                         ^

2025-01-21 22:36:03,301 - ERROR - Error in retry logic: column "last_retry" does not exist
LINE 4:             AND (last_retry IS NULL OR last_retry < NOW() - ...
                         ^

2025-01-21 22:37:03,301 - ERROR - Error in retry logic: column "last_retry" does not exist
LINE 4:             AND (last_retry IS NULL OR last_retry < NOW() - ...
                         ^

2025-01-21 22:38:03,301 - ERROR - Error in retry logic: column "last_retry" does not exist
LINE 4:             AND (last_retry IS NULL OR last_retry < NOW() - ...
                         ^

2025-01-21 22:39:03,306 - ERROR - Error in retry logic: column "last_retry" does not exist
LINE 4:             AND (last_retry IS NULL OR last_retry < NOW() - ...
                         ^

2025-01-21 22:40:03,307 - ERROR - Error in retry logic: column "last_retry" does not exist
LINE 4:             AND (last_retry IS NULL OR last_retry < NOW() - ...
                         ^

2025-01-21 22:41:03,301 - ERROR - Error in retry logic: column "last_retry" does not exist
LINE 4:             AND (last_retry IS NULL OR last_retry < NOW() - ...
                         ^

2025-01-21 22:42:03,301 - ERROR - Error in retry logic: column "last_retry" does not exist
LINE 4:             AND (last_retry IS NULL OR last_retry < NOW() - ...
                         ^

2025-01-21 22:43:03,301 - ERROR - Error in retry logic: column "last_retry" does not exist
LINE 4:             AND (last_retry IS NULL OR last_retry < NOW() - ...
                         ^

2025-01-21 22:44:03,301 - ERROR - Error in retry logic: column "last_retry" does not exist
LINE 4:             AND (last_retry IS NULL OR last_retry < NOW() - ...
                         ^

2025-01-21 22:45:03,301 - ERROR - Error in retry logic: column "last_retry" does not exist
LINE 4:             AND (last_retry IS NULL OR last_retry < NOW() - ...
                         ^

2025-01-21 22:46:03,301 - ERROR - Error in retry logic: column "last_retry" does not exist
LINE 4:             AND (last_retry IS NULL OR last_retry < NOW() - ...
                         ^

2025-01-21 22:47:03,301 - ERROR - Error in retry logic: column "last_retry" does not exist
LINE 4:             AND (last_retry IS NULL OR last_retry < NOW() - ...
                         ^

2025-01-21 22:48:03,301 - ERROR - Error in retry logic: column "last_retry" does not exist
LINE 4:             AND (last_retry IS NULL OR last_retry < NOW() - ...
                         ^

2025-01-21 22:49:03,302 - ERROR - Error in retry logic: column "last_retry" does not exist
LINE 4:             AND (last_retry IS NULL OR last_retry < NOW() - ...
                         ^

2025-01-21 22:50:03,301 - ERROR - Error in retry logic: column "last_retry" does not exist
LINE 4:             AND (last_retry IS NULL OR last_retry < NOW() - ...
                         ^

2025-01-21 22:51:03,301 - ERROR - Error in retry logic: column "last_retry" does not exist
LINE 4:             AND (last_retry IS NULL OR last_retry < NOW() - ...
                         ^

2025-01-21 22:52:03,301 - ERROR - Error in retry logic: column "last_retry" does not exist
LINE 4:             AND (last_retry IS NULL OR last_retry < NOW() - ...
                         ^

2025-01-21 22:53:03,301 - ERROR - Error in retry logic: column "last_retry" does not exist
LINE 4:             AND (last_retry IS NULL OR last_retry < NOW() - ...
                         ^

2025-01-21 22:54:03,301 - ERROR - Error in retry logic: column "last_retry" does not exist
LINE 4:             AND (last_retry IS NULL OR last_retry < NOW() - ...
                         ^

2025-01-21 22:55:03,301 - ERROR - Error in retry logic: column "last_retry" does not exist
LINE 4:             AND (last_retry IS NULL OR last_retry < NOW() - ...
                         ^

2025-01-21 22:56:03,301 - ERROR - Error in retry logic: column "last_retry" does not exist
LINE 4:             AND (last_retry IS NULL OR last_retry < NOW() - ...
                         ^

2025-01-21 22:57:03,301 - ERROR - Error in retry logic: column "last_retry" does not exist
LINE 4:             AND (last_retry IS NULL OR last_retry < NOW() - ...
                         ^

2025-01-21 22:58:03,304 - ERROR - Error in retry logic: column "last_retry" does not exist
LINE 4:             AND (last_retry IS NULL OR last_retry < NOW() - ...
                         ^

2025-01-21 22:59:03,307 - ERROR - Error in retry logic: column "last_retry" does not exist
LINE 4:             AND (last_retry IS NULL OR last_retry < NOW() - ...
                         ^

2025-01-21 23:00:03,304 - ERROR - Error in retry logic: column "last_retry" does not exist
LINE 4:             AND (last_retry IS NULL OR last_retry < NOW() - ...
                         ^

2025-01-21 23:01:03,304 - ERROR - Error in retry logic: column "last_retry" does not exist
LINE 4:             AND (last_retry IS NULL OR last_retry < NOW() - ...
                         ^

2025-01-21 23:02:03,304 - ERROR - Error in retry logic: column "last_retry" does not exist
LINE 4:             AND (last_retry IS NULL OR last_retry < NOW() - ...
                         ^

2025-01-21 23:03:03,304 - ERROR - Error in retry logic: column "last_retry" does not exist
LINE 4:             AND (last_retry IS NULL OR last_retry < NOW() - ...
                         ^

2025-01-21 23:04:03,315 - ERROR - Error in retry logic: column "last_retry" does not exist
LINE 4:             AND (last_retry IS NULL OR last_retry < NOW() - ...
                         ^

2025-01-21 23:05:03,317 - ERROR - Error in retry logic: column "last_retry" does not exist
LINE 4:             AND (last_retry IS NULL OR last_retry < NOW() - ...
                         ^

2025-01-21 23:06:03,315 - ERROR - Error in retry logic: column "last_retry" does not exist
LINE 4:             AND (last_retry IS NULL OR last_retry < NOW() - ...
                         ^

2025-01-21 23:07:03,328 - ERROR - Error in retry logic: column "last_retry" does not exist
LINE 4:             AND (last_retry IS NULL OR last_retry < NOW() - ...
                         ^

2025-01-21 23:08:03,323 - ERROR - Error in retry logic: column "last_retry" does not exist
LINE 4:             AND (last_retry IS NULL OR last_retry < NOW() - ...
                         ^

2025-01-21 23:09:03,323 - ERROR - Error in retry logic: column "last_retry" does not exist
LINE 4:             AND (last_retry IS NULL OR last_retry < NOW() - ...
                         ^

2025-01-21 23:10:03,331 - ERROR - Error in retry logic: column "last_retry" does not exist
LINE 4:             AND (last_retry IS NULL OR last_retry < NOW() - ...
                         ^

2025-01-21 23:11:03,332 - ERROR - Error in retry logic: column "last_retry" does not exist
LINE 4:             AND (last_retry IS NULL OR last_retry < NOW() - ...
                         ^

2025-01-21 23:12:03,332 - ERROR - Error in retry logic: column "last_retry" does not exist
LINE 4:             AND (last_retry IS NULL OR last_retry < NOW() - ...
                         ^

2025-01-21 23:13:03,337 - ERROR - Error in retry logic: column "last_retry" does not exist
LINE 4:             AND (last_retry IS NULL OR last_retry < NOW() - ...
                         ^

2025-01-21 23:14:03,336 - ERROR - Error in retry logic: column "last_retry" does not exist
LINE 4:             AND (last_retry IS NULL OR last_retry < NOW() - ...
                         ^

2025-01-21 23:15:03,336 - ERROR - Error in retry logic: column "last_retry" does not exist
LINE 4:             AND (last_retry IS NULL OR last_retry < NOW() - ...
                         ^

2025-01-21 23:16:03,336 - ERROR - Error in retry logic: column "last_retry" does not exist
LINE 4:             AND (last_retry IS NULL OR last_retry < NOW() - ...
                         ^

2025-01-21 23:17:03,336 - ERROR - Error in retry logic: column "last_retry" does not exist
LINE 4:             AND (last_retry IS NULL OR last_retry < NOW() - ...
                         ^

2025-01-21 23:18:03,336 - ERROR - Error in retry logic: column "last_retry" does not exist
LINE 4:             AND (last_retry IS NULL OR last_retry < NOW() - ...
                         ^

2025-01-21 23:19:03,337 - ERROR - Error in retry logic: column "last_retry" does not exist
LINE 4:             AND (last_retry IS NULL OR last_retry < NOW() - ...
                         ^

2025-01-21 23:20:03,336 - ERROR - Error in retry logic: column "last_retry" does not exist
LINE 4:             AND (last_retry IS NULL OR last_retry < NOW() - ...
                         ^

2025-01-21 23:21:03,336 - ERROR - Error in retry logic: column "last_retry" does not exist
LINE 4:             AND (last_retry IS NULL OR last_retry < NOW() - ...
                         ^

2025-01-21 23:22:03,336 - ERROR - Error in retry logic: column "last_retry" does not exist
LINE 4:             AND (last_retry IS NULL OR last_retry < NOW() - ...
                         ^

2025-01-21 23:23:03,336 - ERROR - Error in retry logic: column "last_retry" does not exist
LINE 4:             AND (last_retry IS NULL OR last_retry < NOW() - ...
                         ^

2025-01-21 23:24:03,336 - ERROR - Error in retry logic: column "last_retry" does not exist
LINE 4:             AND (last_retry IS NULL OR last_retry < NOW() - ...
                         ^

2025-01-21 23:25:03,336 - ERROR - Error in retry logic: column "last_retry" does not exist
LINE 4:             AND (last_retry IS NULL OR last_retry < NOW() - ...
                         ^

2025-01-21 23:26:03,336 - ERROR - Error in retry logic: column "last_retry" does not exist
LINE 4:             AND (last_retry IS NULL OR last_retry < NOW() - ...
                         ^

2025-01-21 23:27:03,337 - ERROR - Error in retry logic: column "last_retry" does not exist
LINE 4:             AND (last_retry IS NULL OR last_retry < NOW() - ...
                         ^

2025-01-21 23:28:03,341 - ERROR - Error in retry logic: column "last_retry" does not exist
LINE 4:             AND (last_retry IS NULL OR last_retry < NOW() - ...
                         ^

2025-01-21 23:29:03,336 - ERROR - Error in retry logic: column "last_retry" does not exist
LINE 4:             AND (last_retry IS NULL OR last_retry < NOW() - ...
                         ^

2025-01-21 23:30:03,336 - ERROR - Error in retry logic: column "last_retry" does not exist
LINE 4:             AND (last_retry IS NULL OR last_retry < NOW() - ...
                         ^

2025-01-21 23:31:03,336 - ERROR - Error in retry logic: column "last_retry" does not exist
LINE 4:             AND (last_retry IS NULL OR last_retry < NOW() - ...
                         ^

2025-01-21 23:32:03,348 - ERROR - Error in retry logic: column "last_retry" does not exist
LINE 4:             AND (last_retry IS NULL OR last_retry < NOW() - ...
                         ^

2025-01-21 23:33:03,343 - ERROR - Error in retry logic: column "last_retry" does not exist
LINE 4:             AND (last_retry IS NULL OR last_retry < NOW() - ...
                         ^

2025-01-21 23:34:03,343 - ERROR - Error in retry logic: column "last_retry" does not exist
LINE 4:             AND (last_retry IS NULL OR last_retry < NOW() - ...
                         ^

2025-01-21 23:35:03,366 - ERROR - Error in retry logic: column "last_retry" does not exist
LINE 4:             AND (last_retry IS NULL OR last_retry < NOW() - ...
                         ^

2025-01-21 23:36:03,366 - ERROR - Error in retry logic: column "last_retry" does not exist
LINE 4:             AND (last_retry IS NULL OR last_retry < NOW() - ...
                         ^

2025-01-21 23:37:03,366 - ERROR - Error in retry logic: column "last_retry" does not exist
LINE 4:             AND (last_retry IS NULL OR last_retry < NOW() - ...
                         ^

2025-01-21 23:38:03,366 - ERROR - Error in retry logic: column "last_retry" does not exist
LINE 4:             AND (last_retry IS NULL OR last_retry < NOW() - ...
                         ^

2025-01-21 23:39:03,370 - ERROR - Error in retry logic: column "last_retry" does not exist
LINE 4:             AND (last_retry IS NULL OR last_retry < NOW() - ...
                         ^

2025-01-21 23:40:03,366 - ERROR - Error in retry logic: column "last_retry" does not exist
LINE 4:             AND (last_retry IS NULL OR last_retry < NOW() - ...
                         ^

2025-01-21 23:41:03,368 - ERROR - Error in retry logic: column "last_retry" does not exist
LINE 4:             AND (last_retry IS NULL OR last_retry < NOW() - ...
                         ^

2025-01-21 23:42:03,368 - ERROR - Error in retry logic: column "last_retry" does not exist
LINE 4:             AND (last_retry IS NULL OR last_retry < NOW() - ...
                         ^

2025-01-21 23:43:03,366 - ERROR - Error in retry logic: column "last_retry" does not exist
LINE 4:             AND (last_retry IS NULL OR last_retry < NOW() - ...
                         ^

2025-01-21 23:44:03,366 - ERROR - Error in retry logic: column "last_retry" does not exist
LINE 4:             AND (last_retry IS NULL OR last_retry < NOW() - ...
                         ^

2025-01-21 23:45:03,370 - ERROR - Error in retry logic: column "last_retry" does not exist
LINE 4:             AND (last_retry IS NULL OR last_retry < NOW() - ...
                         ^

2025-01-21 23:46:03,371 - ERROR - Error in retry logic: column "last_retry" does not exist
LINE 4:             AND (last_retry IS NULL OR last_retry < NOW() - ...
                         ^

2025-01-21 23:47:03,370 - ERROR - Error in retry logic: column "last_retry" does not exist
LINE 4:             AND (last_retry IS NULL OR last_retry < NOW() - ...
                         ^

2025-01-21 23:48:03,372 - ERROR - Error in retry logic: column "last_retry" does not exist
LINE 4:             AND (last_retry IS NULL OR last_retry < NOW() - ...
                         ^

2025-01-21 23:49:03,371 - ERROR - Error in retry logic: column "last_retry" does not exist
LINE 4:             AND (last_retry IS NULL OR last_retry < NOW() - ...
                         ^

2025-01-21 23:50:03,371 - ERROR - Error in retry logic: column "last_retry" does not exist
LINE 4:             AND (last_retry IS NULL OR last_retry < NOW() - ...
                         ^

2025-01-21 23:51:03,371 - ERROR - Error in retry logic: column "last_retry" does not exist
LINE 4:             AND (last_retry IS NULL OR last_retry < NOW() - ...
                         ^

2025-01-21 23:52:03,375 - ERROR - Error in retry logic: column "last_retry" does not exist
LINE 4:             AND (last_retry IS NULL OR last_retry < NOW() - ...
                         ^

2025-01-21 23:53:03,375 - ERROR - Error in retry logic: column "last_retry" does not exist
LINE 4:             AND (last_retry IS NULL OR last_retry < NOW() - ...
                         ^

2025-01-21 23:54:03,379 - ERROR - Error in retry logic: column "last_retry" does not exist
LINE 4:             AND (last_retry IS NULL OR last_retry < NOW() - ...
                         ^

2025-01-21 23:55:03,379 - ERROR - Error in retry logic: column "last_retry" does not exist
LINE 4:             AND (last_retry IS NULL OR last_retry < NOW() - ...
                         ^

2025-01-21 23:56:03,390 - ERROR - Error in retry logic: column "last_retry" does not exist
LINE 4:             AND (last_retry IS NULL OR last_retry < NOW() - ...
                         ^

2025-01-21 23:57:03,383 - ERROR - Error in retry logic: column "last_retry" does not exist
LINE 4:             AND (last_retry IS NULL OR last_retry < NOW() - ...
                         ^

2025-01-21 23:58:03,384 - ERROR - Error in retry logic: column "last_retry" does not exist
LINE 4:             AND (last_retry IS NULL OR last_retry < NOW() - ...
                         ^

2025-01-21 23:59:03,383 - ERROR - Error in retry logic: column "last_retry" does not exist
LINE 4:             AND (last_retry IS NULL OR last_retry < NOW() - ...
                         ^

2025-01-22 00:00:03,386 - ERROR - Error in retry logic: column "last_retry" does not exist
LINE 4:             AND (last_retry IS NULL OR last_retry < NOW() - ...
                         ^

2025-01-22 00:01:03,386 - ERROR - Error in retry logic: column "last_retry" does not exist
LINE 4:             AND (last_retry IS NULL OR last_retry < NOW() - ...
                         ^

2025-01-22 00:02:03,391 - ERROR - Error in retry logic: column "last_retry" does not exist
LINE 4:             AND (last_retry IS NULL OR last_retry < NOW() - ...
                         ^

2025-01-22 00:03:03,391 - ERROR - Error in retry logic: column "last_retry" does not exist
LINE 4:             AND (last_retry IS NULL OR last_retry < NOW() - ...
                         ^

2025-01-22 00:04:03,391 - ERROR - Error in retry logic: column "last_retry" does not exist
LINE 4:             AND (last_retry IS NULL OR last_retry < NOW() - ...
                         ^

2025-01-22 00:05:03,392 - ERROR - Error in retry logic: column "last_retry" does not exist
LINE 4:             AND (last_retry IS NULL OR last_retry < NOW() - ...
                         ^

2025-01-22 00:06:03,392 - ERROR - Error in retry logic: column "last_retry" does not exist
LINE 4:             AND (last_retry IS NULL OR last_retry < NOW() - ...
                         ^

2025-01-22 00:07:03,392 - ERROR - Error in retry logic: column "last_retry" does not exist
LINE 4:             AND (last_retry IS NULL OR last_retry < NOW() - ...
                         ^

2025-01-22 00:08:03,392 - ERROR - Error in retry logic: column "last_retry" does not exist
LINE 4:             AND (last_retry IS NULL OR last_retry < NOW() - ...
                         ^

2025-01-22 00:09:03,392 - ERROR - Error in retry logic: column "last_retry" does not exist
LINE 4:             AND (last_retry IS NULL OR last_retry < NOW() - ...
                         ^

2025-01-22 00:10:03,395 - ERROR - Error in retry logic: column "last_retry" does not exist
LINE 4:             AND (last_retry IS NULL OR last_retry < NOW() - ...
                         ^

2025-01-22 00:11:03,403 - ERROR - Error in retry logic: column "last_retry" does not exist
LINE 4:             AND (last_retry IS NULL OR last_retry < NOW() - ...
                         ^

2025-01-22 00:12:03,403 - ERROR - Error in retry logic: column "last_retry" does not exist
LINE 4:             AND (last_retry IS NULL OR last_retry < NOW() - ...
                         ^

2025-01-22 00:13:03,407 - ERROR - Error in retry logic: column "last_retry" does not exist
LINE 4:             AND (last_retry IS NULL OR last_retry < NOW() - ...
                         ^

2025-01-22 00:14:03,409 - ERROR - Error in retry logic: column "last_retry" does not exist
LINE 4:             AND (last_retry IS NULL OR last_retry < NOW() - ...
                         ^

2025-01-22 00:15:03,404 - ERROR - Error in retry logic: column "last_retry" does not exist
LINE 4:             AND (last_retry IS NULL OR last_retry < NOW() - ...
                         ^

2025-01-22 00:16:03,403 - ERROR - Error in retry logic: column "last_retry" does not exist
LINE 4:             AND (last_retry IS NULL OR last_retry < NOW() - ...
                         ^

2025-01-22 00:17:03,403 - ERROR - Error in retry logic: column "last_retry" does not exist
LINE 4:             AND (last_retry IS NULL OR last_retry < NOW() - ...
                         ^

2025-01-22 00:18:03,403 - ERROR - Error in retry logic: column "last_retry" does not exist
LINE 4:             AND (last_retry IS NULL OR last_retry < NOW() - ...
                         ^

2025-01-22 00:19:03,411 - ERROR - Error in retry logic: column "last_retry" does not exist
LINE 4:             AND (last_retry IS NULL OR last_retry < NOW() - ...
                         ^

2025-01-22 00:20:03,411 - ERROR - Error in retry logic: column "last_retry" does not exist
LINE 4:             AND (last_retry IS NULL OR last_retry < NOW() - ...
                         ^

2025-01-22 00:21:03,411 - ERROR - Error in retry logic: column "last_retry" does not exist
LINE 4:             AND (last_retry IS NULL OR last_retry < NOW() - ...
                         ^

2025-01-22 00:22:03,411 - ERROR - Error in retry logic: column "last_retry" does not exist
LINE 4:             AND (last_retry IS NULL OR last_retry < NOW() - ...
                         ^

2025-01-22 00:23:03,417 - ERROR - Error in retry logic: column "last_retry" does not exist
LINE 4:             AND (last_retry IS NULL OR last_retry < NOW() - ...
                         ^

2025-01-22 00:24:03,415 - ERROR - Error in retry logic: column "last_retry" does not exist
LINE 4:             AND (last_retry IS NULL OR last_retry < NOW() - ...
                         ^

2025-01-22 00:25:03,415 - ERROR - Error in retry logic: column "last_retry" does not exist
LINE 4:             AND (last_retry IS NULL OR last_retry < NOW() - ...
                         ^

2025-01-22 00:26:03,416 - ERROR - Error in retry logic: column "last_retry" does not exist
LINE 4:             AND (last_retry IS NULL OR last_retry < NOW() - ...
                         ^

2025-01-22 00:27:03,415 - ERROR - Error in retry logic: column "last_retry" does not exist
LINE 4:             AND (last_retry IS NULL OR last_retry < NOW() - ...
                         ^

2025-01-22 00:28:03,414 - ERROR - Error in retry logic: column "last_retry" does not exist
LINE 4:             AND (last_retry IS NULL OR last_retry < NOW() - ...
                         ^

2025-01-22 00:29:03,419 - ERROR - Error in retry logic: column "last_retry" does not exist
LINE 4:             AND (last_retry IS NULL OR last_retry < NOW() - ...
                         ^

2025-01-22 00:30:03,418 - ERROR - Error in retry logic: column "last_retry" does not exist
LINE 4:             AND (last_retry IS NULL OR last_retry < NOW() - ...
                         ^

2025-01-22 00:31:03,417 - ERROR - Error in retry logic: column "last_retry" does not exist
LINE 4:             AND (last_retry IS NULL OR last_retry < NOW() - ...
                         ^

2025-01-22 00:32:03,417 - ERROR - Error in retry logic: column "last_retry" does not exist
LINE 4:             AND (last_retry IS NULL OR last_retry < NOW() - ...
                         ^

2025-01-22 00:33:03,417 - ERROR - Error in retry logic: column "last_retry" does not exist
LINE 4:             AND (last_retry IS NULL OR last_retry < NOW() - ...
                         ^

2025-01-22 00:34:03,416 - ERROR - Error in retry logic: column "last_retry" does not exist
LINE 4:             AND (last_retry IS NULL OR last_retry < NOW() - ...
                         ^

2025-01-22 00:35:03,419 - ERROR - Error in retry logic: column "last_retry" does not exist
LINE 4:             AND (last_retry IS NULL OR last_retry < NOW() - ...
                         ^

2025-01-22 00:36:03,416 - ERROR - Error in retry logic: column "last_retry" does not exist
LINE 4:             AND (last_retry IS NULL OR last_retry < NOW() - ...
                         ^

2025-01-22 00:37:03,424 - ERROR - Error in retry logic: column "last_retry" does not exist
LINE 4:             AND (last_retry IS NULL OR last_retry < NOW() - ...
                         ^

2025-01-22 00:38:03,424 - ERROR - Error in retry logic: column "last_retry" does not exist
LINE 4:             AND (last_retry IS NULL OR last_retry < NOW() - ...
                         ^

2025-01-22 00:39:03,425 - ERROR - Error in retry logic: column "last_retry" does not exist
LINE 4:             AND (last_retry IS NULL OR last_retry < NOW() - ...
                         ^

2025-01-22 00:40:03,424 - ERROR - Error in retry logic: column "last_retry" does not exist
LINE 4:             AND (last_retry IS NULL OR last_retry < NOW() - ...
                         ^

2025-01-22 00:41:03,424 - ERROR - Error in retry logic: column "last_retry" does not exist
LINE 4:             AND (last_retry IS NULL OR last_retry < NOW() - ...
                         ^

2025-01-22 00:42:03,429 - ERROR - Error in retry logic: column "last_retry" does not exist
LINE 4:             AND (last_retry IS NULL OR last_retry < NOW() - ...
                         ^

2025-01-22 00:43:03,427 - ERROR - Error in retry logic: column "last_retry" does not exist
LINE 4:             AND (last_retry IS NULL OR last_retry < NOW() - ...
                         ^

2025-01-22 00:44:03,424 - ERROR - Error in retry logic: column "last_retry" does not exist
LINE 4:             AND (last_retry IS NULL OR last_retry < NOW() - ...
                         ^

2025-01-22 00:45:03,424 - ERROR - Error in retry logic: column "last_retry" does not exist
LINE 4:             AND (last_retry IS NULL OR last_retry < NOW() - ...
                         ^

2025-01-22 00:46:03,424 - ERROR - Error in retry logic: column "last_retry" does not exist
LINE 4:             AND (last_retry IS NULL OR last_retry < NOW() - ...
                         ^

2025-01-22 00:47:03,424 - ERROR - Error in retry logic: column "last_retry" does not exist
LINE 4:             AND (last_retry IS NULL OR last_retry < NOW() - ...
                         ^

2025-01-22 00:48:03,424 - ERROR - Error in retry logic: column "last_retry" does not exist
LINE 4:             AND (last_retry IS NULL OR last_retry < NOW() - ...
                         ^

2025-01-22 00:49:03,424 - ERROR - Error in retry logic: column "last_retry" does not exist
LINE 4:             AND (last_retry IS NULL OR last_retry < NOW() - ...
                         ^

2025-01-22 00:50:03,424 - ERROR - Error in retry logic: column "last_retry" does not exist
LINE 4:             AND (last_retry IS NULL OR last_retry < NOW() - ...
                         ^

2025-01-22 00:51:03,424 - ERROR - Error in retry logic: column "last_retry" does not exist
LINE 4:             AND (last_retry IS NULL OR last_retry < NOW() - ...
                         ^

2025-01-22 00:52:03,424 - ERROR - Error in retry logic: column "last_retry" does not exist
LINE 4:             AND (last_retry IS NULL OR last_retry < NOW() - ...
                         ^

2025-01-22 00:53:03,424 - ERROR - Error in retry logic: column "last_retry" does not exist
LINE 4:             AND (last_retry IS NULL OR last_retry < NOW() - ...
                         ^

2025-01-22 00:54:03,424 - ERROR - Error in retry logic: column "last_retry" does not exist
LINE 4:             AND (last_retry IS NULL OR last_retry < NOW() - ...
                         ^

2025-01-22 00:55:03,424 - ERROR - Error in retry logic: column "last_retry" does not exist
LINE 4:             AND (last_retry IS NULL OR last_retry < NOW() - ...
                         ^

2025-01-22 00:56:03,427 - ERROR - Error in retry logic: column "last_retry" does not exist
LINE 4:             AND (last_retry IS NULL OR last_retry < NOW() - ...
                         ^

2025-01-22 00:57:03,429 - ERROR - Error in retry logic: column "last_retry" does not exist
LINE 4:             AND (last_retry IS NULL OR last_retry < NOW() - ...
                         ^

2025-01-22 00:58:03,430 - ERROR - Error in retry logic: column "last_retry" does not exist
LINE 4:             AND (last_retry IS NULL OR last_retry < NOW() - ...
                         ^

2025-01-22 00:59:03,429 - ERROR - Error in retry logic: column "last_retry" does not exist
LINE 4:             AND (last_retry IS NULL OR last_retry < NOW() - ...
                         ^

2025-01-22 01:00:03,429 - ERROR - Error in retry logic: column "last_retry" does not exist
LINE 4:             AND (last_retry IS NULL OR last_retry < NOW() - ...
                         ^

2025-01-22 01:01:03,429 - ERROR - Error in retry logic: column "last_retry" does not exist
LINE 4:             AND (last_retry IS NULL OR last_retry < NOW() - ...
                         ^

2025-01-22 01:02:03,429 - ERROR - Error in retry logic: column "last_retry" does not exist
LINE 4:             AND (last_retry IS NULL OR last_retry < NOW() - ...
                         ^

2025-01-22 01:03:03,439 - ERROR - Error in retry logic: column "last_retry" does not exist
LINE 4:             AND (last_retry IS NULL OR last_retry < NOW() - ...
                         ^

2025-01-22 01:04:03,449 - ERROR - Error in retry logic: column "last_retry" does not exist
LINE 4:             AND (last_retry IS NULL OR last_retry < NOW() - ...
                         ^

2025-01-22 01:05:03,448 - ERROR - Error in retry logic: column "last_retry" does not exist
LINE 4:             AND (last_retry IS NULL OR last_retry < NOW() - ...
                         ^

2025-01-22 01:06:03,448 - ERROR - Error in retry logic: column "last_retry" does not exist
LINE 4:             AND (last_retry IS NULL OR last_retry < NOW() - ...
                         ^

2025-01-22 01:07:03,448 - ERROR - Error in retry logic: column "last_retry" does not exist
LINE 4:             AND (last_retry IS NULL OR last_retry < NOW() - ...
                         ^

2025-01-22 01:08:03,451 - ERROR - Error in retry logic: column "last_retry" does not exist
LINE 4:             AND (last_retry IS NULL OR last_retry < NOW() - ...
                         ^

2025-01-22 01:09:03,450 - ERROR - Error in retry logic: column "last_retry" does not exist
LINE 4:             AND (last_retry IS NULL OR last_retry < NOW() - ...
                         ^

2025-01-22 01:10:03,448 - ERROR - Error in retry logic: column "last_retry" does not exist
LINE 4:             AND (last_retry IS NULL OR last_retry < NOW() - ...
                         ^

2025-01-22 01:11:03,453 - ERROR - Error in retry logic: column "last_retry" does not exist
LINE 4:             AND (last_retry IS NULL OR last_retry < NOW() - ...
                         ^

2025-01-22 01:12:03,448 - ERROR - Error in retry logic: column "last_retry" does not exist
LINE 4:             AND (last_retry IS NULL OR last_retry < NOW() - ...
                         ^

2025-01-22 01:13:03,448 - ERROR - Error in retry logic: column "last_retry" does not exist
LINE 4:             AND (last_retry IS NULL OR last_retry < NOW() - ...
                         ^

2025-01-22 01:14:03,448 - ERROR - Error in retry logic: column "last_retry" does not exist
LINE 4:             AND (last_retry IS NULL OR last_retry < NOW() - ...
                         ^

2025-01-22 01:15:03,448 - ERROR - Error in retry logic: column "last_retry" does not exist
LINE 4:             AND (last_retry IS NULL OR last_retry < NOW() - ...
                         ^

2025-01-22 01:16:03,448 - ERROR - Error in retry logic: column "last_retry" does not exist
LINE 4:             AND (last_retry IS NULL OR last_retry < NOW() - ...
                         ^

2025-01-22 01:17:03,448 - ERROR - Error in retry logic: column "last_retry" does not exist
LINE 4:             AND (last_retry IS NULL OR last_retry < NOW() - ...
                         ^

2025-01-22 01:18:03,448 - ERROR - Error in retry logic: column "last_retry" does not exist
LINE 4:             AND (last_retry IS NULL OR last_retry < NOW() - ...
                         ^

2025-01-22 01:19:03,448 - ERROR - Error in retry logic: column "last_retry" does not exist
LINE 4:             AND (last_retry IS NULL OR last_retry < NOW() - ...
                         ^

2025-01-22 01:20:03,451 - ERROR - Error in retry logic: column "last_retry" does not exist
LINE 4:             AND (last_retry IS NULL OR last_retry < NOW() - ...
                         ^

2025-01-22 01:21:03,451 - ERROR - Error in retry logic: column "last_retry" does not exist
LINE 4:             AND (last_retry IS NULL OR last_retry < NOW() - ...
                         ^

2025-01-22 01:22:03,449 - ERROR - Error in retry logic: column "last_retry" does not exist
LINE 4:             AND (last_retry IS NULL OR last_retry < NOW() - ...
                         ^

2025-01-22 01:23:03,449 - ERROR - Error in retry logic: column "last_retry" does not exist
LINE 4:             AND (last_retry IS NULL OR last_retry < NOW() - ...
                         ^

2025-01-22 01:24:03,449 - ERROR - Error in retry logic: column "last_retry" does not exist
LINE 4:             AND (last_retry IS NULL OR last_retry < NOW() - ...
                         ^

2025-01-22 01:25:03,449 - ERROR - Error in retry logic: column "last_retry" does not exist
LINE 4:             AND (last_retry IS NULL OR last_retry < NOW() - ...
                         ^

2025-01-22 01:26:03,449 - ERROR - Error in retry logic: column "last_retry" does not exist
LINE 4:             AND (last_retry IS NULL OR last_retry < NOW() - ...
                         ^

2025-01-22 01:27:03,449 - ERROR - Error in retry logic: column "last_retry" does not exist
LINE 4:             AND (last_retry IS NULL OR last_retry < NOW() - ...
                         ^

2025-01-22 01:28:03,459 - ERROR - Error in retry logic: column "last_retry" does not exist
LINE 4:             AND (last_retry IS NULL OR last_retry < NOW() - ...
                         ^

2025-01-22 01:29:03,458 - ERROR - Error in retry logic: column "last_retry" does not exist
LINE 4:             AND (last_retry IS NULL OR last_retry < NOW() - ...
                         ^

2025-01-22 01:30:03,457 - ERROR - Error in retry logic: column "last_retry" does not exist
LINE 4:             AND (last_retry IS NULL OR last_retry < NOW() - ...
                         ^

2025-01-22 01:31:03,458 - ERROR - Error in retry logic: column "last_retry" does not exist
LINE 4:             AND (last_retry IS NULL OR last_retry < NOW() - ...
                         ^

2025-01-22 01:32:03,458 - ERROR - Error in retry logic: column "last_retry" does not exist
LINE 4:             AND (last_retry IS NULL OR last_retry < NOW() - ...
                         ^

2025-01-22 01:33:03,458 - ERROR - Error in retry logic: column "last_retry" does not exist
LINE 4:             AND (last_retry IS NULL OR last_retry < NOW() - ...
                         ^

2025-01-22 01:34:03,458 - ERROR - Error in retry logic: column "last_retry" does not exist
LINE 4:             AND (last_retry IS NULL OR last_retry < NOW() - ...
                         ^

2025-01-22 01:35:03,463 - ERROR - Error in retry logic: column "last_retry" does not exist
LINE 4:             AND (last_retry IS NULL OR last_retry < NOW() - ...
                         ^

2025-01-22 01:36:03,462 - ERROR - Error in retry logic: column "last_retry" does not exist
LINE 4:             AND (last_retry IS NULL OR last_retry < NOW() - ...
                         ^

2025-01-22 01:37:03,462 - ERROR - Error in retry logic: column "last_retry" does not exist
LINE 4:             AND (last_retry IS NULL OR last_retry < NOW() - ...
                         ^

2025-01-22 01:38:03,462 - ERROR - Error in retry logic: column "last_retry" does not exist
LINE 4:             AND (last_retry IS NULL OR last_retry < NOW() - ...
                         ^

2025-01-22 01:39:03,463 - ERROR - Error in retry logic: column "last_retry" does not exist
LINE 4:             AND (last_retry IS NULL OR last_retry < NOW() - ...
                         ^

2025-01-22 01:40:03,462 - ERROR - Error in retry logic: column "last_retry" does not exist
LINE 4:             AND (last_retry IS NULL OR last_retry < NOW() - ...
                         ^

2025-01-22 01:41:03,462 - ERROR - Error in retry logic: column "last_retry" does not exist
LINE 4:             AND (last_retry IS NULL OR last_retry < NOW() - ...
                         ^

2025-01-22 01:42:03,462 - ERROR - Error in retry logic: column "last_retry" does not exist
LINE 4:             AND (last_retry IS NULL OR last_retry < NOW() - ...
                         ^

2025-01-22 01:43:03,462 - ERROR - Error in retry logic: column "last_retry" does not exist
LINE 4:             AND (last_retry IS NULL OR last_retry < NOW() - ...
                         ^

2025-01-22 01:44:03,462 - ERROR - Error in retry logic: column "last_retry" does not exist
LINE 4:             AND (last_retry IS NULL OR last_retry < NOW() - ...
                         ^

2025-01-22 01:45:03,464 - ERROR - Error in retry logic: column "last_retry" does not exist
LINE 4:             AND (last_retry IS NULL OR last_retry < NOW() - ...
                         ^

2025-01-22 01:46:03,462 - ERROR - Error in retry logic: column "last_retry" does not exist
LINE 4:             AND (last_retry IS NULL OR last_retry < NOW() - ...
                         ^

2025-01-22 01:47:03,464 - ERROR - Error in retry logic: column "last_retry" does not exist
LINE 4:             AND (last_retry IS NULL OR last_retry < NOW() - ...
                         ^

2025-01-22 01:48:03,463 - ERROR - Error in retry logic: column "last_retry" does not exist
LINE 4:             AND (last_retry IS NULL OR last_retry < NOW() - ...
                         ^

2025-01-22 01:49:03,463 - ERROR - Error in retry logic: column "last_retry" does not exist
LINE 4:             AND (last_retry IS NULL OR last_retry < NOW() - ...
                         ^

2025-01-22 01:50:03,465 - ERROR - Error in retry logic: column "last_retry" does not exist
LINE 4:             AND (last_retry IS NULL OR last_retry < NOW() - ...
                         ^

2025-01-22 01:51:03,469 - ERROR - Error in retry logic: column "last_retry" does not exist
LINE 4:             AND (last_retry IS NULL OR last_retry < NOW() - ...
                         ^

2025-01-22 01:52:03,476 - ERROR - Error in retry logic: column "last_retry" does not exist
LINE 4:             AND (last_retry IS NULL OR last_retry < NOW() - ...
                         ^

2025-01-22 01:53:03,476 - ERROR - Error in retry logic: column "last_retry" does not exist
LINE 4:             AND (last_retry IS NULL OR last_retry < NOW() - ...
                         ^

2025-01-22 01:54:03,486 - ERROR - Error in retry logic: column "last_retry" does not exist
LINE 4:             AND (last_retry IS NULL OR last_retry < NOW() - ...
                         ^

2025-01-22 01:55:03,476 - ERROR - Error in retry logic: column "last_retry" does not exist
LINE 4:             AND (last_retry IS NULL OR last_retry < NOW() - ...
                         ^

2025-01-22 01:56:03,476 - ERROR - Error in retry logic: column "last_retry" does not exist
LINE 4:             AND (last_retry IS NULL OR last_retry < NOW() - ...
                         ^

2025-01-22 01:57:03,477 - ERROR - Error in retry logic: column "last_retry" does not exist
LINE 4:             AND (last_retry IS NULL OR last_retry < NOW() - ...
                         ^

2025-01-22 01:58:03,476 - ERROR - Error in retry logic: column "last_retry" does not exist
LINE 4:             AND (last_retry IS NULL OR last_retry < NOW() - ...
                         ^

2025-01-22 01:59:03,484 - ERROR - Error in retry logic: column "last_retry" does not exist
LINE 4:             AND (last_retry IS NULL OR last_retry < NOW() - ...
                         ^

2025-01-22 02:00:03,476 - ERROR - Error in retry logic: column "last_retry" does not exist
LINE 4:             AND (last_retry IS NULL OR last_retry < NOW() - ...
                         ^

2025-01-22 02:01:03,476 - ERROR - Error in retry logic: column "last_retry" does not exist
LINE 4:             AND (last_retry IS NULL OR last_retry < NOW() - ...
                         ^

2025-01-22 02:02:03,476 - ERROR - Error in retry logic: column "last_retry" does not exist
LINE 4:             AND (last_retry IS NULL OR last_retry < NOW() - ...
                         ^

2025-01-22 02:03:03,480 - ERROR - Error in retry logic: column "last_retry" does not exist
LINE 4:             AND (last_retry IS NULL OR last_retry < NOW() - ...
                         ^

2025-01-22 02:04:03,487 - ERROR - Error in retry logic: column "last_retry" does not exist
LINE 4:             AND (last_retry IS NULL OR last_retry < NOW() - ...
                         ^

2025-01-22 02:05:03,487 - ERROR - Error in retry logic: column "last_retry" does not exist
LINE 4:             AND (last_retry IS NULL OR last_retry < NOW() - ...
                         ^

2025-01-22 02:06:03,487 - ERROR - Error in retry logic: column "last_retry" does not exist
LINE 4:             AND (last_retry IS NULL OR last_retry < NOW() - ...
                         ^

2025-01-22 02:07:03,494 - ERROR - Error in retry logic: column "last_retry" does not exist
LINE 4:             AND (last_retry IS NULL OR last_retry < NOW() - ...
                         ^

2025-01-22 02:08:03,487 - ERROR - Error in retry logic: column "last_retry" does not exist
LINE 4:             AND (last_retry IS NULL OR last_retry < NOW() - ...
                         ^

2025-01-22 02:09:03,491 - ERROR - Error in retry logic: column "last_retry" does not exist
LINE 4:             AND (last_retry IS NULL OR last_retry < NOW() - ...
                         ^

2025-01-22 02:10:03,487 - ERROR - Error in retry logic: column "last_retry" does not exist
LINE 4:             AND (last_retry IS NULL OR last_retry < NOW() - ...
                         ^

2025-01-22 02:11:03,488 - ERROR - Error in retry logic: column "last_retry" does not exist
LINE 4:             AND (last_retry IS NULL OR last_retry < NOW() - ...
                         ^

2025-01-22 02:12:03,488 - ERROR - Error in retry logic: column "last_retry" does not exist
LINE 4:             AND (last_retry IS NULL OR last_retry < NOW() - ...
                         ^

2025-01-22 02:13:03,488 - ERROR - Error in retry logic: column "last_retry" does not exist
LINE 4:             AND (last_retry IS NULL OR last_retry < NOW() - ...
                         ^

2025-01-22 02:14:03,488 - ERROR - Error in retry logic: column "last_retry" does not exist
LINE 4:             AND (last_retry IS NULL OR last_retry < NOW() - ...
                         ^

2025-01-22 02:15:03,488 - ERROR - Error in retry logic: column "last_retry" does not exist
LINE 4:             AND (last_retry IS NULL OR last_retry < NOW() - ...
                         ^

2025-01-22 02:16:03,488 - ERROR - Error in retry logic: column "last_retry" does not exist
LINE 4:             AND (last_retry IS NULL OR last_retry < NOW() - ...
                         ^

2025-01-22 02:17:03,488 - ERROR - Error in retry logic: column "last_retry" does not exist
LINE 4:             AND (last_retry IS NULL OR last_retry < NOW() - ...
                         ^

2025-01-22 02:18:03,494 - ERROR - Error in retry logic: column "last_retry" does not exist
LINE 4:             AND (last_retry IS NULL OR last_retry < NOW() - ...
                         ^

2025-01-22 02:19:03,489 - ERROR - Error in retry logic: column "last_retry" does not exist
LINE 4:             AND (last_retry IS NULL OR last_retry < NOW() - ...
                         ^

2025-01-22 02:20:03,489 - ERROR - Error in retry logic: column "last_retry" does not exist
LINE 4:             AND (last_retry IS NULL OR last_retry < NOW() - ...
                         ^

2025-01-22 02:21:03,490 - ERROR - Error in retry logic: column "last_retry" does not exist
LINE 4:             AND (last_retry IS NULL OR last_retry < NOW() - ...
                         ^

2025-01-22 02:22:03,489 - ERROR - Error in retry logic: column "last_retry" does not exist
LINE 4:             AND (last_retry IS NULL OR last_retry < NOW() - ...
                         ^

2025-01-22 02:23:03,489 - ERROR - Error in retry logic: column "last_retry" does not exist
LINE 4:             AND (last_retry IS NULL OR last_retry < NOW() - ...
                         ^

2025-01-22 02:24:03,489 - ERROR - Error in retry logic: column "last_retry" does not exist
LINE 4:             AND (last_retry IS NULL OR last_retry < NOW() - ...
                         ^

2025-01-22 02:25:03,491 - ERROR - Error in retry logic: column "last_retry" does not exist
LINE 4:             AND (last_retry IS NULL OR last_retry < NOW() - ...
                         ^

2025-01-22 02:26:03,489 - ERROR - Error in retry logic: column "last_retry" does not exist
LINE 4:             AND (last_retry IS NULL OR last_retry < NOW() - ...
                         ^

2025-01-22 02:27:03,489 - ERROR - Error in retry logic: column "last_retry" does not exist
LINE 4:             AND (last_retry IS NULL OR last_retry < NOW() - ...
                         ^

2025-01-22 02:28:03,489 - ERROR - Error in retry logic: column "last_retry" does not exist
LINE 4:             AND (last_retry IS NULL OR last_retry < NOW() - ...
                         ^

2025-01-22 02:29:03,489 - ERROR - Error in retry logic: column "last_retry" does not exist
LINE 4:             AND (last_retry IS NULL OR last_retry < NOW() - ...
                         ^

2025-01-22 02:30:03,489 - ERROR - Error in retry logic: column "last_retry" does not exist
LINE 4:             AND (last_retry IS NULL OR last_retry < NOW() - ...
                         ^

2025-01-22 02:31:03,489 - ERROR - Error in retry logic: column "last_retry" does not exist
LINE 4:             AND (last_retry IS NULL OR last_retry < NOW() - ...
                         ^

2025-01-22 02:32:03,489 - ERROR - Error in retry logic: column "last_retry" does not exist
LINE 4:             AND (last_retry IS NULL OR last_retry < NOW() - ...
                         ^

2025-01-22 02:33:03,489 - ERROR - Error in retry logic: column "last_retry" does not exist
LINE 4:             AND (last_retry IS NULL OR last_retry < NOW() - ...
                         ^

2025-01-22 02:34:03,489 - ERROR - Error in retry logic: column "last_retry" does not exist
LINE 4:             AND (last_retry IS NULL OR last_retry < NOW() - ...
                         ^

2025-01-22 02:35:03,489 - ERROR - Error in retry logic: column "last_retry" does not exist
LINE 4:             AND (last_retry IS NULL OR last_retry < NOW() - ...
                         ^

2025-01-22 02:36:03,489 - ERROR - Error in retry logic: column "last_retry" does not exist
LINE 4:             AND (last_retry IS NULL OR last_retry < NOW() - ...
                         ^

2025-01-22 02:37:03,489 - ERROR - Error in retry logic: column "last_retry" does not exist
LINE 4:             AND (last_retry IS NULL OR last_retry < NOW() - ...
                         ^

2025-01-22 02:38:03,489 - ERROR - Error in retry logic: column "last_retry" does not exist
LINE 4:             AND (last_retry IS NULL OR last_retry < NOW() - ...
                         ^

2025-01-22 02:39:03,489 - ERROR - Error in retry logic: column "last_retry" does not exist
LINE 4:             AND (last_retry IS NULL OR last_retry < NOW() - ...
                         ^

2025-01-22 02:40:03,498 - ERROR - Error in retry logic: column "last_retry" does not exist
LINE 4:             AND (last_retry IS NULL OR last_retry < NOW() - ...
                         ^

2025-01-22 02:41:03,506 - ERROR - Error in retry logic: column "last_retry" does not exist
LINE 4:             AND (last_retry IS NULL OR last_retry < NOW() - ...
                         ^

2025-01-22 02:42:03,504 - ERROR - Error in retry logic: column "last_retry" does not exist
LINE 4:             AND (last_retry IS NULL OR last_retry < NOW() - ...
                         ^

2025-01-22 02:43:03,504 - ERROR - Error in retry logic: column "last_retry" does not exist
LINE 4:             AND (last_retry IS NULL OR last_retry < NOW() - ...
                         ^

2025-01-22 02:44:03,504 - ERROR - Error in retry logic: column "last_retry" does not exist
LINE 4:             AND (last_retry IS NULL OR last_retry < NOW() - ...
                         ^

2025-01-22 02:45:03,509 - ERROR - Error in retry logic: column "last_retry" does not exist
LINE 4:             AND (last_retry IS NULL OR last_retry < NOW() - ...
                         ^

2025-01-22 02:46:03,504 - ERROR - Error in retry logic: column "last_retry" does not exist
LINE 4:             AND (last_retry IS NULL OR last_retry < NOW() - ...
                         ^

2025-01-22 02:47:03,504 - ERROR - Error in retry logic: column "last_retry" does not exist
LINE 4:             AND (last_retry IS NULL OR last_retry < NOW() - ...
                         ^

2025-01-22 02:48:03,504 - ERROR - Error in retry logic: column "last_retry" does not exist
LINE 4:             AND (last_retry IS NULL OR last_retry < NOW() - ...
                         ^

2025-01-22 02:49:03,504 - ERROR - Error in retry logic: column "last_retry" does not exist
LINE 4:             AND (last_retry IS NULL OR last_retry < NOW() - ...
                         ^

2025-01-22 02:50:03,504 - ERROR - Error in retry logic: column "last_retry" does not exist
LINE 4:             AND (last_retry IS NULL OR last_retry < NOW() - ...
                         ^

2025-01-22 02:51:03,504 - ERROR - Error in retry logic: column "last_retry" does not exist
LINE 4:             AND (last_retry IS NULL OR last_retry < NOW() - ...
                         ^

2025-01-22 02:52:03,507 - ERROR - Error in retry logic: column "last_retry" does not exist
LINE 4:             AND (last_retry IS NULL OR last_retry < NOW() - ...
                         ^

2025-01-22 02:53:03,504 - ERROR - Error in retry logic: column "last_retry" does not exist
LINE 4:             AND (last_retry IS NULL OR last_retry < NOW() - ...
                         ^

2025-01-22 02:54:03,510 - ERROR - Error in retry logic: column "last_retry" does not exist
LINE 4:             AND (last_retry IS NULL OR last_retry < NOW() - ...
                         ^

2025-01-22 02:55:03,514 - ERROR - Error in retry logic: column "last_retry" does not exist
LINE 4:             AND (last_retry IS NULL OR last_retry < NOW() - ...
                         ^

2025-01-22 02:56:03,510 - ERROR - Error in retry logic: column "last_retry" does not exist
LINE 4:             AND (last_retry IS NULL OR last_retry < NOW() - ...
                         ^

2025-01-22 02:57:03,513 - ERROR - Error in retry logic: column "last_retry" does not exist
LINE 4:             AND (last_retry IS NULL OR last_retry < NOW() - ...
                         ^

2025-01-22 02:58:03,513 - ERROR - Error in retry logic: column "last_retry" does not exist
LINE 4:             AND (last_retry IS NULL OR last_retry < NOW() - ...
                         ^

2025-01-22 02:59:03,513 - ERROR - Error in retry logic: column "last_retry" does not exist
LINE 4:             AND (last_retry IS NULL OR last_retry < NOW() - ...
                         ^

2025-01-22 03:00:03,513 - ERROR - Error in retry logic: column "last_retry" does not exist
LINE 4:             AND (last_retry IS NULL OR last_retry < NOW() - ...
                         ^

2025-01-22 03:01:03,513 - ERROR - Error in retry logic: column "last_retry" does not exist
LINE 4:             AND (last_retry IS NULL OR last_retry < NOW() - ...
                         ^

2025-01-22 03:02:03,513 - ERROR - Error in retry logic: column "last_retry" does not exist
LINE 4:             AND (last_retry IS NULL OR last_retry < NOW() - ...
                         ^

2025-01-22 03:03:03,513 - ERROR - Error in retry logic: column "last_retry" does not exist
LINE 4:             AND (last_retry IS NULL OR last_retry < NOW() - ...
                         ^

2025-01-22 03:04:03,513 - ERROR - Error in retry logic: column "last_retry" does not exist
LINE 4:             AND (last_retry IS NULL OR last_retry < NOW() - ...
                         ^

2025-01-22 03:05:03,514 - ERROR - Error in retry logic: column "last_retry" does not exist
LINE 4:             AND (last_retry IS NULL OR last_retry < NOW() - ...
                         ^

2025-01-22 03:06:03,514 - ERROR - Error in retry logic: column "last_retry" does not exist
LINE 4:             AND (last_retry IS NULL OR last_retry < NOW() - ...
                         ^

2025-01-22 03:07:03,522 - ERROR - Error in retry logic: column "last_retry" does not exist
LINE 4:             AND (last_retry IS NULL OR last_retry < NOW() - ...
                         ^

2025-01-22 03:08:03,526 - ERROR - Error in retry logic: column "last_retry" does not exist
LINE 4:             AND (last_retry IS NULL OR last_retry < NOW() - ...
                         ^

2025-01-22 03:09:03,517 - ERROR - Error in retry logic: column "last_retry" does not exist
LINE 4:             AND (last_retry IS NULL OR last_retry < NOW() - ...
                         ^

2025-01-22 03:10:03,517 - ERROR - Error in retry logic: column "last_retry" does not exist
LINE 4:             AND (last_retry IS NULL OR last_retry < NOW() - ...
                         ^

2025-01-22 03:11:03,515 - ERROR - Error in retry logic: column "last_retry" does not exist
LINE 4:             AND (last_retry IS NULL OR last_retry < NOW() - ...
                         ^

2025-01-22 03:12:03,521 - ERROR - Error in retry logic: column "last_retry" does not exist
LINE 4:             AND (last_retry IS NULL OR last_retry < NOW() - ...
                         ^

2025-01-22 03:13:03,515 - ERROR - Error in retry logic: column "last_retry" does not exist
LINE 4:             AND (last_retry IS NULL OR last_retry < NOW() - ...
                         ^

2025-01-22 03:14:03,515 - ERROR - Error in retry logic: column "last_retry" does not exist
LINE 4:             AND (last_retry IS NULL OR last_retry < NOW() - ...
                         ^

2025-01-22 03:15:03,515 - ERROR - Error in retry logic: column "last_retry" does not exist
LINE 4:             AND (last_retry IS NULL OR last_retry < NOW() - ...
                         ^

2025-01-22 03:16:03,516 - ERROR - Error in retry logic: column "last_retry" does not exist
LINE 4:             AND (last_retry IS NULL OR last_retry < NOW() - ...
                         ^

2025-01-22 03:17:03,516 - ERROR - Error in retry logic: column "last_retry" does not exist
LINE 4:             AND (last_retry IS NULL OR last_retry < NOW() - ...
                         ^

2025-01-22 03:18:03,516 - ERROR - Error in retry logic: column "last_retry" does not exist
LINE 4:             AND (last_retry IS NULL OR last_retry < NOW() - ...
                         ^

2025-01-22 03:19:03,516 - ERROR - Error in retry logic: column "last_retry" does not exist
LINE 4:             AND (last_retry IS NULL OR last_retry < NOW() - ...
                         ^

2025-01-22 03:20:03,517 - ERROR - Error in retry logic: column "last_retry" does not exist
LINE 4:             AND (last_retry IS NULL OR last_retry < NOW() - ...
                         ^

2025-01-22 03:21:03,525 - ERROR - Error in retry logic: column "last_retry" does not exist
LINE 4:             AND (last_retry IS NULL OR last_retry < NOW() - ...
                         ^

2025-01-22 03:22:03,525 - ERROR - Error in retry logic: column "last_retry" does not exist
LINE 4:             AND (last_retry IS NULL OR last_retry < NOW() - ...
                         ^

2025-01-22 03:23:03,525 - ERROR - Error in retry logic: column "last_retry" does not exist
LINE 4:             AND (last_retry IS NULL OR last_retry < NOW() - ...
                         ^

2025-01-22 03:24:03,525 - ERROR - Error in retry logic: column "last_retry" does not exist
LINE 4:             AND (last_retry IS NULL OR last_retry < NOW() - ...
                         ^

2025-01-22 03:25:03,525 - ERROR - Error in retry logic: column "last_retry" does not exist
LINE 4:             AND (last_retry IS NULL OR last_retry < NOW() - ...
                         ^

2025-01-22 03:26:03,525 - ERROR - Error in retry logic: column "last_retry" does not exist
LINE 4:             AND (last_retry IS NULL OR last_retry < NOW() - ...
                         ^

2025-01-22 03:27:03,530 - ERROR - Error in retry logic: column "last_retry" does not exist
LINE 4:             AND (last_retry IS NULL OR last_retry < NOW() - ...
                         ^

2025-01-22 03:28:03,525 - ERROR - Error in retry logic: column "last_retry" does not exist
LINE 4:             AND (last_retry IS NULL OR last_retry < NOW() - ...
                         ^

2025-01-22 03:29:03,526 - ERROR - Error in retry logic: column "last_retry" does not exist
LINE 4:             AND (last_retry IS NULL OR last_retry < NOW() - ...
                         ^

2025-01-22 03:30:03,531 - ERROR - Error in retry logic: column "last_retry" does not exist
LINE 4:             AND (last_retry IS NULL OR last_retry < NOW() - ...
                         ^

2025-01-22 03:31:03,531 - ERROR - Error in retry logic: column "last_retry" does not exist
LINE 4:             AND (last_retry IS NULL OR last_retry < NOW() - ...
                         ^

2025-01-22 03:32:03,532 - ERROR - Error in retry logic: column "last_retry" does not exist
LINE 4:             AND (last_retry IS NULL OR last_retry < NOW() - ...
                         ^

2025-01-22 03:33:03,531 - ERROR - Error in retry logic: column "last_retry" does not exist
LINE 4:             AND (last_retry IS NULL OR last_retry < NOW() - ...
                         ^

2025-01-22 03:34:03,531 - ERROR - Error in retry logic: column "last_retry" does not exist
LINE 4:             AND (last_retry IS NULL OR last_retry < NOW() - ...
                         ^

2025-01-22 03:35:03,531 - ERROR - Error in retry logic: column "last_retry" does not exist
LINE 4:             AND (last_retry IS NULL OR last_retry < NOW() - ...
                         ^

2025-01-22 03:36:03,531 - ERROR - Error in retry logic: column "last_retry" does not exist
LINE 4:             AND (last_retry IS NULL OR last_retry < NOW() - ...
                         ^

2025-01-22 03:37:03,532 - ERROR - Error in retry logic: column "last_retry" does not exist
LINE 4:             AND (last_retry IS NULL OR last_retry < NOW() - ...
                         ^

2025-01-22 03:38:03,532 - ERROR - Error in retry logic: column "last_retry" does not exist
LINE 4:             AND (last_retry IS NULL OR last_retry < NOW() - ...
                         ^

2025-01-22 03:39:03,532 - ERROR - Error in retry logic: column "last_retry" does not exist
LINE 4:             AND (last_retry IS NULL OR last_retry < NOW() - ...
                         ^

2025-01-22 03:40:03,542 - ERROR - Error in retry logic: column "last_retry" does not exist
LINE 4:             AND (last_retry IS NULL OR last_retry < NOW() - ...
                         ^

2025-01-22 03:41:03,546 - ERROR - Error in retry logic: column "last_retry" does not exist
LINE 4:             AND (last_retry IS NULL OR last_retry < NOW() - ...
                         ^

2025-01-22 03:42:03,547 - ERROR - Error in retry logic: column "last_retry" does not exist
LINE 4:             AND (last_retry IS NULL OR last_retry < NOW() - ...
                         ^

2025-01-22 03:43:03,550 - ERROR - Error in retry logic: column "last_retry" does not exist
LINE 4:             AND (last_retry IS NULL OR last_retry < NOW() - ...
                         ^

2025-01-22 03:44:03,553 - ERROR - Error in retry logic: column "last_retry" does not exist
LINE 4:             AND (last_retry IS NULL OR last_retry < NOW() - ...
                         ^

2025-01-22 03:45:03,547 - ERROR - Error in retry logic: column "last_retry" does not exist
LINE 4:             AND (last_retry IS NULL OR last_retry < NOW() - ...
                         ^

2025-01-22 03:46:03,550 - ERROR - Error in retry logic: column "last_retry" does not exist
LINE 4:             AND (last_retry IS NULL OR last_retry < NOW() - ...
                         ^

2025-01-22 03:47:03,547 - ERROR - Error in retry logic: column "last_retry" does not exist
LINE 4:             AND (last_retry IS NULL OR last_retry < NOW() - ...
                         ^

2025-01-22 03:48:03,547 - ERROR - Error in retry logic: column "last_retry" does not exist
LINE 4:             AND (last_retry IS NULL OR last_retry < NOW() - ...
                         ^

2025-01-22 03:49:03,547 - ERROR - Error in retry logic: column "last_retry" does not exist
LINE 4:             AND (last_retry IS NULL OR last_retry < NOW() - ...
                         ^

2025-01-22 03:50:03,547 - ERROR - Error in retry logic: column "last_retry" does not exist
LINE 4:             AND (last_retry IS NULL OR last_retry < NOW() - ...
                         ^

2025-01-22 03:51:03,558 - ERROR - Error in retry logic: column "last_retry" does not exist
LINE 4:             AND (last_retry IS NULL OR last_retry < NOW() - ...
                         ^

2025-01-22 03:52:03,555 - ERROR - Error in retry logic: column "last_retry" does not exist
LINE 4:             AND (last_retry IS NULL OR last_retry < NOW() - ...
                         ^

2025-01-22 03:53:03,555 - ERROR - Error in retry logic: column "last_retry" does not exist
LINE 4:             AND (last_retry IS NULL OR last_retry < NOW() - ...
                         ^

2025-01-22 03:54:03,555 - ERROR - Error in retry logic: column "last_retry" does not exist
LINE 4:             AND (last_retry IS NULL OR last_retry < NOW() - ...
                         ^

2025-01-22 03:55:03,555 - ERROR - Error in retry logic: column "last_retry" does not exist
LINE 4:             AND (last_retry IS NULL OR last_retry < NOW() - ...
                         ^

2025-01-22 03:56:03,556 - ERROR - Error in retry logic: column "last_retry" does not exist
LINE 4:             AND (last_retry IS NULL OR last_retry < NOW() - ...
                         ^

2025-01-22 03:57:03,555 - ERROR - Error in retry logic: column "last_retry" does not exist
LINE 4:             AND (last_retry IS NULL OR last_retry < NOW() - ...
                         ^

2025-01-22 03:58:03,555 - ERROR - Error in retry logic: column "last_retry" does not exist
LINE 4:             AND (last_retry IS NULL OR last_retry < NOW() - ...
                         ^

2025-01-22 03:59:03,555 - ERROR - Error in retry logic: column "last_retry" does not exist
LINE 4:             AND (last_retry IS NULL OR last_retry < NOW() - ...
                         ^

2025-01-22 04:00:03,555 - ERROR - Error in retry logic: column "last_retry" does not exist
LINE 4:             AND (last_retry IS NULL OR last_retry < NOW() - ...
                         ^

2025-01-22 04:01:03,555 - ERROR - Error in retry logic: column "last_retry" does not exist
LINE 4:             AND (last_retry IS NULL OR last_retry < NOW() - ...
                         ^

2025-01-22 04:02:03,567 - ERROR - Error in retry logic: column "last_retry" does not exist
LINE 4:             AND (last_retry IS NULL OR last_retry < NOW() - ...
                         ^

2025-01-22 04:03:03,567 - ERROR - Error in retry logic: column "last_retry" does not exist
LINE 4:             AND (last_retry IS NULL OR last_retry < NOW() - ...
                         ^

2025-01-22 04:04:03,572 - ERROR - Error in retry logic: column "last_retry" does not exist
LINE 4:             AND (last_retry IS NULL OR last_retry < NOW() - ...
                         ^

2025-01-22 04:05:03,575 - ERROR - Error in retry logic: column "last_retry" does not exist
LINE 4:             AND (last_retry IS NULL OR last_retry < NOW() - ...
                         ^

2025-01-22 04:06:03,573 - ERROR - Error in retry logic: column "last_retry" does not exist
LINE 4:             AND (last_retry IS NULL OR last_retry < NOW() - ...
                         ^

2025-01-22 04:07:03,575 - ERROR - Error in retry logic: column "last_retry" does not exist
LINE 4:             AND (last_retry IS NULL OR last_retry < NOW() - ...
                         ^

2025-01-22 04:08:03,575 - ERROR - Error in retry logic: column "last_retry" does not exist
LINE 4:             AND (last_retry IS NULL OR last_retry < NOW() - ...
                         ^

2025-01-22 04:09:03,577 - ERROR - Error in retry logic: column "last_retry" does not exist
LINE 4:             AND (last_retry IS NULL OR last_retry < NOW() - ...
                         ^

2025-01-22 04:10:03,575 - ERROR - Error in retry logic: column "last_retry" does not exist
LINE 4:             AND (last_retry IS NULL OR last_retry < NOW() - ...
                         ^

2025-01-22 04:11:03,577 - ERROR - Error in retry logic: column "last_retry" does not exist
LINE 4:             AND (last_retry IS NULL OR last_retry < NOW() - ...
                         ^

2025-01-22 04:12:03,575 - ERROR - Error in retry logic: column "last_retry" does not exist
LINE 4:             AND (last_retry IS NULL OR last_retry < NOW() - ...
                         ^

2025-01-22 04:13:03,575 - ERROR - Error in retry logic: column "last_retry" does not exist
LINE 4:             AND (last_retry IS NULL OR last_retry < NOW() - ...
                         ^

2025-01-22 04:14:03,576 - ERROR - Error in retry logic: column "last_retry" does not exist
LINE 4:             AND (last_retry IS NULL OR last_retry < NOW() - ...
                         ^

2025-01-22 04:15:03,576 - ERROR - Error in retry logic: column "last_retry" does not exist
LINE 4:             AND (last_retry IS NULL OR last_retry < NOW() - ...
                         ^

2025-01-22 04:16:03,576 - ERROR - Error in retry logic: column "last_retry" does not exist
LINE 4:             AND (last_retry IS NULL OR last_retry < NOW() - ...
                         ^

2025-01-22 04:17:03,576 - ERROR - Error in retry logic: column "last_retry" does not exist
LINE 4:             AND (last_retry IS NULL OR last_retry < NOW() - ...
                         ^

2025-01-22 04:18:03,579 - ERROR - Error in retry logic: column "last_retry" does not exist
LINE 4:             AND (last_retry IS NULL OR last_retry < NOW() - ...
                         ^

2025-01-22 04:19:03,576 - ERROR - Error in retry logic: column "last_retry" does not exist
LINE 4:             AND (last_retry IS NULL OR last_retry < NOW() - ...
                         ^

2025-01-22 04:20:03,576 - ERROR - Error in retry logic: column "last_retry" does not exist
LINE 4:             AND (last_retry IS NULL OR last_retry < NOW() - ...
                         ^

2025-01-22 04:21:03,590 - ERROR - Error in retry logic: column "last_retry" does not exist
LINE 4:             AND (last_retry IS NULL OR last_retry < NOW() - ...
                         ^

2025-01-22 04:22:03,603 - ERROR - Error in retry logic: column "last_retry" does not exist
LINE 4:             AND (last_retry IS NULL OR last_retry < NOW() - ...
                         ^

2025-01-22 04:23:03,602 - ERROR - Error in retry logic: column "last_retry" does not exist
LINE 4:             AND (last_retry IS NULL OR last_retry < NOW() - ...
                         ^

2025-01-22 04:24:03,602 - ERROR - Error in retry logic: column "last_retry" does not exist
LINE 4:             AND (last_retry IS NULL OR last_retry < NOW() - ...
                         ^

2025-01-22 04:25:03,605 - ERROR - Error in retry logic: column "last_retry" does not exist
LINE 4:             AND (last_retry IS NULL OR last_retry < NOW() - ...
                         ^

2025-01-22 04:26:03,605 - ERROR - Error in retry logic: column "last_retry" does not exist
LINE 4:             AND (last_retry IS NULL OR last_retry < NOW() - ...
                         ^

2025-01-22 04:27:03,605 - ERROR - Error in retry logic: column "last_retry" does not exist
LINE 4:             AND (last_retry IS NULL OR last_retry < NOW() - ...
                         ^

2025-01-22 04:28:03,605 - ERROR - Error in retry logic: column "last_retry" does not exist
LINE 4:             AND (last_retry IS NULL OR last_retry < NOW() - ...
                         ^

2025-01-22 04:29:03,605 - ERROR - Error in retry logic: column "last_retry" does not exist
LINE 4:             AND (last_retry IS NULL OR last_retry < NOW() - ...
                         ^

2025-01-22 04:30:03,605 - ERROR - Error in retry logic: column "last_retry" does not exist
LINE 4:             AND (last_retry IS NULL OR last_retry < NOW() - ...
                         ^

2025-01-22 04:31:03,605 - ERROR - Error in retry logic: column "last_retry" does not exist
LINE 4:             AND (last_retry IS NULL OR last_retry < NOW() - ...
                         ^

2025-01-22 04:32:03,605 - ERROR - Error in retry logic: column "last_retry" does not exist
LINE 4:             AND (last_retry IS NULL OR last_retry < NOW() - ...
                         ^

2025-01-22 04:33:03,611 - ERROR - Error in retry logic: column "last_retry" does not exist
LINE 4:             AND (last_retry IS NULL OR last_retry < NOW() - ...
                         ^

2025-01-22 04:34:03,611 - ERROR - Error in retry logic: column "last_retry" does not exist
LINE 4:             AND (last_retry IS NULL OR last_retry < NOW() - ...
                         ^

2025-01-22 04:35:03,611 - ERROR - Error in retry logic: column "last_retry" does not exist
LINE 4:             AND (last_retry IS NULL OR last_retry < NOW() - ...
                         ^

2025-01-22 04:36:03,611 - ERROR - Error in retry logic: column "last_retry" does not exist
LINE 4:             AND (last_retry IS NULL OR last_retry < NOW() - ...
                         ^

2025-01-22 04:37:03,611 - ERROR - Error in retry logic: column "last_retry" does not exist
LINE 4:             AND (last_retry IS NULL OR last_retry < NOW() - ...
                         ^

2025-01-22 04:38:03,611 - ERROR - Error in retry logic: column "last_retry" does not exist
LINE 4:             AND (last_retry IS NULL OR last_retry < NOW() - ...
                         ^

2025-01-22 04:39:03,617 - ERROR - Error in retry logic: column "last_retry" does not exist
LINE 4:             AND (last_retry IS NULL OR last_retry < NOW() - ...
                         ^

2025-01-22 04:40:03,611 - ERROR - Error in retry logic: column "last_retry" does not exist
LINE 4:             AND (last_retry IS NULL OR last_retry < NOW() - ...
                         ^

2025-01-22 04:41:03,611 - ERROR - Error in retry logic: column "last_retry" does not exist
LINE 4:             AND (last_retry IS NULL OR last_retry < NOW() - ...
                         ^

2025-01-22 04:42:03,612 - ERROR - Error in retry logic: column "last_retry" does not exist
LINE 4:             AND (last_retry IS NULL OR last_retry < NOW() - ...
                         ^

2025-01-22 04:43:03,611 - ERROR - Error in retry logic: column "last_retry" does not exist
LINE 4:             AND (last_retry IS NULL OR last_retry < NOW() - ...
                         ^

2025-01-22 04:44:03,611 - ERROR - Error in retry logic: column "last_retry" does not exist
LINE 4:             AND (last_retry IS NULL OR last_retry < NOW() - ...
                         ^

2025-01-22 04:45:03,611 - ERROR - Error in retry logic: column "last_retry" does not exist
LINE 4:             AND (last_retry IS NULL OR last_retry < NOW() - ...
                         ^

2025-01-22 04:46:03,611 - ERROR - Error in retry logic: column "last_retry" does not exist
LINE 4:             AND (last_retry IS NULL OR last_retry < NOW() - ...
                         ^

2025-01-22 04:47:03,611 - ERROR - Error in retry logic: column "last_retry" does not exist
LINE 4:             AND (last_retry IS NULL OR last_retry < NOW() - ...
                         ^

2025-01-22 04:48:03,614 - ERROR - Error in retry logic: column "last_retry" does not exist
LINE 4:             AND (last_retry IS NULL OR last_retry < NOW() - ...
                         ^

2025-01-22 04:49:03,619 - ERROR - Error in retry logic: column "last_retry" does not exist
LINE 4:             AND (last_retry IS NULL OR last_retry < NOW() - ...
                         ^

2025-01-22 04:50:03,613 - ERROR - Error in retry logic: column "last_retry" does not exist
LINE 4:             AND (last_retry IS NULL OR last_retry < NOW() - ...
                         ^

2025-01-22 04:51:03,613 - ERROR - Error in retry logic: column "last_retry" does not exist
LINE 4:             AND (last_retry IS NULL OR last_retry < NOW() - ...
                         ^

2025-01-22 04:52:03,613 - ERROR - Error in retry logic: column "last_retry" does not exist
LINE 4:             AND (last_retry IS NULL OR last_retry < NOW() - ...
                         ^

2025-01-22 04:53:03,613 - ERROR - Error in retry logic: column "last_retry" does not exist
LINE 4:             AND (last_retry IS NULL OR last_retry < NOW() - ...
                         ^

2025-01-22 04:54:03,613 - ERROR - Error in retry logic: column "last_retry" does not exist
LINE 4:             AND (last_retry IS NULL OR last_retry < NOW() - ...
                         ^

2025-01-22 04:55:03,612 - ERROR - Error in retry logic: column "last_retry" does not exist
LINE 4:             AND (last_retry IS NULL OR last_retry < NOW() - ...
                         ^

2025-01-22 04:56:03,618 - ERROR - Error in retry logic: column "last_retry" does not exist
LINE 4:             AND (last_retry IS NULL OR last_retry < NOW() - ...
                         ^

2025-01-22 04:57:03,619 - ERROR - Error in retry logic: column "last_retry" does not exist
LINE 4:             AND (last_retry IS NULL OR last_retry < NOW() - ...
                         ^

2025-01-22 04:58:03,618 - ERROR - Error in retry logic: column "last_retry" does not exist
LINE 4:             AND (last_retry IS NULL OR last_retry < NOW() - ...
                         ^

2025-01-22 04:59:03,620 - ERROR - Error in retry logic: column "last_retry" does not exist
LINE 4:             AND (last_retry IS NULL OR last_retry < NOW() - ...
                         ^

2025-01-22 05:00:03,622 - ERROR - Error in retry logic: column "last_retry" does not exist
LINE 4:             AND (last_retry IS NULL OR last_retry < NOW() - ...
                         ^

2025-01-22 05:01:03,622 - ERROR - Error in retry logic: column "last_retry" does not exist
LINE 4:             AND (last_retry IS NULL OR last_retry < NOW() - ...
                         ^

2025-01-22 05:02:03,622 - ERROR - Error in retry logic: column "last_retry" does not exist
LINE 4:             AND (last_retry IS NULL OR last_retry < NOW() - ...
                         ^

2025-01-22 05:03:03,622 - ERROR - Error in retry logic: column "last_retry" does not exist
LINE 4:             AND (last_retry IS NULL OR last_retry < NOW() - ...
                         ^

2025-01-22 05:04:03,630 - ERROR - Error in retry logic: column "last_retry" does not exist
LINE 4:             AND (last_retry IS NULL OR last_retry < NOW() - ...
                         ^

2025-01-22 05:05:03,622 - ERROR - Error in retry logic: column "last_retry" does not exist
LINE 4:             AND (last_retry IS NULL OR last_retry < NOW() - ...
                         ^

2025-01-22 05:06:03,622 - ERROR - Error in retry logic: column "last_retry" does not exist
LINE 4:             AND (last_retry IS NULL OR last_retry < NOW() - ...
                         ^

2025-01-22 05:07:03,622 - ERROR - Error in retry logic: column "last_retry" does not exist
LINE 4:             AND (last_retry IS NULL OR last_retry < NOW() - ...
                         ^

2025-01-22 05:08:03,623 - ERROR - Error in retry logic: column "last_retry" does not exist
LINE 4:             AND (last_retry IS NULL OR last_retry < NOW() - ...
                         ^

2025-01-22 05:09:03,622 - ERROR - Error in retry logic: column "last_retry" does not exist
LINE 4:             AND (last_retry IS NULL OR last_retry < NOW() - ...
                         ^

2025-01-22 05:10:03,622 - ERROR - Error in retry logic: column "last_retry" does not exist
LINE 4:             AND (last_retry IS NULL OR last_retry < NOW() - ...
                         ^

2025-01-22 05:11:03,622 - ERROR - Error in retry logic: column "last_retry" does not exist
LINE 4:             AND (last_retry IS NULL OR last_retry < NOW() - ...
                         ^

2025-01-22 05:12:03,631 - ERROR - Error in retry logic: column "last_retry" does not exist
LINE 4:             AND (last_retry IS NULL OR last_retry < NOW() - ...
                         ^

2025-01-22 05:13:03,627 - ERROR - Error in retry logic: column "last_retry" does not exist
LINE 4:             AND (last_retry IS NULL OR last_retry < NOW() - ...
                         ^

2025-01-22 05:14:03,627 - ERROR - Error in retry logic: column "last_retry" does not exist
LINE 4:             AND (last_retry IS NULL OR last_retry < NOW() - ...
                         ^

2025-01-22 05:15:03,628 - ERROR - Error in retry logic: column "last_retry" does not exist
LINE 4:             AND (last_retry IS NULL OR last_retry < NOW() - ...
                         ^

2025-01-22 05:16:03,638 - ERROR - Error in retry logic: column "last_retry" does not exist
LINE 4:             AND (last_retry IS NULL OR last_retry < NOW() - ...
                         ^

2025-01-22 05:17:03,634 - ERROR - Error in retry logic: column "last_retry" does not exist
LINE 4:             AND (last_retry IS NULL OR last_retry < NOW() - ...
                         ^

2025-01-22 05:18:03,649 - ERROR - Error in retry logic: column "last_retry" does not exist
LINE 4:             AND (last_retry IS NULL OR last_retry < NOW() - ...
                         ^

2025-01-22 05:19:03,635 - ERROR - Error in retry logic: column "last_retry" does not exist
LINE 4:             AND (last_retry IS NULL OR last_retry < NOW() - ...
                         ^

2025-01-22 05:20:03,654 - ERROR - Error in retry logic: column "last_retry" does not exist
LINE 4:             AND (last_retry IS NULL OR last_retry < NOW() - ...
                         ^

2025-01-22 05:21:03,635 - ERROR - Error in retry logic: column "last_retry" does not exist
LINE 4:             AND (last_retry IS NULL OR last_retry < NOW() - ...
                         ^

2025-01-22 05:22:03,635 - ERROR - Error in retry logic: column "last_retry" does not exist
LINE 4:             AND (last_retry IS NULL OR last_retry < NOW() - ...
                         ^

2025-01-22 05:23:03,635 - ERROR - Error in retry logic: column "last_retry" does not exist
LINE 4:             AND (last_retry IS NULL OR last_retry < NOW() - ...
                         ^

2025-01-22 05:24:03,635 - ERROR - Error in retry logic: column "last_retry" does not exist
LINE 4:             AND (last_retry IS NULL OR last_retry < NOW() - ...
                         ^

2025-01-22 05:25:03,635 - ERROR - Error in retry logic: column "last_retry" does not exist
LINE 4:             AND (last_retry IS NULL OR last_retry < NOW() - ...
                         ^

2025-01-22 05:26:03,635 - ERROR - Error in retry logic: column "last_retry" does not exist
LINE 4:             AND (last_retry IS NULL OR last_retry < NOW() - ...
                         ^

2025-01-22 05:27:03,638 - ERROR - Error in retry logic: column "last_retry" does not exist
LINE 4:             AND (last_retry IS NULL OR last_retry < NOW() - ...
                         ^

2025-01-22 05:28:03,641 - ERROR - Error in retry logic: column "last_retry" does not exist
LINE 4:             AND (last_retry IS NULL OR last_retry < NOW() - ...
                         ^

2025-01-22 05:29:03,641 - ERROR - Error in retry logic: column "last_retry" does not exist
LINE 4:             AND (last_retry IS NULL OR last_retry < NOW() - ...
                         ^

2025-01-22 05:30:03,655 - ERROR - Error in retry logic: column "last_retry" does not exist
LINE 4:             AND (last_retry IS NULL OR last_retry < NOW() - ...
                         ^

2025-01-22 05:31:03,648 - ERROR - Error in retry logic: column "last_retry" does not exist
LINE 4:             AND (last_retry IS NULL OR last_retry < NOW() - ...
                         ^

2025-01-22 05:32:03,650 - ERROR - Error in retry logic: column "last_retry" does not exist
LINE 4:             AND (last_retry IS NULL OR last_retry < NOW() - ...
                         ^

2025-01-22 05:33:03,649 - ERROR - Error in retry logic: column "last_retry" does not exist
LINE 4:             AND (last_retry IS NULL OR last_retry < NOW() - ...
                         ^

2025-01-22 05:34:03,650 - ERROR - Error in retry logic: column "last_retry" does not exist
LINE 4:             AND (last_retry IS NULL OR last_retry < NOW() - ...
                         ^

2025-01-22 05:35:03,650 - ERROR - Error in retry logic: column "last_retry" does not exist
LINE 4:             AND (last_retry IS NULL OR last_retry < NOW() - ...
                         ^

2025-01-22 05:36:03,649 - ERROR - Error in retry logic: column "last_retry" does not exist
LINE 4:             AND (last_retry IS NULL OR last_retry < NOW() - ...
                         ^

2025-01-22 05:37:03,649 - ERROR - Error in retry logic: column "last_retry" does not exist
LINE 4:             AND (last_retry IS NULL OR last_retry < NOW() - ...
                         ^

2025-01-22 05:38:03,649 - ERROR - Error in retry logic: column "last_retry" does not exist
LINE 4:             AND (last_retry IS NULL OR last_retry < NOW() - ...
                         ^

2025-01-22 05:39:03,660 - ERROR - Error in retry logic: column "last_retry" does not exist
LINE 4:             AND (last_retry IS NULL OR last_retry < NOW() - ...
                         ^

2025-01-22 05:40:03,658 - ERROR - Error in retry logic: column "last_retry" does not exist
LINE 4:             AND (last_retry IS NULL OR last_retry < NOW() - ...
                         ^

2025-01-22 05:41:03,658 - ERROR - Error in retry logic: column "last_retry" does not exist
LINE 4:             AND (last_retry IS NULL OR last_retry < NOW() - ...
                         ^

2025-01-22 05:42:03,658 - ERROR - Error in retry logic: column "last_retry" does not exist
LINE 4:             AND (last_retry IS NULL OR last_retry < NOW() - ...
                         ^

2025-01-22 05:43:03,666 - ERROR - Error in retry logic: column "last_retry" does not exist
LINE 4:             AND (last_retry IS NULL OR last_retry < NOW() - ...
                         ^

2025-01-22 05:44:03,664 - ERROR - Error in retry logic: column "last_retry" does not exist
LINE 4:             AND (last_retry IS NULL OR last_retry < NOW() - ...
                         ^

2025-01-22 05:45:03,661 - ERROR - Error in retry logic: column "last_retry" does not exist
LINE 4:             AND (last_retry IS NULL OR last_retry < NOW() - ...
                         ^

2025-01-22 05:46:03,662 - ERROR - Error in retry logic: column "last_retry" does not exist
LINE 4:             AND (last_retry IS NULL OR last_retry < NOW() - ...
                         ^

2025-01-22 05:47:03,663 - ERROR - Error in retry logic: column "last_retry" does not exist
LINE 4:             AND (last_retry IS NULL OR last_retry < NOW() - ...
                         ^

2025-01-22 05:48:03,663 - ERROR - Error in retry logic: column "last_retry" does not exist
LINE 4:             AND (last_retry IS NULL OR last_retry < NOW() - ...
                         ^

2025-01-22 05:49:03,661 - ERROR - Error in retry logic: column "last_retry" does not exist
LINE 4:             AND (last_retry IS NULL OR last_retry < NOW() - ...
                         ^

2025-01-22 05:50:03,661 - ERROR - Error in retry logic: column "last_retry" does not exist
LINE 4:             AND (last_retry IS NULL OR last_retry < NOW() - ...
                         ^

2025-01-22 05:51:03,661 - ERROR - Error in retry logic: column "last_retry" does not exist
LINE 4:             AND (last_retry IS NULL OR last_retry < NOW() - ...
                         ^

2025-01-22 05:52:03,663 - ERROR - Error in retry logic: column "last_retry" does not exist
LINE 4:             AND (last_retry IS NULL OR last_retry < NOW() - ...
                         ^

2025-01-22 05:53:03,665 - ERROR - Error in retry logic: column "last_retry" does not exist
LINE 4:             AND (last_retry IS NULL OR last_retry < NOW() - ...
                         ^

2025-01-22 05:54:03,661 - ERROR - Error in retry logic: column "last_retry" does not exist
LINE 4:             AND (last_retry IS NULL OR last_retry < NOW() - ...
                         ^

2025-01-22 05:55:03,662 - ERROR - Error in retry logic: column "last_retry" does not exist
LINE 4:             AND (last_retry IS NULL OR last_retry < NOW() - ...
                         ^

2025-01-22 05:56:03,661 - ERROR - Error in retry logic: column "last_retry" does not exist
LINE 4:             AND (last_retry IS NULL OR last_retry < NOW() - ...
                         ^

2025-01-22 05:57:03,662 - ERROR - Error in retry logic: column "last_retry" does not exist
LINE 4:             AND (last_retry IS NULL OR last_retry < NOW() - ...
                         ^

2025-01-22 05:58:03,662 - ERROR - Error in retry logic: column "last_retry" does not exist
LINE 4:             AND (last_retry IS NULL OR last_retry < NOW() - ...
                         ^

2025-01-22 05:59:03,663 - ERROR - Error in retry logic: column "last_retry" does not exist
LINE 4:             AND (last_retry IS NULL OR last_retry < NOW() - ...
                         ^

2025-01-22 06:00:03,664 - ERROR - Error in retry logic: column "last_retry" does not exist
LINE 4:             AND (last_retry IS NULL OR last_retry < NOW() - ...
                         ^

2025-01-22 06:01:03,670 - ERROR - Error in retry logic: column "last_retry" does not exist
LINE 4:             AND (last_retry IS NULL OR last_retry < NOW() - ...
                         ^

2025-01-22 06:02:03,674 - ERROR - Error in retry logic: column "last_retry" does not exist
LINE 4:             AND (last_retry IS NULL OR last_retry < NOW() - ...
                         ^

2025-01-22 06:03:03,682 - ERROR - Error in retry logic: column "last_retry" does not exist
LINE 4:             AND (last_retry IS NULL OR last_retry < NOW() - ...
                         ^

2025-01-22 06:04:03,670 - ERROR - Error in retry logic: column "last_retry" does not exist
LINE 4:             AND (last_retry IS NULL OR last_retry < NOW() - ...
                         ^

2025-01-22 06:05:03,674 - ERROR - Error in retry logic: column "last_retry" does not exist
LINE 4:             AND (last_retry IS NULL OR last_retry < NOW() - ...
                         ^

2025-01-22 06:06:03,680 - ERROR - Error in retry logic: column "last_retry" does not exist
LINE 4:             AND (last_retry IS NULL OR last_retry < NOW() - ...
                         ^

2025-01-22 06:07:03,683 - ERROR - Error in retry logic: column "last_retry" does not exist
LINE 4:             AND (last_retry IS NULL OR last_retry < NOW() - ...
                         ^

2025-01-22 06:08:03,683 - ERROR - Error in retry logic: column "last_retry" does not exist
LINE 4:             AND (last_retry IS NULL OR last_retry < NOW() - ...
                         ^

2025-01-22 06:09:03,683 - ERROR - Error in retry logic: column "last_retry" does not exist
LINE 4:             AND (last_retry IS NULL OR last_retry < NOW() - ...
                         ^

2025-01-22 06:10:03,683 - ERROR - Error in retry logic: column "last_retry" does not exist
LINE 4:             AND (last_retry IS NULL OR last_retry < NOW() - ...
                         ^

2025-01-22 06:11:03,685 - ERROR - Error in retry logic: column "last_retry" does not exist
LINE 4:             AND (last_retry IS NULL OR last_retry < NOW() - ...
                         ^

2025-01-22 06:12:03,687 - ERROR - Error in retry logic: column "last_retry" does not exist
LINE 4:             AND (last_retry IS NULL OR last_retry < NOW() - ...
                         ^

2025-01-22 06:13:03,685 - ERROR - Error in retry logic: column "last_retry" does not exist
LINE 4:             AND (last_retry IS NULL OR last_retry < NOW() - ...
                         ^

2025-01-22 06:14:03,685 - ERROR - Error in retry logic: column "last_retry" does not exist
LINE 4:             AND (last_retry IS NULL OR last_retry < NOW() - ...
                         ^

2025-01-22 06:15:03,685 - ERROR - Error in retry logic: column "last_retry" does not exist
LINE 4:             AND (last_retry IS NULL OR last_retry < NOW() - ...
                         ^

2025-01-22 06:16:03,685 - ERROR - Error in retry logic: column "last_retry" does not exist
LINE 4:             AND (last_retry IS NULL OR last_retry < NOW() - ...
                         ^

2025-01-22 06:17:03,687 - ERROR - Error in retry logic: column "last_retry" does not exist
LINE 4:             AND (last_retry IS NULL OR last_retry < NOW() - ...
                         ^

2025-01-22 06:19:40,884 - ERROR - General error: Could not connect to the endpoint URL: "https://dynamodb.ap-south-1.amazonaws.com/"
2025-01-22 06:19:40,891 - ERROR - Error in retry logic: column "last_retry" does not exist
LINE 4:             AND (last_retry IS NULL OR last_retry < NOW() - ...
                         ^

2025-01-22 06:20:40,891 - ERROR - Error in retry logic: column "last_retry" does not exist
LINE 4:             AND (last_retry IS NULL OR last_retry < NOW() - ...
                         ^

2025-01-22 06:21:40,891 - ERROR - Error in retry logic: column "last_retry" does not exist
LINE 4:             AND (last_retry IS NULL OR last_retry < NOW() - ...
                         ^

2025-01-22 06:22:40,893 - ERROR - Error in retry logic: column "last_retry" does not exist
LINE 4:             AND (last_retry IS NULL OR last_retry < NOW() - ...
                         ^

2025-01-22 06:23:40,891 - ERROR - Error in retry logic: column "last_retry" does not exist
LINE 4:             AND (last_retry IS NULL OR last_retry < NOW() - ...
                         ^

2025-01-22 06:24:40,894 - ERROR - Error in retry logic: column "last_retry" does not exist
LINE 4:             AND (last_retry IS NULL OR last_retry < NOW() - ...
                         ^

2025-01-22 06:25:40,892 - ERROR - Error in retry logic: column "last_retry" does not exist
LINE 4:             AND (last_retry IS NULL OR last_retry < NOW() - ...
                         ^

2025-01-22 06:26:40,892 - ERROR - Error in retry logic: column "last_retry" does not exist
LINE 4:             AND (last_retry IS NULL OR last_retry < NOW() - ...
                         ^

2025-01-22 06:27:40,892 - ERROR - Error in retry logic: column "last_retry" does not exist
LINE 4:             AND (last_retry IS NULL OR last_retry < NOW() - ...
                         ^

2025-01-22 06:28:40,895 - ERROR - Error in retry logic: column "last_retry" does not exist
LINE 4:             AND (last_retry IS NULL OR last_retry < NOW() - ...
                         ^

2025-01-22 06:29:40,896 - ERROR - Error in retry logic: column "last_retry" does not exist
LINE 4:             AND (last_retry IS NULL OR last_retry < NOW() - ...
                         ^

2025-01-22 06:30:40,895 - ERROR - Error in retry logic: column "last_retry" does not exist
LINE 4:             AND (last_retry IS NULL OR last_retry < NOW() - ...
                         ^

2025-01-22 06:31:40,896 - ERROR - Error in retry logic: column "last_retry" does not exist
LINE 4:             AND (last_retry IS NULL OR last_retry < NOW() - ...
                         ^

2025-01-22 06:32:40,896 - ERROR - Error in retry logic: column "last_retry" does not exist
LINE 4:             AND (last_retry IS NULL OR last_retry < NOW() - ...
                         ^

2025-01-22 06:33:40,895 - ERROR - Error in retry logic: column "last_retry" does not exist
LINE 4:             AND (last_retry IS NULL OR last_retry < NOW() - ...
                         ^

2025-01-22 06:34:40,896 - ERROR - Error in retry logic: column "last_retry" does not exist
LINE 4:             AND (last_retry IS NULL OR last_retry < NOW() - ...
                         ^

2025-01-22 06:35:40,895 - ERROR - Error in retry logic: column "last_retry" does not exist
LINE 4:             AND (last_retry IS NULL OR last_retry < NOW() - ...
                         ^

2025-01-22 06:36:40,896 - ERROR - Error in retry logic: column "last_retry" does not exist
LINE 4:             AND (last_retry IS NULL OR last_retry < NOW() - ...
                         ^

2025-01-22 06:37:40,896 - ERROR - Error in retry logic: column "last_retry" does not exist
LINE 4:             AND (last_retry IS NULL OR last_retry < NOW() - ...
                         ^

2025-01-22 06:38:40,895 - ERROR - Error in retry logic: column "last_retry" does not exist
LINE 4:             AND (last_retry IS NULL OR last_retry < NOW() - ...
                         ^

2025-01-22 06:39:40,901 - ERROR - Error in retry logic: column "last_retry" does not exist
LINE 4:             AND (last_retry IS NULL OR last_retry < NOW() - ...
                         ^

2025-01-22 06:40:40,898 - ERROR - Error in retry logic: column "last_retry" does not exist
LINE 4:             AND (last_retry IS NULL OR last_retry < NOW() - ...
                         ^

2025-01-22 06:41:40,898 - ERROR - Error in retry logic: column "last_retry" does not exist
LINE 4:             AND (last_retry IS NULL OR last_retry < NOW() - ...
                         ^

2025-01-22 06:42:40,914 - ERROR - Error in retry logic: column "last_retry" does not exist
LINE 4:             AND (last_retry IS NULL OR last_retry < NOW() - ...
                         ^

2025-01-22 06:43:40,907 - ERROR - Error in retry logic: column "last_retry" does not exist
LINE 4:             AND (last_retry IS NULL OR last_retry < NOW() - ...
                         ^

2025-01-22 06:44:40,910 - ERROR - Error in retry logic: column "last_retry" does not exist
LINE 4:             AND (last_retry IS NULL OR last_retry < NOW() - ...
                         ^

2025-01-22 06:45:40,909 - ERROR - Error in retry logic: column "last_retry" does not exist
LINE 4:             AND (last_retry IS NULL OR last_retry < NOW() - ...
                         ^

2025-01-22 06:46:40,909 - ERROR - Error in retry logic: column "last_retry" does not exist
LINE 4:             AND (last_retry IS NULL OR last_retry < NOW() - ...
                         ^

2025-01-22 06:47:40,909 - ERROR - Error in retry logic: column "last_retry" does not exist
LINE 4:             AND (last_retry IS NULL OR last_retry < NOW() - ...
                         ^

2025-01-22 06:48:40,909 - ERROR - Error in retry logic: column "last_retry" does not exist
LINE 4:             AND (last_retry IS NULL OR last_retry < NOW() - ...
                         ^

2025-01-22 06:49:40,917 - ERROR - Error in retry logic: column "last_retry" does not exist
LINE 4:             AND (last_retry IS NULL OR last_retry < NOW() - ...
                         ^

2025-01-22 06:50:40,914 - ERROR - Error in retry logic: column "last_retry" does not exist
LINE 4:             AND (last_retry IS NULL OR last_retry < NOW() - ...
                         ^

2025-01-22 06:51:40,909 - ERROR - Error in retry logic: column "last_retry" does not exist
LINE 4:             AND (last_retry IS NULL OR last_retry < NOW() - ...
                         ^

2025-01-22 06:52:40,911 - ERROR - Error in retry logic: column "last_retry" does not exist
LINE 4:             AND (last_retry IS NULL OR last_retry < NOW() - ...
                         ^

2025-01-22 06:53:40,909 - ERROR - Error in retry logic: column "last_retry" does not exist
LINE 4:             AND (last_retry IS NULL OR last_retry < NOW() - ...
                         ^

2025-01-22 06:54:40,918 - ERROR - Error in retry logic: column "last_retry" does not exist
LINE 4:             AND (last_retry IS NULL OR last_retry < NOW() - ...
                         ^

2025-01-22 06:55:40,916 - ERROR - Error in retry logic: column "last_retry" does not exist
LINE 4:             AND (last_retry IS NULL OR last_retry < NOW() - ...
                         ^

2025-01-22 06:56:40,916 - ERROR - Error in retry logic: column "last_retry" does not exist
LINE 4:             AND (last_retry IS NULL OR last_retry < NOW() - ...
                         ^

2025-01-22 06:57:40,918 - ERROR - Error in retry logic: column "last_retry" does not exist
LINE 4:             AND (last_retry IS NULL OR last_retry < NOW() - ...
                         ^

2025-01-22 06:58:40,916 - ERROR - Error in retry logic: column "last_retry" does not exist
LINE 4:             AND (last_retry IS NULL OR last_retry < NOW() - ...
                         ^

2025-01-22 06:59:40,916 - ERROR - Error in retry logic: column "last_retry" does not exist
LINE 4:             AND (last_retry IS NULL OR last_retry < NOW() - ...
                         ^

2025-01-22 07:00:40,916 - ERROR - Error in retry logic: column "last_retry" does not exist
LINE 4:             AND (last_retry IS NULL OR last_retry < NOW() - ...
                         ^

2025-01-22 07:01:40,916 - ERROR - Error in retry logic: column "last_retry" does not exist
LINE 4:             AND (last_retry IS NULL OR last_retry < NOW() - ...
                         ^

2025-01-22 07:02:40,916 - ERROR - Error in retry logic: column "last_retry" does not exist
LINE 4:             AND (last_retry IS NULL OR last_retry < NOW() - ...
                         ^

2025-01-22 07:03:40,916 - ERROR - Error in retry logic: column "last_retry" does not exist
LINE 4:             AND (last_retry IS NULL OR last_retry < NOW() - ...
                         ^

2025-01-22 07:04:40,916 - ERROR - Error in retry logic: column "last_retry" does not exist
LINE 4:             AND (last_retry IS NULL OR last_retry < NOW() - ...
                         ^

2025-01-22 07:05:40,919 - ERROR - Error in retry logic: column "last_retry" does not exist
LINE 4:             AND (last_retry IS NULL OR last_retry < NOW() - ...
                         ^

2025-01-22 07:06:40,916 - ERROR - Error in retry logic: column "last_retry" does not exist
LINE 4:             AND (last_retry IS NULL OR last_retry < NOW() - ...
                         ^

2025-01-22 07:07:40,916 - ERROR - Error in retry logic: column "last_retry" does not exist
LINE 4:             AND (last_retry IS NULL OR last_retry < NOW() - ...
                         ^

2025-01-22 07:08:40,916 - ERROR - Error in retry logic: column "last_retry" does not exist
LINE 4:             AND (last_retry IS NULL OR last_retry < NOW() - ...
                         ^

2025-01-22 07:09:40,916 - ERROR - Error in retry logic: column "last_retry" does not exist
LINE 4:             AND (last_retry IS NULL OR last_retry < NOW() - ...
                         ^

2025-01-22 07:10:40,916 - ERROR - Error in retry logic: column "last_retry" does not exist
LINE 4:             AND (last_retry IS NULL OR last_retry < NOW() - ...
                         ^

2025-01-22 07:11:40,916 - ERROR - Error in retry logic: column "last_retry" does not exist
LINE 4:             AND (last_retry IS NULL OR last_retry < NOW() - ...
                         ^

2025-01-22 07:12:40,916 - ERROR - Error in retry logic: column "last_retry" does not exist
LINE 4:             AND (last_retry IS NULL OR last_retry < NOW() - ...
                         ^

2025-01-22 07:13:40,916 - ERROR - Error in retry logic: column "last_retry" does not exist
LINE 4:             AND (last_retry IS NULL OR last_retry < NOW() - ...
                         ^

2025-01-22 07:14:40,916 - ERROR - Error in retry logic: column "last_retry" does not exist
LINE 4:             AND (last_retry IS NULL OR last_retry < NOW() - ...
                         ^

2025-01-22 07:15:40,918 - ERROR - Error in retry logic: column "last_retry" does not exist
LINE 4:             AND (last_retry IS NULL OR last_retry < NOW() - ...
                         ^

2025-01-22 07:16:40,917 - ERROR - Error in retry logic: column "last_retry" does not exist
LINE 4:             AND (last_retry IS NULL OR last_retry < NOW() - ...
                         ^

2025-01-22 07:17:40,917 - ERROR - Error in retry logic: column "last_retry" does not exist
LINE 4:             AND (last_retry IS NULL OR last_retry < NOW() - ...
                         ^

2025-01-22 07:18:40,917 - ERROR - Error in retry logic: column "last_retry" does not exist
LINE 4:             AND (last_retry IS NULL OR last_retry < NOW() - ...
                         ^

2025-01-22 07:19:40,917 - ERROR - Error in retry logic: column "last_retry" does not exist
LINE 4:             AND (last_retry IS NULL OR last_retry < NOW() - ...
                         ^

2025-01-22 07:20:40,917 - ERROR - Error in retry logic: column "last_retry" does not exist
LINE 4:             AND (last_retry IS NULL OR last_retry < NOW() - ...
                         ^

2025-01-22 07:21:40,917 - ERROR - Error in retry logic: column "last_retry" does not exist
LINE 4:             AND (last_retry IS NULL OR last_retry < NOW() - ...
                         ^

2025-01-22 07:22:40,926 - ERROR - Error in retry logic: column "last_retry" does not exist
LINE 4:             AND (last_retry IS NULL OR last_retry < NOW() - ...
                         ^

2025-01-22 07:23:40,926 - ERROR - Error in retry logic: column "last_retry" does not exist
LINE 4:             AND (last_retry IS NULL OR last_retry < NOW() - ...
                         ^

2025-01-22 07:24:40,929 - ERROR - Error in retry logic: column "last_retry" does not exist
LINE 4:             AND (last_retry IS NULL OR last_retry < NOW() - ...
                         ^

2025-01-22 07:25:40,927 - ERROR - Error in retry logic: column "last_retry" does not exist
LINE 4:             AND (last_retry IS NULL OR last_retry < NOW() - ...
                         ^

2025-01-22 07:26:40,927 - ERROR - Error in retry logic: column "last_retry" does not exist
LINE 4:             AND (last_retry IS NULL OR last_retry < NOW() - ...
                         ^

2025-01-22 07:27:40,930 - ERROR - Error in retry logic: column "last_retry" does not exist
LINE 4:             AND (last_retry IS NULL OR last_retry < NOW() - ...
                         ^

2025-01-22 07:28:40,927 - ERROR - Error in retry logic: column "last_retry" does not exist
LINE 4:             AND (last_retry IS NULL OR last_retry < NOW() - ...
                         ^

2025-01-22 07:29:40,928 - ERROR - Error in retry logic: column "last_retry" does not exist
LINE 4:             AND (last_retry IS NULL OR last_retry < NOW() - ...
                         ^

2025-01-22 07:30:40,929 - ERROR - Error in retry logic: column "last_retry" does not exist
LINE 4:             AND (last_retry IS NULL OR last_retry < NOW() - ...
                         ^

2025-01-22 07:31:40,928 - ERROR - Error in retry logic: column "last_retry" does not exist
LINE 4:             AND (last_retry IS NULL OR last_retry < NOW() - ...
                         ^

2025-01-22 07:32:40,928 - ERROR - Error in retry logic: column "last_retry" does not exist
LINE 4:             AND (last_retry IS NULL OR last_retry < NOW() - ...
                         ^

2025-01-22 07:33:40,929 - ERROR - Error in retry logic: column "last_retry" does not exist
LINE 4:             AND (last_retry IS NULL OR last_retry < NOW() - ...
                         ^

2025-01-22 07:34:40,928 - ERROR - Error in retry logic: column "last_retry" does not exist
LINE 4:             AND (last_retry IS NULL OR last_retry < NOW() - ...
                         ^

2025-01-22 07:35:40,928 - ERROR - Error in retry logic: column "last_retry" does not exist
LINE 4:             AND (last_retry IS NULL OR last_retry < NOW() - ...
                         ^

2025-01-22 07:36:40,928 - ERROR - Error in retry logic: column "last_retry" does not exist
LINE 4:             AND (last_retry IS NULL OR last_retry < NOW() - ...
                         ^

2025-01-22 07:37:40,928 - ERROR - Error in retry logic: column "last_retry" does not exist
LINE 4:             AND (last_retry IS NULL OR last_retry < NOW() - ...
                         ^

2025-01-22 07:38:40,928 - ERROR - Error in retry logic: column "last_retry" does not exist
LINE 4:             AND (last_retry IS NULL OR last_retry < NOW() - ...
                         ^

2025-01-22 07:39:40,928 - ERROR - Error in retry logic: column "last_retry" does not exist
LINE 4:             AND (last_retry IS NULL OR last_retry < NOW() - ...
                         ^

2025-01-22 07:40:40,928 - ERROR - Error in retry logic: column "last_retry" does not exist
LINE 4:             AND (last_retry IS NULL OR last_retry < NOW() - ...
                         ^

2025-01-22 07:41:40,928 - ERROR - Error in retry logic: column "last_retry" does not exist
LINE 4:             AND (last_retry IS NULL OR last_retry < NOW() - ...
                         ^

2025-01-22 07:42:40,928 - ERROR - Error in retry logic: column "last_retry" does not exist
LINE 4:             AND (last_retry IS NULL OR last_retry < NOW() - ...
                         ^

2025-01-22 07:43:40,928 - ERROR - Error in retry logic: column "last_retry" does not exist
LINE 4:             AND (last_retry IS NULL OR last_retry < NOW() - ...
                         ^

2025-01-22 07:44:40,928 - ERROR - Error in retry logic: column "last_retry" does not exist
LINE 4:             AND (last_retry IS NULL OR last_retry < NOW() - ...
                         ^

2025-01-22 07:45:40,928 - ERROR - Error in retry logic: column "last_retry" does not exist
LINE 4:             AND (last_retry IS NULL OR last_retry < NOW() - ...
                         ^

2025-01-22 07:46:40,931 - ERROR - Error in retry logic: column "last_retry" does not exist
LINE 4:             AND (last_retry IS NULL OR last_retry < NOW() - ...
                         ^

2025-01-22 07:47:40,928 - ERROR - Error in retry logic: column "last_retry" does not exist
LINE 4:             AND (last_retry IS NULL OR last_retry < NOW() - ...
                         ^

2025-01-22 07:48:40,928 - ERROR - Error in retry logic: column "last_retry" does not exist
LINE 4:             AND (last_retry IS NULL OR last_retry < NOW() - ...
                         ^

2025-01-22 07:49:40,928 - ERROR - Error in retry logic: column "last_retry" does not exist
LINE 4:             AND (last_retry IS NULL OR last_retry < NOW() - ...
                         ^

2025-01-22 07:50:40,928 - ERROR - Error in retry logic: column "last_retry" does not exist
LINE 4:             AND (last_retry IS NULL OR last_retry < NOW() - ...
                         ^

2025-01-22 07:51:40,928 - ERROR - Error in retry logic: column "last_retry" does not exist
LINE 4:             AND (last_retry IS NULL OR last_retry < NOW() - ...
                         ^

2025-01-22 07:52:40,930 - ERROR - Error in retry logic: column "last_retry" does not exist
LINE 4:             AND (last_retry IS NULL OR last_retry < NOW() - ...
                         ^

2025-01-22 07:53:40,928 - ERROR - Error in retry logic: column "last_retry" does not exist
LINE 4:             AND (last_retry IS NULL OR last_retry < NOW() - ...
                         ^

2025-01-22 07:54:40,928 - ERROR - Error in retry logic: column "last_retry" does not exist
LINE 4:             AND (last_retry IS NULL OR last_retry < NOW() - ...
                         ^

2025-01-22 07:55:40,928 - ERROR - Error in retry logic: column "last_retry" does not exist
LINE 4:             AND (last_retry IS NULL OR last_retry < NOW() - ...
                         ^

2025-01-22 07:56:40,928 - ERROR - Error in retry logic: column "last_retry" does not exist
LINE 4:             AND (last_retry IS NULL OR last_retry < NOW() - ...
                         ^

2025-01-22 07:57:40,928 - ERROR - Error in retry logic: column "last_retry" does not exist
LINE 4:             AND (last_retry IS NULL OR last_retry < NOW() - ...
                         ^

2025-01-22 07:58:40,928 - ERROR - Error in retry logic: column "last_retry" does not exist
LINE 4:             AND (last_retry IS NULL OR last_retry < NOW() - ...
                         ^

2025-01-22 07:59:40,929 - ERROR - Error in retry logic: column "last_retry" does not exist
LINE 4:             AND (last_retry IS NULL OR last_retry < NOW() - ...
                         ^

2025-01-22 08:00:40,928 - ERROR - Error in retry logic: column "last_retry" does not exist
LINE 4:             AND (last_retry IS NULL OR last_retry < NOW() - ...
                         ^

2025-01-22 08:01:40,928 - ERROR - Error in retry logic: column "last_retry" does not exist
LINE 4:             AND (last_retry IS NULL OR last_retry < NOW() - ...
                         ^

2025-01-22 08:02:40,928 - ERROR - Error in retry logic: column "last_retry" does not exist
LINE 4:             AND (last_retry IS NULL OR last_retry < NOW() - ...
                         ^

2025-01-22 08:03:40,928 - ERROR - Error in retry logic: column "last_retry" does not exist
LINE 4:             AND (last_retry IS NULL OR last_retry < NOW() - ...
                         ^

2025-01-22 08:04:40,928 - ERROR - Error in retry logic: column "last_retry" does not exist
LINE 4:             AND (last_retry IS NULL OR last_retry < NOW() - ...
                         ^

2025-01-22 08:05:40,928 - ERROR - Error in retry logic: column "last_retry" does not exist
LINE 4:             AND (last_retry IS NULL OR last_retry < NOW() - ...
                         ^

2025-01-22 08:06:40,934 - ERROR - Error in retry logic: column "last_retry" does not exist
LINE 4:             AND (last_retry IS NULL OR last_retry < NOW() - ...
                         ^

2025-01-22 08:07:40,928 - ERROR - Error in retry logic: column "last_retry" does not exist
LINE 4:             AND (last_retry IS NULL OR last_retry < NOW() - ...
                         ^

2025-01-22 08:08:40,930 - ERROR - Error in retry logic: column "last_retry" does not exist
LINE 4:             AND (last_retry IS NULL OR last_retry < NOW() - ...
                         ^

2025-01-22 08:09:40,930 - ERROR - Error in retry logic: column "last_retry" does not exist
LINE 4:             AND (last_retry IS NULL OR last_retry < NOW() - ...
                         ^

2025-01-22 08:10:40,930 - ERROR - Error in retry logic: column "last_retry" does not exist
LINE 4:             AND (last_retry IS NULL OR last_retry < NOW() - ...
                         ^

2025-01-22 08:11:40,931 - ERROR - Error in retry logic: column "last_retry" does not exist
LINE 4:             AND (last_retry IS NULL OR last_retry < NOW() - ...
                         ^

2025-01-22 08:12:40,930 - ERROR - Error in retry logic: column "last_retry" does not exist
LINE 4:             AND (last_retry IS NULL OR last_retry < NOW() - ...
                         ^

2025-01-22 08:13:40,931 - ERROR - Error in retry logic: column "last_retry" does not exist
LINE 4:             AND (last_retry IS NULL OR last_retry < NOW() - ...
                         ^

2025-01-22 08:14:40,931 - ERROR - Error in retry logic: column "last_retry" does not exist
LINE 4:             AND (last_retry IS NULL OR last_retry < NOW() - ...
                         ^

2025-01-22 08:15:40,931 - ERROR - Error in retry logic: column "last_retry" does not exist
LINE 4:             AND (last_retry IS NULL OR last_retry < NOW() - ...
                         ^

2025-01-22 08:16:40,931 - ERROR - Error in retry logic: column "last_retry" does not exist
LINE 4:             AND (last_retry IS NULL OR last_retry < NOW() - ...
                         ^

2025-01-22 08:17:40,930 - ERROR - Error in retry logic: column "last_retry" does not exist
LINE 4:             AND (last_retry IS NULL OR last_retry < NOW() - ...
                         ^

2025-01-22 08:18:40,930 - ERROR - Error in retry logic: column "last_retry" does not exist
LINE 4:             AND (last_retry IS NULL OR last_retry < NOW() - ...
                         ^

2025-01-22 08:19:40,930 - ERROR - Error in retry logic: column "last_retry" does not exist
LINE 4:             AND (last_retry IS NULL OR last_retry < NOW() - ...
                         ^

2025-01-22 08:20:40,931 - ERROR - Error in retry logic: column "last_retry" does not exist
LINE 4:             AND (last_retry IS NULL OR last_retry < NOW() - ...
                         ^

2025-01-22 08:21:40,931 - ERROR - Error in retry logic: column "last_retry" does not exist
LINE 4:             AND (last_retry IS NULL OR last_retry < NOW() - ...
                         ^

2025-01-22 08:22:40,930 - ERROR - Error in retry logic: column "last_retry" does not exist
LINE 4:             AND (last_retry IS NULL OR last_retry < NOW() - ...
                         ^

2025-01-22 08:23:40,931 - ERROR - Error in retry logic: column "last_retry" does not exist
LINE 4:             AND (last_retry IS NULL OR last_retry < NOW() - ...
                         ^

2025-01-22 08:24:40,940 - ERROR - Error in retry logic: column "last_retry" does not exist
LINE 4:             AND (last_retry IS NULL OR last_retry < NOW() - ...
                         ^

2025-01-22 08:25:40,938 - ERROR - Error in retry logic: column "last_retry" does not exist
LINE 4:             AND (last_retry IS NULL OR last_retry < NOW() - ...
                         ^

2025-01-22 08:26:40,938 - ERROR - Error in retry logic: column "last_retry" does not exist
LINE 4:             AND (last_retry IS NULL OR last_retry < NOW() - ...
                         ^

2025-01-22 08:27:40,939 - ERROR - Error in retry logic: column "last_retry" does not exist
LINE 4:             AND (last_retry IS NULL OR last_retry < NOW() - ...
                         ^

2025-01-22 08:28:40,938 - ERROR - Error in retry logic: column "last_retry" does not exist
LINE 4:             AND (last_retry IS NULL OR last_retry < NOW() - ...
                         ^

2025-01-22 08:29:40,939 - ERROR - Error in retry logic: column "last_retry" does not exist
LINE 4:             AND (last_retry IS NULL OR last_retry < NOW() - ...
                         ^

2025-01-22 08:30:40,938 - ERROR - Error in retry logic: column "last_retry" does not exist
LINE 4:             AND (last_retry IS NULL OR last_retry < NOW() - ...
                         ^

2025-01-22 08:31:40,938 - ERROR - Error in retry logic: column "last_retry" does not exist
LINE 4:             AND (last_retry IS NULL OR last_retry < NOW() - ...
                         ^

2025-01-22 08:32:40,939 - ERROR - Error in retry logic: column "last_retry" does not exist
LINE 4:             AND (last_retry IS NULL OR last_retry < NOW() - ...
                         ^

2025-01-22 08:33:40,938 - ERROR - Error in retry logic: column "last_retry" does not exist
LINE 4:             AND (last_retry IS NULL OR last_retry < NOW() - ...
                         ^

2025-01-22 08:34:40,939 - ERROR - Error in retry logic: column "last_retry" does not exist
LINE 4:             AND (last_retry IS NULL OR last_retry < NOW() - ...
                         ^

2025-01-22 08:35:40,946 - ERROR - Error in retry logic: column "last_retry" does not exist
LINE 4:             AND (last_retry IS NULL OR last_retry < NOW() - ...
                         ^

2025-01-22 08:36:40,938 - ERROR - Error in retry logic: column "last_retry" does not exist
LINE 4:             AND (last_retry IS NULL OR last_retry < NOW() - ...
                         ^

2025-01-22 08:37:40,938 - ERROR - Error in retry logic: column "last_retry" does not exist
LINE 4:             AND (last_retry IS NULL OR last_retry < NOW() - ...
                         ^

2025-01-22 08:38:40,939 - ERROR - Error in retry logic: column "last_retry" does not exist
LINE 4:             AND (last_retry IS NULL OR last_retry < NOW() - ...
                         ^

2025-01-22 08:39:40,938 - ERROR - Error in retry logic: column "last_retry" does not exist
LINE 4:             AND (last_retry IS NULL OR last_retry < NOW() - ...
                         ^

2025-01-22 08:40:40,938 - ERROR - Error in retry logic: column "last_retry" does not exist
LINE 4:             AND (last_retry IS NULL OR last_retry < NOW() - ...
                         ^

2025-01-22 08:41:40,940 - ERROR - Error in retry logic: column "last_retry" does not exist
LINE 4:             AND (last_retry IS NULL OR last_retry < NOW() - ...
                         ^

2025-01-22 08:42:40,948 - ERROR - Error in retry logic: column "last_retry" does not exist
LINE 4:             AND (last_retry IS NULL OR last_retry < NOW() - ...
                         ^

2025-01-22 08:43:40,945 - ERROR - Error in retry logic: column "last_retry" does not exist
LINE 4:             AND (last_retry IS NULL OR last_retry < NOW() - ...
                         ^

2025-01-22 08:44:40,945 - ERROR - Error in retry logic: column "last_retry" does not exist
LINE 4:             AND (last_retry IS NULL OR last_retry < NOW() - ...
                         ^

2025-01-22 08:45:40,945 - ERROR - Error in retry logic: column "last_retry" does not exist
LINE 4:             AND (last_retry IS NULL OR last_retry < NOW() - ...
                         ^

2025-01-22 08:46:40,945 - ERROR - Error in retry logic: column "last_retry" does not exist
LINE 4:             AND (last_retry IS NULL OR last_retry < NOW() - ...
                         ^

2025-01-22 08:47:40,945 - ERROR - Error in retry logic: column "last_retry" does not exist
LINE 4:             AND (last_retry IS NULL OR last_retry < NOW() - ...
                         ^

2025-01-22 08:48:40,945 - ERROR - Error in retry logic: column "last_retry" does not exist
LINE 4:             AND (last_retry IS NULL OR last_retry < NOW() - ...
                         ^

2025-01-22 08:49:40,945 - ERROR - Error in retry logic: column "last_retry" does not exist
LINE 4:             AND (last_retry IS NULL OR last_retry < NOW() - ...
                         ^

2025-01-22 08:50:40,945 - ERROR - Error in retry logic: column "last_retry" does not exist
LINE 4:             AND (last_retry IS NULL OR last_retry < NOW() - ...
                         ^

2025-01-22 08:51:40,947 - ERROR - Error in retry logic: column "last_retry" does not exist
LINE 4:             AND (last_retry IS NULL OR last_retry < NOW() - ...
                         ^

2025-01-22 08:52:40,945 - ERROR - Error in retry logic: column "last_retry" does not exist
LINE 4:             AND (last_retry IS NULL OR last_retry < NOW() - ...
                         ^

2025-01-22 08:53:40,945 - ERROR - Error in retry logic: column "last_retry" does not exist
LINE 4:             AND (last_retry IS NULL OR last_retry < NOW() - ...
                         ^

2025-01-22 08:54:40,945 - ERROR - Error in retry logic: column "last_retry" does not exist
LINE 4:             AND (last_retry IS NULL OR last_retry < NOW() - ...
                         ^

2025-01-22 08:55:40,945 - ERROR - Error in retry logic: column "last_retry" does not exist
LINE 4:             AND (last_retry IS NULL OR last_retry < NOW() - ...
                         ^

2025-01-22 08:56:40,945 - ERROR - Error in retry logic: column "last_retry" does not exist
LINE 4:             AND (last_retry IS NULL OR last_retry < NOW() - ...
                         ^

2025-01-22 08:57:40,945 - ERROR - Error in retry logic: column "last_retry" does not exist
LINE 4:             AND (last_retry IS NULL OR last_retry < NOW() - ...
                         ^

2025-01-22 08:58:40,945 - ERROR - Error in retry logic: column "last_retry" does not exist
LINE 4:             AND (last_retry IS NULL OR last_retry < NOW() - ...
                         ^

2025-01-22 08:59:40,945 - ERROR - Error in retry logic: column "last_retry" does not exist
LINE 4:             AND (last_retry IS NULL OR last_retry < NOW() - ...
                         ^

2025-01-22 09:00:40,946 - ERROR - Error in retry logic: column "last_retry" does not exist
LINE 4:             AND (last_retry IS NULL OR last_retry < NOW() - ...
                         ^

2025-01-22 09:01:40,945 - ERROR - Error in retry logic: column "last_retry" does not exist
LINE 4:             AND (last_retry IS NULL OR last_retry < NOW() - ...
                         ^

2025-01-22 09:02:40,945 - ERROR - Error in retry logic: column "last_retry" does not exist
LINE 4:             AND (last_retry IS NULL OR last_retry < NOW() - ...
                         ^

2025-01-22 09:03:40,945 - ERROR - Error in retry logic: column "last_retry" does not exist
LINE 4:             AND (last_retry IS NULL OR last_retry < NOW() - ...
                         ^

2025-01-22 09:04:40,945 - ERROR - Error in retry logic: column "last_retry" does not exist
LINE 4:             AND (last_retry IS NULL OR last_retry < NOW() - ...
                         ^

2025-01-22 09:05:40,946 - ERROR - Error in retry logic: column "last_retry" does not exist
LINE 4:             AND (last_retry IS NULL OR last_retry < NOW() - ...
                         ^

2025-01-22 09:06:40,947 - ERROR - Error in retry logic: column "last_retry" does not exist
LINE 4:             AND (last_retry IS NULL OR last_retry < NOW() - ...
                         ^

2025-01-22 09:07:40,945 - ERROR - Error in retry logic: column "last_retry" does not exist
LINE 4:             AND (last_retry IS NULL OR last_retry < NOW() - ...
                         ^

2025-01-22 09:08:40,946 - ERROR - Error in retry logic: column "last_retry" does not exist
LINE 4:             AND (last_retry IS NULL OR last_retry < NOW() - ...
                         ^

2025-01-22 09:09:40,945 - ERROR - Error in retry logic: column "last_retry" does not exist
LINE 4:             AND (last_retry IS NULL OR last_retry < NOW() - ...
                         ^

2025-01-22 09:10:40,952 - ERROR - Error in retry logic: column "last_retry" does not exist
LINE 4:             AND (last_retry IS NULL OR last_retry < NOW() - ...
                         ^

2025-01-22 09:11:40,945 - ERROR - Error in retry logic: column "last_retry" does not exist
LINE 4:             AND (last_retry IS NULL OR last_retry < NOW() - ...
                         ^

2025-01-22 09:12:40,945 - ERROR - Error in retry logic: column "last_retry" does not exist
LINE 4:             AND (last_retry IS NULL OR last_retry < NOW() - ...
                         ^

2025-01-22 09:13:40,959 - ERROR - Error in retry logic: column "last_retry" does not exist
LINE 4:             AND (last_retry IS NULL OR last_retry < NOW() - ...
                         ^

2025-01-22 09:14:40,947 - ERROR - Error in retry logic: column "last_retry" does not exist
LINE 4:             AND (last_retry IS NULL OR last_retry < NOW() - ...
                         ^

2025-01-22 09:15:40,947 - ERROR - Error in retry logic: column "last_retry" does not exist
LINE 4:             AND (last_retry IS NULL OR last_retry < NOW() - ...
                         ^

2025-01-22 09:16:40,947 - ERROR - Error in retry logic: column "last_retry" does not exist
LINE 4:             AND (last_retry IS NULL OR last_retry < NOW() - ...
                         ^

2025-01-22 09:17:40,947 - ERROR - Error in retry logic: column "last_retry" does not exist
LINE 4:             AND (last_retry IS NULL OR last_retry < NOW() - ...
                         ^

2025-01-22 09:18:40,951 - ERROR - Error in retry logic: column "last_retry" does not exist
LINE 4:             AND (last_retry IS NULL OR last_retry < NOW() - ...
                         ^

2025-01-22 09:19:40,947 - ERROR - Error in retry logic: column "last_retry" does not exist
LINE 4:             AND (last_retry IS NULL OR last_retry < NOW() - ...
                         ^

2025-01-22 09:20:40,948 - ERROR - Error in retry logic: column "last_retry" does not exist
LINE 4:             AND (last_retry IS NULL OR last_retry < NOW() - ...
                         ^

2025-01-22 09:21:40,948 - ERROR - Error in retry logic: column "last_retry" does not exist
LINE 4:             AND (last_retry IS NULL OR last_retry < NOW() - ...
                         ^

2025-01-22 09:22:40,947 - ERROR - Error in retry logic: column "last_retry" does not exist
LINE 4:             AND (last_retry IS NULL OR last_retry < NOW() - ...
                         ^

2025-01-22 09:23:40,947 - ERROR - Error in retry logic: column "last_retry" does not exist
LINE 4:             AND (last_retry IS NULL OR last_retry < NOW() - ...
                         ^

2025-01-22 09:24:40,952 - ERROR - Error in retry logic: column "last_retry" does not exist
LINE 4:             AND (last_retry IS NULL OR last_retry < NOW() - ...
                         ^

2025-01-22 09:25:40,950 - ERROR - Error in retry logic: column "last_retry" does not exist
LINE 4:             AND (last_retry IS NULL OR last_retry < NOW() - ...
                         ^

2025-01-22 09:26:40,948 - ERROR - Error in retry logic: column "last_retry" does not exist
LINE 4:             AND (last_retry IS NULL OR last_retry < NOW() - ...
                         ^

2025-01-22 09:27:40,947 - ERROR - Error in retry logic: column "last_retry" does not exist
LINE 4:             AND (last_retry IS NULL OR last_retry < NOW() - ...
                         ^

2025-01-22 09:28:40,947 - ERROR - Error in retry logic: column "last_retry" does not exist
LINE 4:             AND (last_retry IS NULL OR last_retry < NOW() - ...
                         ^

2025-01-22 09:29:40,948 - ERROR - Error in retry logic: column "last_retry" does not exist
LINE 4:             AND (last_retry IS NULL OR last_retry < NOW() - ...
                         ^

2025-01-22 09:30:40,950 - ERROR - Error in retry logic: column "last_retry" does not exist
LINE 4:             AND (last_retry IS NULL OR last_retry < NOW() - ...
                         ^

2025-01-22 09:31:40,948 - ERROR - Error in retry logic: column "last_retry" does not exist
LINE 4:             AND (last_retry IS NULL OR last_retry < NOW() - ...
                         ^

2025-01-22 09:32:40,950 - ERROR - Error in retry logic: column "last_retry" does not exist
LINE 4:             AND (last_retry IS NULL OR last_retry < NOW() - ...
                         ^

2025-01-22 09:33:40,947 - ERROR - Error in retry logic: column "last_retry" does not exist
LINE 4:             AND (last_retry IS NULL OR last_retry < NOW() - ...
                         ^

2025-01-22 09:34:40,948 - ERROR - Error in retry logic: column "last_retry" does not exist
LINE 4:             AND (last_retry IS NULL OR last_retry < NOW() - ...
                         ^

2025-01-22 09:35:40,951 - ERROR - Error in retry logic: column "last_retry" does not exist
LINE 4:             AND (last_retry IS NULL OR last_retry < NOW() - ...
                         ^

2025-01-22 09:36:40,960 - ERROR - Error in retry logic: column "last_retry" does not exist
LINE 4:             AND (last_retry IS NULL OR last_retry < NOW() - ...
                         ^

2025-01-22 09:37:40,966 - ERROR - Error in retry logic: column "last_retry" does not exist
LINE 4:             AND (last_retry IS NULL OR last_retry < NOW() - ...
                         ^

2025-01-22 09:38:40,960 - ERROR - Error in retry logic: column "last_retry" does not exist
LINE 4:             AND (last_retry IS NULL OR last_retry < NOW() - ...
                         ^

2025-01-22 09:39:40,961 - ERROR - Error in retry logic: column "last_retry" does not exist
LINE 4:             AND (last_retry IS NULL OR last_retry < NOW() - ...
                         ^

2025-01-22 09:40:40,960 - ERROR - Error in retry logic: column "last_retry" does not exist
LINE 4:             AND (last_retry IS NULL OR last_retry < NOW() - ...
                         ^

2025-01-22 09:41:40,960 - ERROR - Error in retry logic: column "last_retry" does not exist
LINE 4:             AND (last_retry IS NULL OR last_retry < NOW() - ...
                         ^

2025-01-22 09:42:40,960 - ERROR - Error in retry logic: column "last_retry" does not exist
LINE 4:             AND (last_retry IS NULL OR last_retry < NOW() - ...
                         ^

2025-01-22 09:43:40,960 - ERROR - Error in retry logic: column "last_retry" does not exist
LINE 4:             AND (last_retry IS NULL OR last_retry < NOW() - ...
                         ^

2025-01-22 09:44:40,960 - ERROR - Error in retry logic: column "last_retry" does not exist
LINE 4:             AND (last_retry IS NULL OR last_retry < NOW() - ...
                         ^

2025-01-22 09:45:40,967 - ERROR - Error in retry logic: column "last_retry" does not exist
LINE 4:             AND (last_retry IS NULL OR last_retry < NOW() - ...
                         ^

2025-01-22 09:46:40,961 - ERROR - Error in retry logic: column "last_retry" does not exist
LINE 4:             AND (last_retry IS NULL OR last_retry < NOW() - ...
                         ^

2025-01-22 09:47:40,960 - ERROR - Error in retry logic: column "last_retry" does not exist
LINE 4:             AND (last_retry IS NULL OR last_retry < NOW() - ...
                         ^

2025-01-22 09:48:40,961 - ERROR - Error in retry logic: column "last_retry" does not exist
LINE 4:             AND (last_retry IS NULL OR last_retry < NOW() - ...
                         ^

2025-01-22 09:49:40,960 - ERROR - Error in retry logic: column "last_retry" does not exist
LINE 4:             AND (last_retry IS NULL OR last_retry < NOW() - ...
                         ^

2025-01-22 09:50:40,960 - ERROR - Error in retry logic: column "last_retry" does not exist
LINE 4:             AND (last_retry IS NULL OR last_retry < NOW() - ...
                         ^

2025-01-22 09:51:40,961 - ERROR - Error in retry logic: column "last_retry" does not exist
LINE 4:             AND (last_retry IS NULL OR last_retry < NOW() - ...
                         ^

2025-01-22 09:52:40,960 - ERROR - Error in retry logic: column "last_retry" does not exist
LINE 4:             AND (last_retry IS NULL OR last_retry < NOW() - ...
                         ^

2025-01-22 09:53:40,961 - ERROR - Error in retry logic: column "last_retry" does not exist
LINE 4:             AND (last_retry IS NULL OR last_retry < NOW() - ...
                         ^

2025-01-22 09:54:40,960 - ERROR - Error in retry logic: column "last_retry" does not exist
LINE 4:             AND (last_retry IS NULL OR last_retry < NOW() - ...
                         ^

2025-01-22 09:55:40,961 - ERROR - Error in retry logic: column "last_retry" does not exist
LINE 4:             AND (last_retry IS NULL OR last_retry < NOW() - ...
                         ^

2025-01-22 09:56:40,966 - ERROR - Error in retry logic: column "last_retry" does not exist
LINE 4:             AND (last_retry IS NULL OR last_retry < NOW() - ...
                         ^

2025-01-22 09:57:40,962 - ERROR - Error in retry logic: column "last_retry" does not exist
LINE 4:             AND (last_retry IS NULL OR last_retry < NOW() - ...
                         ^

2025-01-22 09:58:40,980 - ERROR - Error in retry logic: column "last_retry" does not exist
LINE 4:             AND (last_retry IS NULL OR last_retry < NOW() - ...
                         ^

2025-01-22 09:59:40,979 - ERROR - Error in retry logic: column "last_retry" does not exist
LINE 4:             AND (last_retry IS NULL OR last_retry < NOW() - ...
                         ^

2025-01-22 10:00:40,979 - ERROR - Error in retry logic: column "last_retry" does not exist
LINE 4:             AND (last_retry IS NULL OR last_retry < NOW() - ...
                         ^

2025-01-22 10:01:40,978 - ERROR - Error in retry logic: column "last_retry" does not exist
LINE 4:             AND (last_retry IS NULL OR last_retry < NOW() - ...
                         ^

2025-01-22 10:02:40,979 - ERROR - Error in retry logic: column "last_retry" does not exist
LINE 4:             AND (last_retry IS NULL OR last_retry < NOW() - ...
                         ^

2025-01-22 10:03:40,978 - ERROR - Error in retry logic: column "last_retry" does not exist
LINE 4:             AND (last_retry IS NULL OR last_retry < NOW() - ...
                         ^

2025-01-22 10:04:40,978 - ERROR - Error in retry logic: column "last_retry" does not exist
LINE 4:             AND (last_retry IS NULL OR last_retry < NOW() - ...
                         ^

2025-01-22 10:05:40,980 - ERROR - Error in retry logic: column "last_retry" does not exist
LINE 4:             AND (last_retry IS NULL OR last_retry < NOW() - ...
                         ^

2025-01-22 10:06:40,981 - ERROR - Error in retry logic: column "last_retry" does not exist
LINE 4:             AND (last_retry IS NULL OR last_retry < NOW() - ...
                         ^

2025-01-22 10:07:40,980 - ERROR - Error in retry logic: column "last_retry" does not exist
LINE 4:             AND (last_retry IS NULL OR last_retry < NOW() - ...
                         ^

2025-01-22 10:08:40,981 - ERROR - Error in retry logic: column "last_retry" does not exist
LINE 4:             AND (last_retry IS NULL OR last_retry < NOW() - ...
                         ^

2025-01-22 10:09:40,982 - ERROR - Error in retry logic: column "last_retry" does not exist
LINE 4:             AND (last_retry IS NULL OR last_retry < NOW() - ...
                         ^

2025-01-22 10:10:40,981 - ERROR - Error in retry logic: column "last_retry" does not exist
LINE 4:             AND (last_retry IS NULL OR last_retry < NOW() - ...
                         ^

2025-01-22 10:11:40,985 - ERROR - Error in retry logic: column "last_retry" does not exist
LINE 4:             AND (last_retry IS NULL OR last_retry < NOW() - ...
                         ^

2025-01-22 10:12:40,980 - ERROR - Error in retry logic: column "last_retry" does not exist
LINE 4:             AND (last_retry IS NULL OR last_retry < NOW() - ...
                         ^

2025-01-22 10:13:40,980 - ERROR - Error in retry logic: column "last_retry" does not exist
LINE 4:             AND (last_retry IS NULL OR last_retry < NOW() - ...
                         ^

2025-01-22 10:14:40,980 - ERROR - Error in retry logic: column "last_retry" does not exist
LINE 4:             AND (last_retry IS NULL OR last_retry < NOW() - ...
                         ^

2025-01-22 10:15:40,981 - ERROR - Error in retry logic: column "last_retry" does not exist
LINE 4:             AND (last_retry IS NULL OR last_retry < NOW() - ...
                         ^

2025-01-22 10:16:40,980 - ERROR - Error in retry logic: column "last_retry" does not exist
LINE 4:             AND (last_retry IS NULL OR last_retry < NOW() - ...
                         ^

2025-01-22 10:17:40,983 - ERROR - Error in retry logic: column "last_retry" does not exist
LINE 4:             AND (last_retry IS NULL OR last_retry < NOW() - ...
                         ^

2025-01-22 10:18:40,986 - ERROR - Error in retry logic: column "last_retry" does not exist
LINE 4:             AND (last_retry IS NULL OR last_retry < NOW() - ...
                         ^

2025-01-22 10:19:40,983 - ERROR - Error in retry logic: column "last_retry" does not exist
LINE 4:             AND (last_retry IS NULL OR last_retry < NOW() - ...
                         ^

2025-01-22 10:20:40,982 - ERROR - Error in retry logic: column "last_retry" does not exist
LINE 4:             AND (last_retry IS NULL OR last_retry < NOW() - ...
                         ^

2025-01-22 10:21:40,982 - ERROR - Error in retry logic: column "last_retry" does not exist
LINE 4:             AND (last_retry IS NULL OR last_retry < NOW() - ...
                         ^

2025-01-22 10:22:40,983 - ERROR - Error in retry logic: column "last_retry" does not exist
LINE 4:             AND (last_retry IS NULL OR last_retry < NOW() - ...
                         ^

2025-01-22 10:23:40,982 - ERROR - Error in retry logic: column "last_retry" does not exist
LINE 4:             AND (last_retry IS NULL OR last_retry < NOW() - ...
                         ^

2025-01-22 10:24:40,982 - ERROR - Error in retry logic: column "last_retry" does not exist
LINE 4:             AND (last_retry IS NULL OR last_retry < NOW() - ...
                         ^

2025-01-22 10:25:40,983 - ERROR - Error in retry logic: column "last_retry" does not exist
LINE 4:             AND (last_retry IS NULL OR last_retry < NOW() - ...
                         ^

2025-01-22 10:26:40,982 - ERROR - Error in retry logic: column "last_retry" does not exist
LINE 4:             AND (last_retry IS NULL OR last_retry < NOW() - ...
                         ^

2025-01-22 10:27:40,982 - ERROR - Error in retry logic: column "last_retry" does not exist
LINE 4:             AND (last_retry IS NULL OR last_retry < NOW() - ...
                         ^

2025-01-22 10:28:40,986 - ERROR - Error in retry logic: column "last_retry" does not exist
LINE 4:             AND (last_retry IS NULL OR last_retry < NOW() - ...
                         ^

2025-01-22 10:29:40,985 - ERROR - Error in retry logic: column "last_retry" does not exist
LINE 4:             AND (last_retry IS NULL OR last_retry < NOW() - ...
                         ^

2025-01-22 10:30:40,982 - ERROR - Error in retry logic: column "last_retry" does not exist
LINE 4:             AND (last_retry IS NULL OR last_retry < NOW() - ...
                         ^

2025-01-22 10:31:40,982 - ERROR - Error in retry logic: column "last_retry" does not exist
LINE 4:             AND (last_retry IS NULL OR last_retry < NOW() - ...
                         ^

2025-01-22 10:32:40,982 - ERROR - Error in retry logic: column "last_retry" does not exist
LINE 4:             AND (last_retry IS NULL OR last_retry < NOW() - ...
                         ^

2025-01-22 10:33:40,982 - ERROR - Error in retry logic: column "last_retry" does not exist
LINE 4:             AND (last_retry IS NULL OR last_retry < NOW() - ...
                         ^

2025-01-22 10:34:40,983 - ERROR - Error in retry logic: column "last_retry" does not exist
LINE 4:             AND (last_retry IS NULL OR last_retry < NOW() - ...
                         ^

2025-01-22 10:35:40,987 - ERROR - Error in retry logic: column "last_retry" does not exist
LINE 4:             AND (last_retry IS NULL OR last_retry < NOW() - ...
                         ^

2025-01-22 10:36:40,990 - ERROR - Error in retry logic: column "last_retry" does not exist
LINE 4:             AND (last_retry IS NULL OR last_retry < NOW() - ...
                         ^

2025-01-22 10:37:40,988 - ERROR - Error in retry logic: column "last_retry" does not exist
LINE 4:             AND (last_retry IS NULL OR last_retry < NOW() - ...
                         ^

2025-01-22 10:38:40,988 - ERROR - Error in retry logic: column "last_retry" does not exist
LINE 4:             AND (last_retry IS NULL OR last_retry < NOW() - ...
                         ^

2025-01-22 10:39:40,988 - ERROR - Error in retry logic: column "last_retry" does not exist
LINE 4:             AND (last_retry IS NULL OR last_retry < NOW() - ...
                         ^

2025-01-22 10:40:40,990 - ERROR - Error in retry logic: column "last_retry" does not exist
LINE 4:             AND (last_retry IS NULL OR last_retry < NOW() - ...
                         ^

2025-01-22 10:41:40,997 - ERROR - Error in retry logic: column "last_retry" does not exist
LINE 4:             AND (last_retry IS NULL OR last_retry < NOW() - ...
                         ^

2025-01-22 10:42:40,997 - ERROR - Error in retry logic: column "last_retry" does not exist
LINE 4:             AND (last_retry IS NULL OR last_retry < NOW() - ...
                         ^

2025-01-22 10:43:40,999 - ERROR - Error in retry logic: column "last_retry" does not exist
LINE 4:             AND (last_retry IS NULL OR last_retry < NOW() - ...
                         ^

2025-01-22 10:44:40,997 - ERROR - Error in retry logic: column "last_retry" does not exist
LINE 4:             AND (last_retry IS NULL OR last_retry < NOW() - ...
                         ^

2025-01-22 10:45:40,997 - ERROR - Error in retry logic: column "last_retry" does not exist
LINE 4:             AND (last_retry IS NULL OR last_retry < NOW() - ...
                         ^

2025-01-22 10:46:40,997 - ERROR - Error in retry logic: column "last_retry" does not exist
LINE 4:             AND (last_retry IS NULL OR last_retry < NOW() - ...
                         ^

2025-01-22 10:47:40,997 - ERROR - Error in retry logic: column "last_retry" does not exist
LINE 4:             AND (last_retry IS NULL OR last_retry < NOW() - ...
                         ^

2025-01-22 10:48:40,997 - ERROR - Error in retry logic: column "last_retry" does not exist
LINE 4:             AND (last_retry IS NULL OR last_retry < NOW() - ...
                         ^

2025-01-22 10:49:40,997 - ERROR - Error in retry logic: column "last_retry" does not exist
LINE 4:             AND (last_retry IS NULL OR last_retry < NOW() - ...
                         ^

2025-01-22 10:50:40,997 - ERROR - Error in retry logic: column "last_retry" does not exist
LINE 4:             AND (last_retry IS NULL OR last_retry < NOW() - ...
                         ^

2025-01-22 10:51:40,997 - ERROR - Error in retry logic: column "last_retry" does not exist
LINE 4:             AND (last_retry IS NULL OR last_retry < NOW() - ...
                         ^

2025-01-22 10:52:40,997 - ERROR - Error in retry logic: column "last_retry" does not exist
LINE 4:             AND (last_retry IS NULL OR last_retry < NOW() - ...
                         ^

2025-01-22 10:53:40,998 - ERROR - Error in retry logic: column "last_retry" does not exist
LINE 4:             AND (last_retry IS NULL OR last_retry < NOW() - ...
                         ^

2025-01-22 10:54:40,997 - ERROR - Error in retry logic: column "last_retry" does not exist
LINE 4:             AND (last_retry IS NULL OR last_retry < NOW() - ...
                         ^

2025-01-22 10:55:40,997 - ERROR - Error in retry logic: column "last_retry" does not exist
LINE 4:             AND (last_retry IS NULL OR last_retry < NOW() - ...
                         ^

2025-01-22 10:56:40,997 - ERROR - Error in retry logic: column "last_retry" does not exist
LINE 4:             AND (last_retry IS NULL OR last_retry < NOW() - ...
                         ^

2025-01-22 10:57:40,998 - ERROR - Error in retry logic: column "last_retry" does not exist
LINE 4:             AND (last_retry IS NULL OR last_retry < NOW() - ...
                         ^

2025-01-22 10:58:40,997 - ERROR - Error in retry logic: column "last_retry" does not exist
LINE 4:             AND (last_retry IS NULL OR last_retry < NOW() - ...
                         ^

2025-01-22 10:59:41,003 - ERROR - Error in retry logic: column "last_retry" does not exist
LINE 4:             AND (last_retry IS NULL OR last_retry < NOW() - ...
                         ^

2025-01-22 11:00:41,003 - ERROR - Error in retry logic: column "last_retry" does not exist
LINE 4:             AND (last_retry IS NULL OR last_retry < NOW() - ...
                         ^

2025-01-22 11:01:41,004 - ERROR - Error in retry logic: column "last_retry" does not exist
LINE 4:             AND (last_retry IS NULL OR last_retry < NOW() - ...
                         ^

2025-01-22 11:02:41,003 - ERROR - Error in retry logic: column "last_retry" does not exist
LINE 4:             AND (last_retry IS NULL OR last_retry < NOW() - ...
                         ^

2025-01-22 11:03:41,006 - ERROR - Error in retry logic: column "last_retry" does not exist
LINE 4:             AND (last_retry IS NULL OR last_retry < NOW() - ...
                         ^

2025-01-22 11:04:41,003 - ERROR - Error in retry logic: column "last_retry" does not exist
LINE 4:             AND (last_retry IS NULL OR last_retry < NOW() - ...
                         ^

2025-01-22 11:05:41,003 - ERROR - Error in retry logic: column "last_retry" does not exist
LINE 4:             AND (last_retry IS NULL OR last_retry < NOW() - ...
                         ^

2025-01-22 11:06:41,003 - ERROR - Error in retry logic: column "last_retry" does not exist
LINE 4:             AND (last_retry IS NULL OR last_retry < NOW() - ...
                         ^

2025-01-22 11:07:41,003 - ERROR - Error in retry logic: column "last_retry" does not exist
LINE 4:             AND (last_retry IS NULL OR last_retry < NOW() - ...
                         ^

2025-01-22 11:08:41,005 - ERROR - Error in retry logic: column "last_retry" does not exist
LINE 4:             AND (last_retry IS NULL OR last_retry < NOW() - ...
                         ^

2025-01-22 11:09:41,003 - ERROR - Error in retry logic: column "last_retry" does not exist
LINE 4:             AND (last_retry IS NULL OR last_retry < NOW() - ...
                         ^

2025-01-22 11:10:41,004 - ERROR - Error in retry logic: column "last_retry" does not exist
LINE 4:             AND (last_retry IS NULL OR last_retry < NOW() - ...
                         ^

2025-01-22 11:11:41,004 - ERROR - Error in retry logic: column "last_retry" does not exist
LINE 4:             AND (last_retry IS NULL OR last_retry < NOW() - ...
                         ^

2025-01-22 11:12:41,004 - ERROR - Error in retry logic: column "last_retry" does not exist
LINE 4:             AND (last_retry IS NULL OR last_retry < NOW() - ...
                         ^

2025-01-22 11:13:41,003 - ERROR - Error in retry logic: column "last_retry" does not exist
LINE 4:             AND (last_retry IS NULL OR last_retry < NOW() - ...
                         ^

2025-01-22 11:14:41,003 - ERROR - Error in retry logic: column "last_retry" does not exist
LINE 4:             AND (last_retry IS NULL OR last_retry < NOW() - ...
                         ^

2025-01-22 11:15:41,003 - ERROR - Error in retry logic: column "last_retry" does not exist
LINE 4:             AND (last_retry IS NULL OR last_retry < NOW() - ...
                         ^

2025-01-22 11:16:41,003 - ERROR - Error in retry logic: column "last_retry" does not exist
LINE 4:             AND (last_retry IS NULL OR last_retry < NOW() - ...
                         ^

2025-01-22 11:17:41,010 - ERROR - Error in retry logic: column "last_retry" does not exist
LINE 4:             AND (last_retry IS NULL OR last_retry < NOW() - ...
                         ^

2025-01-22 11:18:41,007 - ERROR - Error in retry logic: column "last_retry" does not exist
LINE 4:             AND (last_retry IS NULL OR last_retry < NOW() - ...
                         ^

2025-01-22 11:19:41,010 - ERROR - Error in retry logic: column "last_retry" does not exist
LINE 4:             AND (last_retry IS NULL OR last_retry < NOW() - ...
                         ^

2025-01-22 11:20:41,007 - ERROR - Error in retry logic: column "last_retry" does not exist
LINE 4:             AND (last_retry IS NULL OR last_retry < NOW() - ...
                         ^

2025-01-22 11:21:41,007 - ERROR - Error in retry logic: column "last_retry" does not exist
LINE 4:             AND (last_retry IS NULL OR last_retry < NOW() - ...
                         ^

2025-01-22 11:22:41,007 - ERROR - Error in retry logic: column "last_retry" does not exist
LINE 4:             AND (last_retry IS NULL OR last_retry < NOW() - ...
                         ^

2025-01-22 11:23:41,008 - ERROR - Error in retry logic: column "last_retry" does not exist
LINE 4:             AND (last_retry IS NULL OR last_retry < NOW() - ...
                         ^

2025-01-22 11:24:41,007 - ERROR - Error in retry logic: column "last_retry" does not exist
LINE 4:             AND (last_retry IS NULL OR last_retry < NOW() - ...
                         ^

2025-01-22 11:25:41,007 - ERROR - Error in retry logic: column "last_retry" does not exist
LINE 4:             AND (last_retry IS NULL OR last_retry < NOW() - ...
                         ^

2025-01-22 11:26:41,007 - ERROR - Error in retry logic: column "last_retry" does not exist
LINE 4:             AND (last_retry IS NULL OR last_retry < NOW() - ...
                         ^

2025-01-22 11:27:41,007 - ERROR - Error in retry logic: column "last_retry" does not exist
LINE 4:             AND (last_retry IS NULL OR last_retry < NOW() - ...
                         ^

2025-01-22 11:28:41,007 - ERROR - Error in retry logic: column "last_retry" does not exist
LINE 4:             AND (last_retry IS NULL OR last_retry < NOW() - ...
                         ^

2025-01-22 11:29:41,008 - ERROR - Error in retry logic: column "last_retry" does not exist
LINE 4:             AND (last_retry IS NULL OR last_retry < NOW() - ...
                         ^

2025-01-22 11:30:41,007 - ERROR - Error in retry logic: column "last_retry" does not exist
LINE 4:             AND (last_retry IS NULL OR last_retry < NOW() - ...
                         ^

2025-01-22 11:31:41,019 - ERROR - Error in retry logic: column "last_retry" does not exist
LINE 4:             AND (last_retry IS NULL OR last_retry < NOW() - ...
                         ^

2025-01-22 11:32:41,024 - ERROR - Error in retry logic: column "last_retry" does not exist
LINE 4:             AND (last_retry IS NULL OR last_retry < NOW() - ...
                         ^

2025-01-22 11:33:41,018 - ERROR - Error in retry logic: column "last_retry" does not exist
LINE 4:             AND (last_retry IS NULL OR last_retry < NOW() - ...
                         ^

2025-01-22 11:34:41,017 - ERROR - Error in retry logic: column "last_retry" does not exist
LINE 4:             AND (last_retry IS NULL OR last_retry < NOW() - ...
                         ^

2025-01-22 11:35:41,038 - ERROR - Error in retry logic: column "last_retry" does not exist
LINE 4:             AND (last_retry IS NULL OR last_retry < NOW() - ...
                         ^

2025-01-22 11:36:41,017 - ERROR - Error in retry logic: column "last_retry" does not exist
LINE 4:             AND (last_retry IS NULL OR last_retry < NOW() - ...
                         ^

2025-01-22 11:37:41,017 - ERROR - Error in retry logic: column "last_retry" does not exist
LINE 4:             AND (last_retry IS NULL OR last_retry < NOW() - ...
                         ^

2025-01-22 11:38:41,017 - ERROR - Error in retry logic: column "last_retry" does not exist
LINE 4:             AND (last_retry IS NULL OR last_retry < NOW() - ...
                         ^

2025-01-22 11:39:41,017 - ERROR - Error in retry logic: column "last_retry" does not exist
LINE 4:             AND (last_retry IS NULL OR last_retry < NOW() - ...
                         ^

2025-01-22 11:40:41,017 - ERROR - Error in retry logic: column "last_retry" does not exist
LINE 4:             AND (last_retry IS NULL OR last_retry < NOW() - ...
                         ^

2025-01-22 11:41:41,017 - ERROR - Error in retry logic: column "last_retry" does not exist
LINE 4:             AND (last_retry IS NULL OR last_retry < NOW() - ...
                         ^

2025-01-22 11:42:41,025 - ERROR - Error in retry logic: column "last_retry" does not exist
LINE 4:             AND (last_retry IS NULL OR last_retry < NOW() - ...
                         ^

2025-01-22 11:43:41,032 - ERROR - Error in retry logic: column "last_retry" does not exist
LINE 4:             AND (last_retry IS NULL OR last_retry < NOW() - ...
                         ^

2025-01-22 11:44:41,032 - ERROR - Error in retry logic: column "last_retry" does not exist
LINE 4:             AND (last_retry IS NULL OR last_retry < NOW() - ...
                         ^

2025-01-22 11:45:41,036 - ERROR - Error in retry logic: column "last_retry" does not exist
LINE 4:             AND (last_retry IS NULL OR last_retry < NOW() - ...
                         ^

2025-01-22 11:46:41,047 - ERROR - Error in retry logic: column "last_retry" does not exist
LINE 4:             AND (last_retry IS NULL OR last_retry < NOW() - ...
                         ^

2025-01-22 11:47:41,047 - ERROR - Error in retry logic: column "last_retry" does not exist
LINE 4:             AND (last_retry IS NULL OR last_retry < NOW() - ...
                         ^

2025-01-22 11:48:41,049 - ERROR - Error in retry logic: column "last_retry" does not exist
LINE 4:             AND (last_retry IS NULL OR last_retry < NOW() - ...
                         ^

2025-01-22 11:49:41,055 - ERROR - Error in retry logic: column "last_retry" does not exist
LINE 4:             AND (last_retry IS NULL OR last_retry < NOW() - ...
                         ^

2025-01-22 11:50:41,056 - ERROR - Error in retry logic: column "last_retry" does not exist
LINE 4:             AND (last_retry IS NULL OR last_retry < NOW() - ...
                         ^

2025-01-22 11:51:41,056 - ERROR - Error in retry logic: column "last_retry" does not exist
LINE 4:             AND (last_retry IS NULL OR last_retry < NOW() - ...
                         ^

2025-01-22 11:52:41,056 - ERROR - Error in retry logic: column "last_retry" does not exist
LINE 4:             AND (last_retry IS NULL OR last_retry < NOW() - ...
                         ^

2025-01-22 11:53:41,058 - ERROR - Error in retry logic: column "last_retry" does not exist
LINE 4:             AND (last_retry IS NULL OR last_retry < NOW() - ...
                         ^

2025-01-22 11:54:41,056 - ERROR - Error in retry logic: column "last_retry" does not exist
LINE 4:             AND (last_retry IS NULL OR last_retry < NOW() - ...
                         ^

2025-01-22 11:55:41,058 - ERROR - Error in retry logic: column "last_retry" does not exist
LINE 4:             AND (last_retry IS NULL OR last_retry < NOW() - ...
                         ^

2025-01-22 11:56:41,058 - ERROR - Error in retry logic: column "last_retry" does not exist
LINE 4:             AND (last_retry IS NULL OR last_retry < NOW() - ...
                         ^

2025-01-22 11:57:41,056 - ERROR - Error in retry logic: column "last_retry" does not exist
LINE 4:             AND (last_retry IS NULL OR last_retry < NOW() - ...
                         ^

2025-01-22 11:58:41,056 - ERROR - Error in retry logic: column "last_retry" does not exist
LINE 4:             AND (last_retry IS NULL OR last_retry < NOW() - ...
                         ^

2025-01-22 11:59:41,056 - ERROR - Error in retry logic: column "last_retry" does not exist
LINE 4:             AND (last_retry IS NULL OR last_retry < NOW() - ...
                         ^

2025-01-22 12:00:41,056 - ERROR - Error in retry logic: column "last_retry" does not exist
LINE 4:             AND (last_retry IS NULL OR last_retry < NOW() - ...
                         ^

2025-01-22 12:01:41,056 - ERROR - Error in retry logic: column "last_retry" does not exist
LINE 4:             AND (last_retry IS NULL OR last_retry < NOW() - ...
                         ^

2025-01-22 12:02:41,056 - ERROR - Error in retry logic: column "last_retry" does not exist
LINE 4:             AND (last_retry IS NULL OR last_retry < NOW() - ...
                         ^

2025-01-22 12:03:41,056 - ERROR - Error in retry logic: column "last_retry" does not exist
LINE 4:             AND (last_retry IS NULL OR last_retry < NOW() - ...
                         ^

2025-01-22 12:04:41,056 - ERROR - Error in retry logic: column "last_retry" does not exist
LINE 4:             AND (last_retry IS NULL OR last_retry < NOW() - ...
                         ^

2025-01-22 12:05:41,056 - ERROR - Error in retry logic: column "last_retry" does not exist
LINE 4:             AND (last_retry IS NULL OR last_retry < NOW() - ...
                         ^

2025-01-22 12:06:41,065 - ERROR - Error in retry logic: column "last_retry" does not exist
LINE 4:             AND (last_retry IS NULL OR last_retry < NOW() - ...
                         ^

2025-01-22 12:07:41,056 - ERROR - Error in retry logic: column "last_retry" does not exist
LINE 4:             AND (last_retry IS NULL OR last_retry < NOW() - ...
                         ^

2025-01-22 12:08:41,056 - ERROR - Error in retry logic: column "last_retry" does not exist
LINE 4:             AND (last_retry IS NULL OR last_retry < NOW() - ...
                         ^

2025-01-22 12:09:41,056 - ERROR - Error in retry logic: column "last_retry" does not exist
LINE 4:             AND (last_retry IS NULL OR last_retry < NOW() - ...
                         ^

2025-01-22 12:10:41,058 - ERROR - Error in retry logic: column "last_retry" does not exist
LINE 4:             AND (last_retry IS NULL OR last_retry < NOW() - ...
                         ^

2025-01-22 12:11:41,071 - ERROR - Error in retry logic: column "last_retry" does not exist
LINE 4:             AND (last_retry IS NULL OR last_retry < NOW() - ...
                         ^

2025-01-22 12:12:41,071 - ERROR - Error in retry logic: column "last_retry" does not exist
LINE 4:             AND (last_retry IS NULL OR last_retry < NOW() - ...
                         ^

2025-01-22 12:13:41,071 - ERROR - Error in retry logic: column "last_retry" does not exist
LINE 4:             AND (last_retry IS NULL OR last_retry < NOW() - ...
                         ^

2025-01-22 12:14:41,075 - ERROR - Error in retry logic: column "last_retry" does not exist
LINE 4:             AND (last_retry IS NULL OR last_retry < NOW() - ...
                         ^

2025-01-22 12:15:41,074 - ERROR - Error in retry logic: column "last_retry" does not exist
LINE 4:             AND (last_retry IS NULL OR last_retry < NOW() - ...
                         ^

2025-01-22 12:16:41,073 - ERROR - Error in retry logic: column "last_retry" does not exist
LINE 4:             AND (last_retry IS NULL OR last_retry < NOW() - ...
                         ^

2025-01-22 12:17:41,072 - ERROR - Error in retry logic: column "last_retry" does not exist
LINE 4:             AND (last_retry IS NULL OR last_retry < NOW() - ...
                         ^

2025-01-22 12:18:41,072 - ERROR - Error in retry logic: column "last_retry" does not exist
LINE 4:             AND (last_retry IS NULL OR last_retry < NOW() - ...
                         ^

2025-01-22 12:19:41,074 - ERROR - Error in retry logic: column "last_retry" does not exist
LINE 4:             AND (last_retry IS NULL OR last_retry < NOW() - ...
                         ^

2025-01-22 12:20:41,079 - ERROR - Error in retry logic: column "last_retry" does not exist
LINE 4:             AND (last_retry IS NULL OR last_retry < NOW() - ...
                         ^

2025-01-22 12:21:41,075 - ERROR - Error in retry logic: column "last_retry" does not exist
LINE 4:             AND (last_retry IS NULL OR last_retry < NOW() - ...
                         ^

2025-01-22 12:22:41,075 - ERROR - Error in retry logic: column "last_retry" does not exist
LINE 4:             AND (last_retry IS NULL OR last_retry < NOW() - ...
                         ^

2025-01-22 12:23:41,075 - ERROR - Error in retry logic: column "last_retry" does not exist
LINE 4:             AND (last_retry IS NULL OR last_retry < NOW() - ...
                         ^

2025-01-22 12:24:41,080 - ERROR - Error in retry logic: column "last_retry" does not exist
LINE 4:             AND (last_retry IS NULL OR last_retry < NOW() - ...
                         ^

2025-01-22 12:25:41,076 - ERROR - Error in retry logic: column "last_retry" does not exist
LINE 4:             AND (last_retry IS NULL OR last_retry < NOW() - ...
                         ^

2025-01-22 12:26:41,078 - ERROR - Error in retry logic: column "last_retry" does not exist
LINE 4:             AND (last_retry IS NULL OR last_retry < NOW() - ...
                         ^

2025-01-22 12:27:41,076 - ERROR - Error in retry logic: column "last_retry" does not exist
LINE 4:             AND (last_retry IS NULL OR last_retry < NOW() - ...
                         ^

2025-01-22 12:28:41,075 - ERROR - Error in retry logic: column "last_retry" does not exist
LINE 4:             AND (last_retry IS NULL OR last_retry < NOW() - ...
                         ^

2025-01-22 12:29:41,076 - ERROR - Error in retry logic: column "last_retry" does not exist
LINE 4:             AND (last_retry IS NULL OR last_retry < NOW() - ...
                         ^

2025-01-22 12:30:41,076 - ERROR - Error in retry logic: column "last_retry" does not exist
LINE 4:             AND (last_retry IS NULL OR last_retry < NOW() - ...
                         ^

2025-01-22 12:31:41,076 - ERROR - Error in retry logic: column "last_retry" does not exist
LINE 4:             AND (last_retry IS NULL OR last_retry < NOW() - ...
                         ^

2025-01-22 12:32:41,090 - ERROR - Error in retry logic: column "last_retry" does not exist
LINE 4:             AND (last_retry IS NULL OR last_retry < NOW() - ...
                         ^

2025-01-22 12:33:41,083 - ERROR - Error in retry logic: column "last_retry" does not exist
LINE 4:             AND (last_retry IS NULL OR last_retry < NOW() - ...
                         ^

2025-01-22 12:34:41,080 - ERROR - Error in retry logic: column "last_retry" does not exist
LINE 4:             AND (last_retry IS NULL OR last_retry < NOW() - ...
                         ^

2025-01-22 12:35:41,081 - ERROR - Error in retry logic: column "last_retry" does not exist
LINE 4:             AND (last_retry IS NULL OR last_retry < NOW() - ...
                         ^

2025-01-22 12:38:05,982 - ERROR - General error: Could not connect to the endpoint URL: "https://dynamodb.ap-south-1.amazonaws.com/"
2025-01-22 12:40:11,711 - ERROR - General error: Could not connect to the endpoint URL: "https://dynamodb.ap-south-1.amazonaws.com/"
2025-01-22 12:42:17,435 - ERROR - General error: Could not connect to the endpoint URL: "https://dynamodb.ap-south-1.amazonaws.com/"
2025-01-22 12:44:23,153 - ERROR - General error: Could not connect to the endpoint URL: "https://dynamodb.ap-south-1.amazonaws.com/"
2025-01-22 12:44:23,156 - ERROR - Error in retry logic: column "last_retry" does not exist
LINE 4:             AND (last_retry IS NULL OR last_retry < NOW() - ...
                         ^

2025-01-22 12:45:23,157 - ERROR - Error in retry logic: column "last_retry" does not exist
LINE 4:             AND (last_retry IS NULL OR last_retry < NOW() - ...
                         ^

2025-01-22 12:46:23,157 - ERROR - Error in retry logic: column "last_retry" does not exist
LINE 4:             AND (last_retry IS NULL OR last_retry < NOW() - ...
                         ^

2025-01-22 12:47:23,157 - ERROR - Error in retry logic: column "last_retry" does not exist
LINE 4:             AND (last_retry IS NULL OR last_retry < NOW() - ...
                         ^

2025-01-22 12:49:43,195 - ERROR - General error: Could not connect to the endpoint URL: "https://dynamodb.ap-south-1.amazonaws.com/"
2025-01-22 12:51:30,075 - ERROR - General error: Could not connect to the endpoint URL: "https://dynamodb.ap-south-1.amazonaws.com/"
2025-01-22 12:52:20,002 - ERROR - Error in retry logic: column "last_retry" does not exist
LINE 4:             AND (last_retry IS NULL OR last_retry < NOW() - ...
                         ^

2025-01-22 12:53:20,002 - ERROR - Error in retry logic: column "last_retry" does not exist
LINE 4:             AND (last_retry IS NULL OR last_retry < NOW() - ...
                         ^

2025-01-22 12:54:20,002 - ERROR - Error in retry logic: column "last_retry" does not exist
LINE 4:             AND (last_retry IS NULL OR last_retry < NOW() - ...
                         ^

2025-01-22 12:55:20,002 - ERROR - Error in retry logic: column "last_retry" does not exist
LINE 4:             AND (last_retry IS NULL OR last_retry < NOW() - ...
                         ^

2025-01-22 12:56:20,006 - ERROR - Error in retry logic: column "last_retry" does not exist
LINE 4:             AND (last_retry IS NULL OR last_retry < NOW() - ...
                         ^

2025-01-22 12:57:20,006 - ERROR - Error in retry logic: column "last_retry" does not exist
LINE 4:             AND (last_retry IS NULL OR last_retry < NOW() - ...
                         ^

2025-01-22 12:58:20,007 - ERROR - Error in retry logic: column "last_retry" does not exist
LINE 4:             AND (last_retry IS NULL OR last_retry < NOW() - ...
                         ^

2025-01-22 12:59:20,011 - ERROR - Error in retry logic: column "last_retry" does not exist
LINE 4:             AND (last_retry IS NULL OR last_retry < NOW() - ...
                         ^

2025-01-22 13:00:20,006 - ERROR - Error in retry logic: column "last_retry" does not exist
LINE 4:             AND (last_retry IS NULL OR last_retry < NOW() - ...
                         ^

2025-01-22 13:01:20,006 - ERROR - Error in retry logic: column "last_retry" does not exist
LINE 4:             AND (last_retry IS NULL OR last_retry < NOW() - ...
                         ^

2025-01-22 13:02:20,006 - ERROR - Error in retry logic: column "last_retry" does not exist
LINE 4:             AND (last_retry IS NULL OR last_retry < NOW() - ...
                         ^

2025-01-22 13:03:20,024 - ERROR - Error in retry logic: column "last_retry" does not exist
LINE 4:             AND (last_retry IS NULL OR last_retry < NOW() - ...
                         ^

2025-01-22 13:04:20,006 - ERROR - Error in retry logic: column "last_retry" does not exist
LINE 4:             AND (last_retry IS NULL OR last_retry < NOW() - ...
                         ^

2025-01-22 13:05:20,007 - ERROR - Error in retry logic: column "last_retry" does not exist
LINE 4:             AND (last_retry IS NULL OR last_retry < NOW() - ...
                         ^

2025-01-22 13:06:20,007 - ERROR - Error in retry logic: column "last_retry" does not exist
LINE 4:             AND (last_retry IS NULL OR last_retry < NOW() - ...
                         ^

2025-01-22 13:07:20,016 - ERROR - Error in retry logic: column "last_retry" does not exist
LINE 4:             AND (last_retry IS NULL OR last_retry < NOW() - ...
                         ^

2025-01-22 13:08:20,012 - ERROR - Error in retry logic: column "last_retry" does not exist
LINE 4:             AND (last_retry IS NULL OR last_retry < NOW() - ...
                         ^

2025-01-22 13:09:20,014 - ERROR - Error in retry logic: column "last_retry" does not exist
LINE 4:             AND (last_retry IS NULL OR last_retry < NOW() - ...
                         ^

2025-01-22 13:10:20,012 - ERROR - Error in retry logic: column "last_retry" does not exist
LINE 4:             AND (last_retry IS NULL OR last_retry < NOW() - ...
                         ^

2025-01-22 13:11:20,016 - ERROR - Error in retry logic: column "last_retry" does not exist
LINE 4:             AND (last_retry IS NULL OR last_retry < NOW() - ...
                         ^

2025-01-22 13:12:20,015 - ERROR - Error in retry logic: column "last_retry" does not exist
LINE 4:             AND (last_retry IS NULL OR last_retry < NOW() - ...
                         ^

2025-01-22 13:13:20,012 - ERROR - Error in retry logic: column "last_retry" does not exist
LINE 4:             AND (last_retry IS NULL OR last_retry < NOW() - ...
                         ^

2025-01-22 13:14:20,013 - ERROR - Error in retry logic: column "last_retry" does not exist
LINE 4:             AND (last_retry IS NULL OR last_retry < NOW() - ...
                         ^

2025-01-22 13:15:20,012 - ERROR - Error in retry logic: column "last_retry" does not exist
LINE 4:             AND (last_retry IS NULL OR last_retry < NOW() - ...
                         ^

2025-01-22 13:16:20,012 - ERROR - Error in retry logic: column "last_retry" does not exist
LINE 4:             AND (last_retry IS NULL OR last_retry < NOW() - ...
                         ^

2025-01-22 13:17:20,012 - ERROR - Error in retry logic: column "last_retry" does not exist
LINE 4:             AND (last_retry IS NULL OR last_retry < NOW() - ...
                         ^

2025-01-22 13:18:20,019 - ERROR - Error in retry logic: column "last_retry" does not exist
LINE 4:             AND (last_retry IS NULL OR last_retry < NOW() - ...
                         ^

2025-01-22 13:19:20,012 - ERROR - Error in retry logic: column "last_retry" does not exist
LINE 4:             AND (last_retry IS NULL OR last_retry < NOW() - ...
                         ^

2025-01-22 13:20:20,027 - ERROR - Error in retry logic: column "last_retry" does not exist
LINE 4:             AND (last_retry IS NULL OR last_retry < NOW() - ...
                         ^

2025-01-22 13:21:20,027 - ERROR - Error in retry logic: column "last_retry" does not exist
LINE 4:             AND (last_retry IS NULL OR last_retry < NOW() - ...
                         ^

2025-01-22 13:22:20,028 - ERROR - Error in retry logic: column "last_retry" does not exist
LINE 4:             AND (last_retry IS NULL OR last_retry < NOW() - ...
                         ^

2025-01-22 13:23:20,028 - ERROR - Error in retry logic: column "last_retry" does not exist
LINE 4:             AND (last_retry IS NULL OR last_retry < NOW() - ...
                         ^

2025-01-22 13:24:20,028 - ERROR - Error in retry logic: column "last_retry" does not exist
LINE 4:             AND (last_retry IS NULL OR last_retry < NOW() - ...
                         ^

2025-01-22 13:25:20,028 - ERROR - Error in retry logic: column "last_retry" does not exist
LINE 4:             AND (last_retry IS NULL OR last_retry < NOW() - ...
                         ^

2025-01-22 13:26:20,028 - ERROR - Error in retry logic: column "last_retry" does not exist
LINE 4:             AND (last_retry IS NULL OR last_retry < NOW() - ...
                         ^

2025-01-22 13:27:20,035 - ERROR - Error in retry logic: column "last_retry" does not exist
LINE 4:             AND (last_retry IS NULL OR last_retry < NOW() - ...
                         ^

2025-01-22 13:28:20,028 - ERROR - Error in retry logic: column "last_retry" does not exist
LINE 4:             AND (last_retry IS NULL OR last_retry < NOW() - ...
                         ^

2025-01-22 13:29:20,028 - ERROR - Error in retry logic: column "last_retry" does not exist
LINE 4:             AND (last_retry IS NULL OR last_retry < NOW() - ...
                         ^

2025-01-22 13:30:20,028 - ERROR - Error in retry logic: column "last_retry" does not exist
LINE 4:             AND (last_retry IS NULL OR last_retry < NOW() - ...
                         ^

2025-01-22 13:31:20,028 - ERROR - Error in retry logic: column "last_retry" does not exist
LINE 4:             AND (last_retry IS NULL OR last_retry < NOW() - ...
                         ^

2025-01-22 13:32:20,029 - ERROR - Error in retry logic: column "last_retry" does not exist
LINE 4:             AND (last_retry IS NULL OR last_retry < NOW() - ...
                         ^

2025-01-22 13:33:20,028 - ERROR - Error in retry logic: column "last_retry" does not exist
LINE 4:             AND (last_retry IS NULL OR last_retry < NOW() - ...
                         ^

2025-01-22 13:34:20,028 - ERROR - Error in retry logic: column "last_retry" does not exist
LINE 4:             AND (last_retry IS NULL OR last_retry < NOW() - ...
                         ^

2025-01-22 13:35:20,028 - ERROR - Error in retry logic: column "last_retry" does not exist
LINE 4:             AND (last_retry IS NULL OR last_retry < NOW() - ...
                         ^

2025-01-22 13:36:20,031 - ERROR - Error in retry logic: column "last_retry" does not exist
LINE 4:             AND (last_retry IS NULL OR last_retry < NOW() - ...
                         ^

2025-01-22 13:37:20,031 - ERROR - Error in retry logic: column "last_retry" does not exist
LINE 4:             AND (last_retry IS NULL OR last_retry < NOW() - ...
                         ^

2025-01-22 13:38:20,032 - ERROR - Error in retry logic: column "last_retry" does not exist
LINE 4:             AND (last_retry IS NULL OR last_retry < NOW() - ...
                         ^

2025-01-22 13:39:20,031 - ERROR - Error in retry logic: column "last_retry" does not exist
LINE 4:             AND (last_retry IS NULL OR last_retry < NOW() - ...
                         ^

2025-01-22 13:40:20,031 - ERROR - Error in retry logic: column "last_retry" does not exist
LINE 4:             AND (last_retry IS NULL OR last_retry < NOW() - ...
                         ^

2025-01-22 13:41:20,031 - ERROR - Error in retry logic: column "last_retry" does not exist
LINE 4:             AND (last_retry IS NULL OR last_retry < NOW() - ...
                         ^

2025-01-22 13:42:20,031 - ERROR - Error in retry logic: column "last_retry" does not exist
LINE 4:             AND (last_retry IS NULL OR last_retry < NOW() - ...
                         ^

2025-01-22 13:43:20,031 - ERROR - Error in retry logic: column "last_retry" does not exist
LINE 4:             AND (last_retry IS NULL OR last_retry < NOW() - ...
                         ^

2025-01-22 13:44:20,031 - ERROR - Error in retry logic: column "last_retry" does not exist
LINE 4:             AND (last_retry IS NULL OR last_retry < NOW() - ...
                         ^

2025-01-22 13:45:20,032 - ERROR - Error in retry logic: column "last_retry" does not exist
LINE 4:             AND (last_retry IS NULL OR last_retry < NOW() - ...
                         ^

2025-01-22 13:46:20,033 - ERROR - Error in retry logic: column "last_retry" does not exist
LINE 4:             AND (last_retry IS NULL OR last_retry < NOW() - ...
                         ^

2025-01-22 13:47:20,033 - ERROR - Error in retry logic: column "last_retry" does not exist
LINE 4:             AND (last_retry IS NULL OR last_retry < NOW() - ...
                         ^

2025-01-22 13:48:20,033 - ERROR - Error in retry logic: column "last_retry" does not exist
LINE 4:             AND (last_retry IS NULL OR last_retry < NOW() - ...
                         ^

2025-01-22 13:49:20,033 - ERROR - Error in retry logic: column "last_retry" does not exist
LINE 4:             AND (last_retry IS NULL OR last_retry < NOW() - ...
                         ^

2025-01-22 13:50:20,034 - ERROR - Error in retry logic: column "last_retry" does not exist
LINE 4:             AND (last_retry IS NULL OR last_retry < NOW() - ...
                         ^

2025-01-22 13:51:20,033 - ERROR - Error in retry logic: column "last_retry" does not exist
LINE 4:             AND (last_retry IS NULL OR last_retry < NOW() - ...
                         ^

2025-01-22 13:52:20,034 - ERROR - Error in retry logic: column "last_retry" does not exist
LINE 4:             AND (last_retry IS NULL OR last_retry < NOW() - ...
                         ^

2025-01-22 13:53:20,033 - ERROR - Error in retry logic: column "last_retry" does not exist
LINE 4:             AND (last_retry IS NULL OR last_retry < NOW() - ...
                         ^

2025-01-22 13:54:20,037 - ERROR - Error in retry logic: column "last_retry" does not exist
LINE 4:             AND (last_retry IS NULL OR last_retry < NOW() - ...
                         ^

2025-01-22 13:55:20,049 - ERROR - Error in retry logic: column "last_retry" does not exist
LINE 4:             AND (last_retry IS NULL OR last_retry < NOW() - ...
                         ^

2025-01-22 13:56:20,049 - ERROR - Error in retry logic: column "last_retry" does not exist
LINE 4:             AND (last_retry IS NULL OR last_retry < NOW() - ...
                         ^

2025-01-22 13:57:20,049 - ERROR - Error in retry logic: column "last_retry" does not exist
LINE 4:             AND (last_retry IS NULL OR last_retry < NOW() - ...
                         ^

2025-01-22 13:58:20,049 - ERROR - Error in retry logic: column "last_retry" does not exist
LINE 4:             AND (last_retry IS NULL OR last_retry < NOW() - ...
                         ^

2025-01-22 13:59:20,049 - ERROR - Error in retry logic: column "last_retry" does not exist
LINE 4:             AND (last_retry IS NULL OR last_retry < NOW() - ...
                         ^

2025-01-22 14:00:20,049 - ERROR - Error in retry logic: column "last_retry" does not exist
LINE 4:             AND (last_retry IS NULL OR last_retry < NOW() - ...
                         ^

2025-01-22 14:01:20,049 - ERROR - Error in retry logic: column "last_retry" does not exist
LINE 4:             AND (last_retry IS NULL OR last_retry < NOW() - ...
                         ^

2025-01-22 14:02:20,049 - ERROR - Error in retry logic: column "last_retry" does not exist
LINE 4:             AND (last_retry IS NULL OR last_retry < NOW() - ...
                         ^

2025-01-22 14:03:20,050 - ERROR - Error in retry logic: column "last_retry" does not exist
LINE 4:             AND (last_retry IS NULL OR last_retry < NOW() - ...
                         ^

2025-01-22 14:04:20,050 - ERROR - Error in retry logic: column "last_retry" does not exist
LINE 4:             AND (last_retry IS NULL OR last_retry < NOW() - ...
                         ^

2025-01-22 14:05:20,050 - ERROR - Error in retry logic: column "last_retry" does not exist
LINE 4:             AND (last_retry IS NULL OR last_retry < NOW() - ...
                         ^

2025-01-22 14:06:20,050 - ERROR - Error in retry logic: column "last_retry" does not exist
LINE 4:             AND (last_retry IS NULL OR last_retry < NOW() - ...
                         ^

2025-01-22 14:07:20,050 - ERROR - Error in retry logic: column "last_retry" does not exist
LINE 4:             AND (last_retry IS NULL OR last_retry < NOW() - ...
                         ^

2025-01-22 14:08:20,054 - ERROR - Error in retry logic: column "last_retry" does not exist
LINE 4:             AND (last_retry IS NULL OR last_retry < NOW() - ...
                         ^

2025-01-22 14:09:20,050 - ERROR - Error in retry logic: column "last_retry" does not exist
LINE 4:             AND (last_retry IS NULL OR last_retry < NOW() - ...
                         ^

2025-01-22 14:10:20,050 - ERROR - Error in retry logic: column "last_retry" does not exist
LINE 4:             AND (last_retry IS NULL OR last_retry < NOW() - ...
                         ^

2025-01-22 14:11:20,050 - ERROR - Error in retry logic: column "last_retry" does not exist
LINE 4:             AND (last_retry IS NULL OR last_retry < NOW() - ...
                         ^

2025-01-22 14:12:20,057 - ERROR - Error in retry logic: column "last_retry" does not exist
LINE 4:             AND (last_retry IS NULL OR last_retry < NOW() - ...
                         ^

2025-01-22 14:13:20,055 - ERROR - Error in retry logic: column "last_retry" does not exist
LINE 4:             AND (last_retry IS NULL OR last_retry < NOW() - ...
                         ^

2025-01-22 14:14:20,055 - ERROR - Error in retry logic: column "last_retry" does not exist
LINE 4:             AND (last_retry IS NULL OR last_retry < NOW() - ...
                         ^

2025-01-22 14:15:20,055 - ERROR - Error in retry logic: column "last_retry" does not exist
LINE 4:             AND (last_retry IS NULL OR last_retry < NOW() - ...
                         ^

2025-01-22 14:16:20,056 - ERROR - Error in retry logic: column "last_retry" does not exist
LINE 4:             AND (last_retry IS NULL OR last_retry < NOW() - ...
                         ^

2025-01-22 14:17:20,056 - ERROR - Error in retry logic: column "last_retry" does not exist
LINE 4:             AND (last_retry IS NULL OR last_retry < NOW() - ...
                         ^

2025-01-22 14:18:20,056 - ERROR - Error in retry logic: column "last_retry" does not exist
LINE 4:             AND (last_retry IS NULL OR last_retry < NOW() - ...
                         ^

2025-01-22 14:19:20,058 - ERROR - Error in retry logic: column "last_retry" does not exist
LINE 4:             AND (last_retry IS NULL OR last_retry < NOW() - ...
                         ^

2025-01-22 14:20:20,058 - ERROR - Error in retry logic: column "last_retry" does not exist
LINE 4:             AND (last_retry IS NULL OR last_retry < NOW() - ...
                         ^

2025-01-22 14:21:20,058 - ERROR - Error in retry logic: column "last_retry" does not exist
LINE 4:             AND (last_retry IS NULL OR last_retry < NOW() - ...
                         ^

2025-01-22 14:22:20,062 - ERROR - Error in retry logic: column "last_retry" does not exist
LINE 4:             AND (last_retry IS NULL OR last_retry < NOW() - ...
                         ^

2025-01-22 14:23:20,058 - ERROR - Error in retry logic: column "last_retry" does not exist
LINE 4:             AND (last_retry IS NULL OR last_retry < NOW() - ...
                         ^

2025-01-22 14:24:20,058 - ERROR - Error in retry logic: column "last_retry" does not exist
LINE 4:             AND (last_retry IS NULL OR last_retry < NOW() - ...
                         ^

2025-01-22 14:25:20,058 - ERROR - Error in retry logic: column "last_retry" does not exist
LINE 4:             AND (last_retry IS NULL OR last_retry < NOW() - ...
                         ^

2025-01-22 14:26:20,058 - ERROR - Error in retry logic: column "last_retry" does not exist
LINE 4:             AND (last_retry IS NULL OR last_retry < NOW() - ...
                         ^

2025-01-22 14:27:20,065 - ERROR - Error in retry logic: column "last_retry" does not exist
LINE 4:             AND (last_retry IS NULL OR last_retry < NOW() - ...
                         ^

2025-01-22 14:28:20,060 - ERROR - Error in retry logic: column "last_retry" does not exist
LINE 4:             AND (last_retry IS NULL OR last_retry < NOW() - ...
                         ^

2025-01-22 14:29:20,060 - ERROR - Error in retry logic: column "last_retry" does not exist
LINE 4:             AND (last_retry IS NULL OR last_retry < NOW() - ...
                         ^

2025-01-22 14:30:20,060 - ERROR - Error in retry logic: column "last_retry" does not exist
LINE 4:             AND (last_retry IS NULL OR last_retry < NOW() - ...
                         ^

2025-01-22 14:31:20,060 - ERROR - Error in retry logic: column "last_retry" does not exist
LINE 4:             AND (last_retry IS NULL OR last_retry < NOW() - ...
                         ^

2025-01-22 14:32:20,060 - ERROR - Error in retry logic: column "last_retry" does not exist
LINE 4:             AND (last_retry IS NULL OR last_retry < NOW() - ...
                         ^

2025-01-22 14:33:20,060 - ERROR - Error in retry logic: column "last_retry" does not exist
LINE 4:             AND (last_retry IS NULL OR last_retry < NOW() - ...
                         ^

2025-01-22 14:34:20,060 - ERROR - Error in retry logic: column "last_retry" does not exist
LINE 4:             AND (last_retry IS NULL OR last_retry < NOW() - ...
                         ^

2025-01-22 14:35:20,060 - ERROR - Error in retry logic: column "last_retry" does not exist
LINE 4:             AND (last_retry IS NULL OR last_retry < NOW() - ...
                         ^

2025-01-22 14:36:20,060 - ERROR - Error in retry logic: column "last_retry" does not exist
LINE 4:             AND (last_retry IS NULL OR last_retry < NOW() - ...
                         ^

2025-01-22 14:37:20,061 - ERROR - Error in retry logic: column "last_retry" does not exist
LINE 4:             AND (last_retry IS NULL OR last_retry < NOW() - ...
                         ^

2025-01-22 14:38:20,060 - ERROR - Error in retry logic: column "last_retry" does not exist
LINE 4:             AND (last_retry IS NULL OR last_retry < NOW() - ...
                         ^

2025-01-22 14:39:20,060 - ERROR - Error in retry logic: column "last_retry" does not exist
LINE 4:             AND (last_retry IS NULL OR last_retry < NOW() - ...
                         ^

2025-01-22 14:40:20,060 - ERROR - Error in retry logic: column "last_retry" does not exist
LINE 4:             AND (last_retry IS NULL OR last_retry < NOW() - ...
                         ^

2025-01-22 14:41:20,060 - ERROR - Error in retry logic: column "last_retry" does not exist
LINE 4:             AND (last_retry IS NULL OR last_retry < NOW() - ...
                         ^

2025-01-22 14:42:20,060 - ERROR - Error in retry logic: column "last_retry" does not exist
LINE 4:             AND (last_retry IS NULL OR last_retry < NOW() - ...
                         ^

2025-01-22 14:43:20,060 - ERROR - Error in retry logic: column "last_retry" does not exist
LINE 4:             AND (last_retry IS NULL OR last_retry < NOW() - ...
                         ^

2025-01-22 14:44:20,060 - ERROR - Error in retry logic: column "last_retry" does not exist
LINE 4:             AND (last_retry IS NULL OR last_retry < NOW() - ...
                         ^

2025-01-22 14:45:20,060 - ERROR - Error in retry logic: column "last_retry" does not exist
LINE 4:             AND (last_retry IS NULL OR last_retry < NOW() - ...
                         ^

2025-01-22 14:46:20,060 - ERROR - Error in retry logic: column "last_retry" does not exist
LINE 4:             AND (last_retry IS NULL OR last_retry < NOW() - ...
                         ^

2025-01-22 14:47:20,060 - ERROR - Error in retry logic: column "last_retry" does not exist
LINE 4:             AND (last_retry IS NULL OR last_retry < NOW() - ...
                         ^

2025-01-22 14:48:20,060 - ERROR - Error in retry logic: column "last_retry" does not exist
LINE 4:             AND (last_retry IS NULL OR last_retry < NOW() - ...
                         ^

2025-01-22 14:49:20,060 - ERROR - Error in retry logic: column "last_retry" does not exist
LINE 4:             AND (last_retry IS NULL OR last_retry < NOW() - ...
                         ^

2025-01-22 14:50:20,062 - ERROR - Error in retry logic: column "last_retry" does not exist
LINE 4:             AND (last_retry IS NULL OR last_retry < NOW() - ...
                         ^

2025-01-22 14:51:20,060 - ERROR - Error in retry logic: column "last_retry" does not exist
LINE 4:             AND (last_retry IS NULL OR last_retry < NOW() - ...
                         ^

2025-01-22 14:52:20,060 - ERROR - Error in retry logic: column "last_retry" does not exist
LINE 4:             AND (last_retry IS NULL OR last_retry < NOW() - ...
                         ^

2025-01-22 14:53:20,060 - ERROR - Error in retry logic: column "last_retry" does not exist
LINE 4:             AND (last_retry IS NULL OR last_retry < NOW() - ...
                         ^

2025-01-22 14:54:20,060 - ERROR - Error in retry logic: column "last_retry" does not exist
LINE 4:             AND (last_retry IS NULL OR last_retry < NOW() - ...
                         ^

2025-01-22 14:55:20,061 - ERROR - Error in retry logic: column "last_retry" does not exist
LINE 4:             AND (last_retry IS NULL OR last_retry < NOW() - ...
                         ^

2025-01-22 14:56:20,060 - ERROR - Error in retry logic: column "last_retry" does not exist
LINE 4:             AND (last_retry IS NULL OR last_retry < NOW() - ...
                         ^

2025-01-22 14:57:20,060 - ERROR - Error in retry logic: column "last_retry" does not exist
LINE 4:             AND (last_retry IS NULL OR last_retry < NOW() - ...
                         ^

2025-01-22 14:58:20,060 - ERROR - Error in retry logic: column "last_retry" does not exist
LINE 4:             AND (last_retry IS NULL OR last_retry < NOW() - ...
                         ^

2025-01-22 14:59:20,061 - ERROR - Error in retry logic: column "last_retry" does not exist
LINE 4:             AND (last_retry IS NULL OR last_retry < NOW() - ...
                         ^

2025-01-22 15:00:20,060 - ERROR - Error in retry logic: column "last_retry" does not exist
LINE 4:             AND (last_retry IS NULL OR last_retry < NOW() - ...
                         ^

2025-01-22 15:01:20,060 - ERROR - Error in retry logic: column "last_retry" does not exist
LINE 4:             AND (last_retry IS NULL OR last_retry < NOW() - ...
                         ^

2025-01-22 15:02:20,060 - ERROR - Error in retry logic: column "last_retry" does not exist
LINE 4:             AND (last_retry IS NULL OR last_retry < NOW() - ...
                         ^

2025-01-22 15:03:20,060 - ERROR - Error in retry logic: column "last_retry" does not exist
LINE 4:             AND (last_retry IS NULL OR last_retry < NOW() - ...
                         ^

2025-01-22 15:04:20,060 - ERROR - Error in retry logic: column "last_retry" does not exist
LINE 4:             AND (last_retry IS NULL OR last_retry < NOW() - ...
                         ^

2025-01-22 15:05:20,060 - ERROR - Error in retry logic: column "last_retry" does not exist
LINE 4:             AND (last_retry IS NULL OR last_retry < NOW() - ...
                         ^

2025-01-22 15:06:20,060 - ERROR - Error in retry logic: column "last_retry" does not exist
LINE 4:             AND (last_retry IS NULL OR last_retry < NOW() - ...
                         ^

2025-01-22 15:07:20,060 - ERROR - Error in retry logic: column "last_retry" does not exist
LINE 4:             AND (last_retry IS NULL OR last_retry < NOW() - ...
                         ^

2025-01-22 15:08:20,062 - ERROR - Error in retry logic: column "last_retry" does not exist
LINE 4:             AND (last_retry IS NULL OR last_retry < NOW() - ...
                         ^

2025-01-22 15:09:20,061 - ERROR - Error in retry logic: column "last_retry" does not exist
LINE 4:             AND (last_retry IS NULL OR last_retry < NOW() - ...
                         ^

2025-01-22 15:10:20,066 - ERROR - Error in retry logic: column "last_retry" does not exist
LINE 4:             AND (last_retry IS NULL OR last_retry < NOW() - ...
                         ^

2025-01-22 15:11:20,061 - ERROR - Error in retry logic: column "last_retry" does not exist
LINE 4:             AND (last_retry IS NULL OR last_retry < NOW() - ...
                         ^

2025-01-22 15:12:20,065 - ERROR - Error in retry logic: column "last_retry" does not exist
LINE 4:             AND (last_retry IS NULL OR last_retry < NOW() - ...
                         ^

2025-01-22 15:13:20,061 - ERROR - Error in retry logic: column "last_retry" does not exist
LINE 4:             AND (last_retry IS NULL OR last_retry < NOW() - ...
                         ^

2025-01-22 15:14:20,061 - ERROR - Error in retry logic: column "last_retry" does not exist
LINE 4:             AND (last_retry IS NULL OR last_retry < NOW() - ...
                         ^

2025-01-22 15:15:20,062 - ERROR - Error in retry logic: column "last_retry" does not exist
LINE 4:             AND (last_retry IS NULL OR last_retry < NOW() - ...
                         ^

2025-01-22 15:16:20,061 - ERROR - Error in retry logic: column "last_retry" does not exist
LINE 4:             AND (last_retry IS NULL OR last_retry < NOW() - ...
                         ^

2025-01-22 15:17:20,062 - ERROR - Error in retry logic: column "last_retry" does not exist
LINE 4:             AND (last_retry IS NULL OR last_retry < NOW() - ...
                         ^

2025-01-22 15:18:20,061 - ERROR - Error in retry logic: column "last_retry" does not exist
LINE 4:             AND (last_retry IS NULL OR last_retry < NOW() - ...
                         ^

2025-01-22 15:19:20,061 - ERROR - Error in retry logic: column "last_retry" does not exist
LINE 4:             AND (last_retry IS NULL OR last_retry < NOW() - ...
                         ^

2025-01-22 15:20:20,062 - ERROR - Error in retry logic: column "last_retry" does not exist
LINE 4:             AND (last_retry IS NULL OR last_retry < NOW() - ...
                         ^

2025-01-22 15:21:20,061 - ERROR - Error in retry logic: column "last_retry" does not exist
LINE 4:             AND (last_retry IS NULL OR last_retry < NOW() - ...
                         ^

2025-01-22 15:22:20,061 - ERROR - Error in retry logic: column "last_retry" does not exist
LINE 4:             AND (last_retry IS NULL OR last_retry < NOW() - ...
                         ^

2025-01-22 15:23:20,061 - ERROR - Error in retry logic: column "last_retry" does not exist
LINE 4:             AND (last_retry IS NULL OR last_retry < NOW() - ...
                         ^

2025-01-22 15:24:20,061 - ERROR - Error in retry logic: column "last_retry" does not exist
LINE 4:             AND (last_retry IS NULL OR last_retry < NOW() - ...
                         ^

2025-01-22 15:25:20,061 - ERROR - Error in retry logic: column "last_retry" does not exist
LINE 4:             AND (last_retry IS NULL OR last_retry < NOW() - ...
                         ^

2025-01-22 15:26:20,061 - ERROR - Error in retry logic: column "last_retry" does not exist
LINE 4:             AND (last_retry IS NULL OR last_retry < NOW() - ...
                         ^

2025-01-22 15:27:20,063 - ERROR - Error in retry logic: column "last_retry" does not exist
LINE 4:             AND (last_retry IS NULL OR last_retry < NOW() - ...
                         ^

2025-01-22 15:28:20,062 - ERROR - Error in retry logic: column "last_retry" does not exist
LINE 4:             AND (last_retry IS NULL OR last_retry < NOW() - ...
                         ^

2025-01-22 15:29:20,062 - ERROR - Error in retry logic: column "last_retry" does not exist
LINE 4:             AND (last_retry IS NULL OR last_retry < NOW() - ...
                         ^

2025-01-22 15:30:20,063 - ERROR - Error in retry logic: column "last_retry" does not exist
LINE 4:             AND (last_retry IS NULL OR last_retry < NOW() - ...
                         ^

2025-01-22 15:31:20,061 - ERROR - Error in retry logic: column "last_retry" does not exist
LINE 4:             AND (last_retry IS NULL OR last_retry < NOW() - ...
                         ^

2025-01-22 15:32:20,061 - ERROR - Error in retry logic: column "last_retry" does not exist
LINE 4:             AND (last_retry IS NULL OR last_retry < NOW() - ...
                         ^

2025-01-22 15:33:20,062 - ERROR - Error in retry logic: column "last_retry" does not exist
LINE 4:             AND (last_retry IS NULL OR last_retry < NOW() - ...
                         ^

2025-01-22 15:34:20,062 - ERROR - Error in retry logic: column "last_retry" does not exist
LINE 4:             AND (last_retry IS NULL OR last_retry < NOW() - ...
                         ^

2025-01-22 15:35:20,065 - ERROR - Error in retry logic: column "last_retry" does not exist
LINE 4:             AND (last_retry IS NULL OR last_retry < NOW() - ...
                         ^

2025-01-22 15:36:20,065 - ERROR - Error in retry logic: column "last_retry" does not exist
LINE 4:             AND (last_retry IS NULL OR last_retry < NOW() - ...
                         ^

2025-01-22 15:37:20,065 - ERROR - Error in retry logic: column "last_retry" does not exist
LINE 4:             AND (last_retry IS NULL OR last_retry < NOW() - ...
                         ^

2025-01-22 15:38:20,065 - ERROR - Error in retry logic: column "last_retry" does not exist
LINE 4:             AND (last_retry IS NULL OR last_retry < NOW() - ...
                         ^

2025-01-22 15:39:20,065 - ERROR - Error in retry logic: column "last_retry" does not exist
LINE 4:             AND (last_retry IS NULL OR last_retry < NOW() - ...
                         ^

2025-01-22 15:40:20,065 - ERROR - Error in retry logic: column "last_retry" does not exist
LINE 4:             AND (last_retry IS NULL OR last_retry < NOW() - ...
                         ^

2025-01-22 15:41:20,066 - ERROR - Error in retry logic: column "last_retry" does not exist
LINE 4:             AND (last_retry IS NULL OR last_retry < NOW() - ...
                         ^

2025-01-22 15:42:20,065 - ERROR - Error in retry logic: column "last_retry" does not exist
LINE 4:             AND (last_retry IS NULL OR last_retry < NOW() - ...
                         ^

2025-01-22 15:43:20,065 - ERROR - Error in retry logic: column "last_retry" does not exist
LINE 4:             AND (last_retry IS NULL OR last_retry < NOW() - ...
                         ^

2025-01-22 15:44:20,065 - ERROR - Error in retry logic: column "last_retry" does not exist
LINE 4:             AND (last_retry IS NULL OR last_retry < NOW() - ...
                         ^

2025-01-22 15:45:20,065 - ERROR - Error in retry logic: column "last_retry" does not exist
LINE 4:             AND (last_retry IS NULL OR last_retry < NOW() - ...
                         ^

2025-01-22 15:46:20,065 - ERROR - Error in retry logic: column "last_retry" does not exist
LINE 4:             AND (last_retry IS NULL OR last_retry < NOW() - ...
                         ^

2025-01-22 15:47:20,065 - ERROR - Error in retry logic: column "last_retry" does not exist
LINE 4:             AND (last_retry IS NULL OR last_retry < NOW() - ...
                         ^

2025-01-22 15:48:20,065 - ERROR - Error in retry logic: column "last_retry" does not exist
LINE 4:             AND (last_retry IS NULL OR last_retry < NOW() - ...
                         ^

2025-01-22 15:49:20,065 - ERROR - Error in retry logic: column "last_retry" does not exist
LINE 4:             AND (last_retry IS NULL OR last_retry < NOW() - ...
                         ^

2025-01-22 15:50:20,065 - ERROR - Error in retry logic: column "last_retry" does not exist
LINE 4:             AND (last_retry IS NULL OR last_retry < NOW() - ...
                         ^

2025-01-22 15:51:20,070 - ERROR - Error in retry logic: column "last_retry" does not exist
LINE 4:             AND (last_retry IS NULL OR last_retry < NOW() - ...
                         ^

2025-01-22 15:52:20,065 - ERROR - Error in retry logic: column "last_retry" does not exist
LINE 4:             AND (last_retry IS NULL OR last_retry < NOW() - ...
                         ^

2025-01-22 15:53:20,065 - ERROR - Error in retry logic: column "last_retry" does not exist
LINE 4:             AND (last_retry IS NULL OR last_retry < NOW() - ...
                         ^

2025-01-22 15:54:20,065 - ERROR - Error in retry logic: column "last_retry" does not exist
LINE 4:             AND (last_retry IS NULL OR last_retry < NOW() - ...
                         ^

2025-01-22 15:55:20,065 - ERROR - Error in retry logic: column "last_retry" does not exist
LINE 4:             AND (last_retry IS NULL OR last_retry < NOW() - ...
                         ^

2025-01-22 15:56:20,065 - ERROR - Error in retry logic: column "last_retry" does not exist
LINE 4:             AND (last_retry IS NULL OR last_retry < NOW() - ...
                         ^

2025-01-22 15:57:20,065 - ERROR - Error in retry logic: column "last_retry" does not exist
LINE 4:             AND (last_retry IS NULL OR last_retry < NOW() - ...
                         ^

2025-01-22 15:58:20,065 - ERROR - Error in retry logic: column "last_retry" does not exist
LINE 4:             AND (last_retry IS NULL OR last_retry < NOW() - ...
                         ^

2025-01-22 15:59:20,068 - ERROR - Error in retry logic: column "last_retry" does not exist
LINE 4:             AND (last_retry IS NULL OR last_retry < NOW() - ...
                         ^

2025-01-22 16:00:20,068 - ERROR - Error in retry logic: column "last_retry" does not exist
LINE 4:             AND (last_retry IS NULL OR last_retry < NOW() - ...
                         ^

2025-01-22 16:03:00,229 - ERROR - General error: Could not connect to the endpoint URL: "https://dynamodb.ap-south-1.amazonaws.com/"
2025-01-22 16:03:00,235 - ERROR - Error in retry logic: column "last_retry" does not exist
LINE 4:             AND (last_retry IS NULL OR last_retry < NOW() - ...
                         ^

2025-01-22 16:04:00,235 - ERROR - Error in retry logic: column "last_retry" does not exist
LINE 4:             AND (last_retry IS NULL OR last_retry < NOW() - ...
                         ^

2025-01-22 16:05:00,237 - ERROR - Error in retry logic: column "last_retry" does not exist
LINE 4:             AND (last_retry IS NULL OR last_retry < NOW() - ...
                         ^

2025-01-22 16:06:00,235 - ERROR - Error in retry logic: column "last_retry" does not exist
LINE 4:             AND (last_retry IS NULL OR last_retry < NOW() - ...
                         ^

2025-01-22 16:07:00,235 - ERROR - Error in retry logic: column "last_retry" does not exist
LINE 4:             AND (last_retry IS NULL OR last_retry < NOW() - ...
                         ^

2025-01-22 16:08:00,235 - ERROR - Error in retry logic: column "last_retry" does not exist
LINE 4:             AND (last_retry IS NULL OR last_retry < NOW() - ...
                         ^

2025-01-22 16:09:00,235 - ERROR - Error in retry logic: column "last_retry" does not exist
LINE 4:             AND (last_retry IS NULL OR last_retry < NOW() - ...
                         ^

2025-01-22 16:10:00,235 - ERROR - Error in retry logic: column "last_retry" does not exist
LINE 4:             AND (last_retry IS NULL OR last_retry < NOW() - ...
                         ^

2025-01-22 16:11:00,235 - ERROR - Error in retry logic: column "last_retry" does not exist
LINE 4:             AND (last_retry IS NULL OR last_retry < NOW() - ...
                         ^

2025-01-22 16:12:00,235 - ERROR - Error in retry logic: column "last_retry" does not exist
LINE 4:             AND (last_retry IS NULL OR last_retry < NOW() - ...
                         ^

2025-01-22 16:13:00,239 - ERROR - Error in retry logic: column "last_retry" does not exist
LINE 4:             AND (last_retry IS NULL OR last_retry < NOW() - ...
                         ^

2025-01-22 16:14:00,239 - ERROR - Error in retry logic: column "last_retry" does not exist
LINE 4:             AND (last_retry IS NULL OR last_retry < NOW() - ...
                         ^

2025-01-22 16:15:00,236 - ERROR - Error in retry logic: column "last_retry" does not exist
LINE 4:             AND (last_retry IS NULL OR last_retry < NOW() - ...
                         ^

2025-01-22 16:16:00,236 - ERROR - Error in retry logic: column "last_retry" does not exist
LINE 4:             AND (last_retry IS NULL OR last_retry < NOW() - ...
                         ^

2025-01-22 16:17:00,236 - ERROR - Error in retry logic: column "last_retry" does not exist
LINE 4:             AND (last_retry IS NULL OR last_retry < NOW() - ...
                         ^

2025-01-22 16:18:00,236 - ERROR - Error in retry logic: column "last_retry" does not exist
LINE 4:             AND (last_retry IS NULL OR last_retry < NOW() - ...
                         ^

2025-01-22 16:19:00,236 - ERROR - Error in retry logic: column "last_retry" does not exist
LINE 4:             AND (last_retry IS NULL OR last_retry < NOW() - ...
                         ^

2025-01-22 16:20:00,236 - ERROR - Error in retry logic: column "last_retry" does not exist
LINE 4:             AND (last_retry IS NULL OR last_retry < NOW() - ...
                         ^

2025-01-22 16:21:00,236 - ERROR - Error in retry logic: column "last_retry" does not exist
LINE 4:             AND (last_retry IS NULL OR last_retry < NOW() - ...
                         ^

2025-01-22 16:22:00,236 - ERROR - Error in retry logic: column "last_retry" does not exist
LINE 4:             AND (last_retry IS NULL OR last_retry < NOW() - ...
                         ^

2025-01-22 16:23:00,238 - ERROR - Error in retry logic: column "last_retry" does not exist
LINE 4:             AND (last_retry IS NULL OR last_retry < NOW() - ...
                         ^

2025-01-22 16:24:00,239 - ERROR - Error in retry logic: column "last_retry" does not exist
LINE 4:             AND (last_retry IS NULL OR last_retry < NOW() - ...
                         ^

2025-01-22 16:25:00,238 - ERROR - Error in retry logic: column "last_retry" does not exist
LINE 4:             AND (last_retry IS NULL OR last_retry < NOW() - ...
                         ^

2025-01-22 16:26:00,237 - ERROR - Error in retry logic: column "last_retry" does not exist
LINE 4:             AND (last_retry IS NULL OR last_retry < NOW() - ...
                         ^

2025-01-22 16:27:00,236 - ERROR - Error in retry logic: column "last_retry" does not exist
LINE 4:             AND (last_retry IS NULL OR last_retry < NOW() - ...
                         ^

2025-01-22 16:28:00,237 - ERROR - Error in retry logic: column "last_retry" does not exist
LINE 4:             AND (last_retry IS NULL OR last_retry < NOW() - ...
                         ^

2025-01-22 16:29:00,238 - ERROR - Error in retry logic: column "last_retry" does not exist
LINE 4:             AND (last_retry IS NULL OR last_retry < NOW() - ...
                         ^

2025-01-22 16:30:00,242 - ERROR - Error in retry logic: column "last_retry" does not exist
LINE 4:             AND (last_retry IS NULL OR last_retry < NOW() - ...
                         ^

2025-01-22 16:31:00,239 - ERROR - Error in retry logic: column "last_retry" does not exist
LINE 4:             AND (last_retry IS NULL OR last_retry < NOW() - ...
                         ^

2025-01-22 16:32:00,239 - ERROR - Error in retry logic: column "last_retry" does not exist
LINE 4:             AND (last_retry IS NULL OR last_retry < NOW() - ...
                         ^

2025-01-22 16:33:00,244 - ERROR - Error in retry logic: column "last_retry" does not exist
LINE 4:             AND (last_retry IS NULL OR last_retry < NOW() - ...
                         ^

2025-01-22 16:34:00,243 - ERROR - Error in retry logic: column "last_retry" does not exist
LINE 4:             AND (last_retry IS NULL OR last_retry < NOW() - ...
                         ^

2025-01-22 16:35:00,243 - ERROR - Error in retry logic: column "last_retry" does not exist
LINE 4:             AND (last_retry IS NULL OR last_retry < NOW() - ...
                         ^

2025-01-22 16:36:00,243 - ERROR - Error in retry logic: column "last_retry" does not exist
LINE 4:             AND (last_retry IS NULL OR last_retry < NOW() - ...
                         ^

2025-01-22 16:37:00,243 - ERROR - Error in retry logic: column "last_retry" does not exist
LINE 4:             AND (last_retry IS NULL OR last_retry < NOW() - ...
                         ^

2025-01-22 16:38:00,243 - ERROR - Error in retry logic: column "last_retry" does not exist
LINE 4:             AND (last_retry IS NULL OR last_retry < NOW() - ...
                         ^

2025-01-22 16:39:00,243 - ERROR - Error in retry logic: column "last_retry" does not exist
LINE 4:             AND (last_retry IS NULL OR last_retry < NOW() - ...
                         ^

2025-01-22 16:40:00,244 - ERROR - Error in retry logic: column "last_retry" does not exist
LINE 4:             AND (last_retry IS NULL OR last_retry < NOW() - ...
                         ^

2025-01-22 16:41:00,243 - ERROR - Error in retry logic: column "last_retry" does not exist
LINE 4:             AND (last_retry IS NULL OR last_retry < NOW() - ...
                         ^

2025-01-22 16:42:00,250 - ERROR - Error in retry logic: column "last_retry" does not exist
LINE 4:             AND (last_retry IS NULL OR last_retry < NOW() - ...
                         ^

2025-01-22 16:43:00,258 - ERROR - Error in retry logic: column "last_retry" does not exist
LINE 4:             AND (last_retry IS NULL OR last_retry < NOW() - ...
                         ^

2025-01-22 16:44:00,258 - ERROR - Error in retry logic: column "last_retry" does not exist
LINE 4:             AND (last_retry IS NULL OR last_retry < NOW() - ...
                         ^

2025-01-22 16:45:00,259 - ERROR - Error in retry logic: column "last_retry" does not exist
LINE 4:             AND (last_retry IS NULL OR last_retry < NOW() - ...
                         ^

2025-01-22 16:46:00,259 - ERROR - Error in retry logic: column "last_retry" does not exist
LINE 4:             AND (last_retry IS NULL OR last_retry < NOW() - ...
                         ^

2025-01-22 16:47:00,259 - ERROR - Error in retry logic: column "last_retry" does not exist
LINE 4:             AND (last_retry IS NULL OR last_retry < NOW() - ...
                         ^

2025-01-22 16:48:00,258 - ERROR - Error in retry logic: column "last_retry" does not exist
LINE 4:             AND (last_retry IS NULL OR last_retry < NOW() - ...
                         ^

2025-01-22 16:49:00,259 - ERROR - Error in retry logic: column "last_retry" does not exist
LINE 4:             AND (last_retry IS NULL OR last_retry < NOW() - ...
                         ^

2025-01-22 16:50:00,258 - ERROR - Error in retry logic: column "last_retry" does not exist
LINE 4:             AND (last_retry IS NULL OR last_retry < NOW() - ...
                         ^

2025-01-22 16:51:00,258 - ERROR - Error in retry logic: column "last_retry" does not exist
LINE 4:             AND (last_retry IS NULL OR last_retry < NOW() - ...
                         ^

2025-01-22 16:52:00,259 - ERROR - Error in retry logic: column "last_retry" does not exist
LINE 4:             AND (last_retry IS NULL OR last_retry < NOW() - ...
                         ^

2025-01-22 16:53:00,258 - ERROR - Error in retry logic: column "last_retry" does not exist
LINE 4:             AND (last_retry IS NULL OR last_retry < NOW() - ...
                         ^

2025-01-22 16:54:00,258 - ERROR - Error in retry logic: column "last_retry" does not exist
LINE 4:             AND (last_retry IS NULL OR last_retry < NOW() - ...
                         ^

2025-01-22 16:55:00,258 - ERROR - Error in retry logic: column "last_retry" does not exist
LINE 4:             AND (last_retry IS NULL OR last_retry < NOW() - ...
                         ^

2025-01-22 16:56:00,258 - ERROR - Error in retry logic: column "last_retry" does not exist
LINE 4:             AND (last_retry IS NULL OR last_retry < NOW() - ...
                         ^

2025-01-22 16:57:00,258 - ERROR - Error in retry logic: column "last_retry" does not exist
LINE 4:             AND (last_retry IS NULL OR last_retry < NOW() - ...
                         ^

2025-01-22 16:58:00,258 - ERROR - Error in retry logic: column "last_retry" does not exist
LINE 4:             AND (last_retry IS NULL OR last_retry < NOW() - ...
                         ^

2025-01-22 16:59:00,258 - ERROR - Error in retry logic: column "last_retry" does not exist
LINE 4:             AND (last_retry IS NULL OR last_retry < NOW() - ...
                         ^

2025-01-22 17:00:00,258 - ERROR - Error in retry logic: column "last_retry" does not exist
LINE 4:             AND (last_retry IS NULL OR last_retry < NOW() - ...
                         ^

2025-01-22 17:01:00,258 - ERROR - Error in retry logic: column "last_retry" does not exist
LINE 4:             AND (last_retry IS NULL OR last_retry < NOW() - ...
                         ^

2025-01-22 17:02:00,262 - ERROR - Error in retry logic: column "last_retry" does not exist
LINE 4:             AND (last_retry IS NULL OR last_retry < NOW() - ...
                         ^

2025-01-22 17:03:00,258 - ERROR - Error in retry logic: column "last_retry" does not exist
LINE 4:             AND (last_retry IS NULL OR last_retry < NOW() - ...
                         ^

2025-01-22 17:04:00,258 - ERROR - Error in retry logic: column "last_retry" does not exist
LINE 4:             AND (last_retry IS NULL OR last_retry < NOW() - ...
                         ^

2025-01-22 17:05:00,258 - ERROR - Error in retry logic: column "last_retry" does not exist
LINE 4:             AND (last_retry IS NULL OR last_retry < NOW() - ...
                         ^

2025-01-22 17:06:00,258 - ERROR - Error in retry logic: column "last_retry" does not exist
LINE 4:             AND (last_retry IS NULL OR last_retry < NOW() - ...
                         ^

2025-01-22 17:07:00,258 - ERROR - Error in retry logic: column "last_retry" does not exist
LINE 4:             AND (last_retry IS NULL OR last_retry < NOW() - ...
                         ^

2025-01-22 17:08:00,258 - ERROR - Error in retry logic: column "last_retry" does not exist
LINE 4:             AND (last_retry IS NULL OR last_retry < NOW() - ...
                         ^

2025-01-22 17:09:00,258 - ERROR - Error in retry logic: column "last_retry" does not exist
LINE 4:             AND (last_retry IS NULL OR last_retry < NOW() - ...
                         ^

2025-01-22 17:10:00,262 - ERROR - Error in retry logic: column "last_retry" does not exist
LINE 4:             AND (last_retry IS NULL OR last_retry < NOW() - ...
                         ^

2025-01-22 17:11:00,258 - ERROR - Error in retry logic: column "last_retry" does not exist
LINE 4:             AND (last_retry IS NULL OR last_retry < NOW() - ...
                         ^

2025-01-22 17:12:00,258 - ERROR - Error in retry logic: column "last_retry" does not exist
LINE 4:             AND (last_retry IS NULL OR last_retry < NOW() - ...
                         ^

2025-01-22 17:14:05,723 - ERROR - General error: Could not connect to the endpoint URL: "https://dynamodb.ap-south-1.amazonaws.com/"
2025-01-22 17:14:05,727 - ERROR - Error in retry logic: column "last_retry" does not exist
LINE 4:             AND (last_retry IS NULL OR last_retry < NOW() - ...
                         ^

2025-01-22 17:15:05,730 - ERROR - Error in retry logic: column "last_retry" does not exist
LINE 4:             AND (last_retry IS NULL OR last_retry < NOW() - ...
                         ^

2025-01-22 17:16:05,727 - ERROR - Error in retry logic: column "last_retry" does not exist
LINE 4:             AND (last_retry IS NULL OR last_retry < NOW() - ...
                         ^

2025-01-22 17:17:05,727 - ERROR - Error in retry logic: column "last_retry" does not exist
LINE 4:             AND (last_retry IS NULL OR last_retry < NOW() - ...
                         ^

2025-01-22 17:18:05,728 - ERROR - Error in retry logic: column "last_retry" does not exist
LINE 4:             AND (last_retry IS NULL OR last_retry < NOW() - ...
                         ^

2025-01-22 17:19:05,727 - ERROR - Error in retry logic: column "last_retry" does not exist
LINE 4:             AND (last_retry IS NULL OR last_retry < NOW() - ...
                         ^

2025-01-22 17:20:05,731 - ERROR - Error in retry logic: column "last_retry" does not exist
LINE 4:             AND (last_retry IS NULL OR last_retry < NOW() - ...
                         ^

2025-01-22 17:21:05,733 - ERROR - Error in retry logic: column "last_retry" does not exist
LINE 4:             AND (last_retry IS NULL OR last_retry < NOW() - ...
                         ^

2025-01-22 17:22:05,731 - ERROR - Error in retry logic: column "last_retry" does not exist
LINE 4:             AND (last_retry IS NULL OR last_retry < NOW() - ...
                         ^

2025-01-22 17:23:05,729 - ERROR - Error in retry logic: column "last_retry" does not exist
LINE 4:             AND (last_retry IS NULL OR last_retry < NOW() - ...
                         ^

2025-01-22 17:24:05,727 - ERROR - Error in retry logic: column "last_retry" does not exist
LINE 4:             AND (last_retry IS NULL OR last_retry < NOW() - ...
                         ^

2025-01-22 17:25:05,727 - ERROR - Error in retry logic: column "last_retry" does not exist
LINE 4:             AND (last_retry IS NULL OR last_retry < NOW() - ...
                         ^

2025-01-22 17:26:05,728 - ERROR - Error in retry logic: column "last_retry" does not exist
LINE 4:             AND (last_retry IS NULL OR last_retry < NOW() - ...
                         ^

2025-01-22 17:27:05,728 - ERROR - Error in retry logic: column "last_retry" does not exist
LINE 4:             AND (last_retry IS NULL OR last_retry < NOW() - ...
                         ^

2025-01-22 17:28:05,728 - ERROR - Error in retry logic: column "last_retry" does not exist
LINE 4:             AND (last_retry IS NULL OR last_retry < NOW() - ...
                         ^

2025-01-22 17:30:47,685 - ERROR - General error: Could not connect to the endpoint URL: "https://dynamodb.ap-south-1.amazonaws.com/"
2025-01-22 17:30:47,689 - ERROR - Error in retry logic: column "last_retry" does not exist
LINE 4:             AND (last_retry IS NULL OR last_retry < NOW() - ...
                         ^

2025-01-22 17:31:47,690 - ERROR - Error in retry logic: column "last_retry" does not exist
LINE 4:             AND (last_retry IS NULL OR last_retry < NOW() - ...
                         ^

2025-01-22 17:32:47,694 - ERROR - Error in retry logic: column "last_retry" does not exist
LINE 4:             AND (last_retry IS NULL OR last_retry < NOW() - ...
                         ^

2025-01-22 17:33:47,690 - ERROR - Error in retry logic: column "last_retry" does not exist
LINE 4:             AND (last_retry IS NULL OR last_retry < NOW() - ...
                         ^

2025-01-22 17:34:47,690 - ERROR - Error in retry logic: column "last_retry" does not exist
LINE 4:             AND (last_retry IS NULL OR last_retry < NOW() - ...
                         ^

2025-01-22 17:35:47,690 - ERROR - Error in retry logic: column "last_retry" does not exist
LINE 4:             AND (last_retry IS NULL OR last_retry < NOW() - ...
                         ^

2025-01-22 17:36:47,690 - ERROR - Error in retry logic: column "last_retry" does not exist
LINE 4:             AND (last_retry IS NULL OR last_retry < NOW() - ...
                         ^

2025-01-22 17:39:08,412 - ERROR - General error: Could not connect to the endpoint URL: "https://dynamodb.ap-south-1.amazonaws.com/"
2025-01-22 17:39:08,419 - ERROR - Error in retry logic: column "last_retry" does not exist
LINE 4:             AND (last_retry IS NULL OR last_retry < NOW() - ...
                         ^

2025-01-22 17:42:03,893 - ERROR - General error: Could not connect to the endpoint URL: "https://dynamodb.ap-south-1.amazonaws.com/"
2025-01-22 17:44:09,580 - ERROR - General error: Could not connect to the endpoint URL: "https://dynamodb.ap-south-1.amazonaws.com/"
2025-01-22 17:46:15,274 - ERROR - General error: Could not connect to the endpoint URL: "https://dynamodb.ap-south-1.amazonaws.com/"
2025-01-22 17:48:20,965 - ERROR - General error: Could not connect to the endpoint URL: "https://dynamodb.ap-south-1.amazonaws.com/"
2025-01-22 17:48:20,968 - ERROR - Error in retry logic: column "last_retry" does not exist
LINE 4:             AND (last_retry IS NULL OR last_retry < NOW() - ...
                         ^

2025-01-22 17:49:20,968 - ERROR - Error in retry logic: column "last_retry" does not exist
LINE 4:             AND (last_retry IS NULL OR last_retry < NOW() - ...
                         ^

2025-01-22 17:50:20,968 - ERROR - Error in retry logic: column "last_retry" does not exist
LINE 4:             AND (last_retry IS NULL OR last_retry < NOW() - ...
                         ^

2025-01-22 17:52:30,832 - ERROR - General error: Could not connect to the endpoint URL: "https://dynamodb.ap-south-1.amazonaws.com/"
2025-01-22 17:52:30,835 - ERROR - Error in retry logic: column "last_retry" does not exist
LINE 4:             AND (last_retry IS NULL OR last_retry < NOW() - ...
                         ^

2025-01-22 17:53:30,835 - ERROR - Error in retry logic: column "last_retry" does not exist
LINE 4:             AND (last_retry IS NULL OR last_retry < NOW() - ...
                         ^

2025-01-22 17:54:30,835 - ERROR - Error in retry logic: column "last_retry" does not exist
LINE 4:             AND (last_retry IS NULL OR last_retry < NOW() - ...
                         ^

2025-01-22 17:55:30,835 - ERROR - Error in retry logic: column "last_retry" does not exist
LINE 4:             AND (last_retry IS NULL OR last_retry < NOW() - ...
                         ^

2025-01-22 17:56:30,835 - ERROR - Error in retry logic: column "last_retry" does not exist
LINE 4:             AND (last_retry IS NULL OR last_retry < NOW() - ...
                         ^

2025-01-22 17:57:30,835 - ERROR - Error in retry logic: column "last_retry" does not exist
LINE 4:             AND (last_retry IS NULL OR last_retry < NOW() - ...
                         ^

2025-01-22 17:58:30,835 - ERROR - Error in retry logic: column "last_retry" does not exist
LINE 4:             AND (last_retry IS NULL OR last_retry < NOW() - ...
                         ^

2025-01-22 17:59:30,835 - ERROR - Error in retry logic: column "last_retry" does not exist
LINE 4:             AND (last_retry IS NULL OR last_retry < NOW() - ...
                         ^

2025-01-22 18:00:30,835 - ERROR - Error in retry logic: column "last_retry" does not exist
LINE 4:             AND (last_retry IS NULL OR last_retry < NOW() - ...
                         ^

2025-01-22 18:01:30,835 - ERROR - Error in retry logic: column "last_retry" does not exist
LINE 4:             AND (last_retry IS NULL OR last_retry < NOW() - ...
                         ^

2025-01-22 18:02:30,845 - ERROR - Error in retry logic: column "last_retry" does not exist
LINE 4:             AND (last_retry IS NULL OR last_retry < NOW() - ...
                         ^

2025-01-22 18:03:30,835 - ERROR - Error in retry logic: column "last_retry" does not exist
LINE 4:             AND (last_retry IS NULL OR last_retry < NOW() - ...
                         ^

2025-01-22 18:04:30,835 - ERROR - Error in retry logic: column "last_retry" does not exist
LINE 4:             AND (last_retry IS NULL OR last_retry < NOW() - ...
                         ^

2025-01-22 18:05:30,838 - ERROR - Error in retry logic: column "last_retry" does not exist
LINE 4:             AND (last_retry IS NULL OR last_retry < NOW() - ...
                         ^

2025-01-22 18:06:30,835 - ERROR - Error in retry logic: column "last_retry" does not exist
LINE 4:             AND (last_retry IS NULL OR last_retry < NOW() - ...
                         ^

2025-01-22 18:07:30,840 - ERROR - Error in retry logic: column "last_retry" does not exist
LINE 4:             AND (last_retry IS NULL OR last_retry < NOW() - ...
                         ^

2025-01-22 18:10:23,852 - ERROR - General error: Could not connect to the endpoint URL: "https://dynamodb.ap-south-1.amazonaws.com/"
2025-01-22 18:10:23,856 - ERROR - Error in retry logic: column "last_retry" does not exist
LINE 4:             AND (last_retry IS NULL OR last_retry < NOW() - ...
                         ^

2025-01-22 18:11:23,856 - ERROR - Error in retry logic: column "last_retry" does not exist
LINE 4:             AND (last_retry IS NULL OR last_retry < NOW() - ...
                         ^

2025-01-22 18:12:23,856 - ERROR - Error in retry logic: column "last_retry" does not exist
LINE 4:             AND (last_retry IS NULL OR last_retry < NOW() - ...
                         ^

2025-01-22 18:13:23,856 - ERROR - Error in retry logic: column "last_retry" does not exist
LINE 4:             AND (last_retry IS NULL OR last_retry < NOW() - ...
                         ^

2025-01-22 18:14:23,858 - ERROR - Error in retry logic: column "last_retry" does not exist
LINE 4:             AND (last_retry IS NULL OR last_retry < NOW() - ...
                         ^

2025-01-22 18:15:23,859 - ERROR - Error in retry logic: column "last_retry" does not exist
LINE 4:             AND (last_retry IS NULL OR last_retry < NOW() - ...
                         ^

2025-01-22 18:16:23,856 - ERROR - Error in retry logic: column "last_retry" does not exist
LINE 4:             AND (last_retry IS NULL OR last_retry < NOW() - ...
                         ^

2025-01-22 18:17:23,857 - ERROR - Error in retry logic: column "last_retry" does not exist
LINE 4:             AND (last_retry IS NULL OR last_retry < NOW() - ...
                         ^

2025-01-22 18:18:23,856 - ERROR - Error in retry logic: column "last_retry" does not exist
LINE 4:             AND (last_retry IS NULL OR last_retry < NOW() - ...
                         ^

2025-01-22 18:19:23,856 - ERROR - Error in retry logic: column "last_retry" does not exist
LINE 4:             AND (last_retry IS NULL OR last_retry < NOW() - ...
                         ^

2025-01-22 18:20:23,856 - ERROR - Error in retry logic: column "last_retry" does not exist
LINE 4:             AND (last_retry IS NULL OR last_retry < NOW() - ...
                         ^

2025-01-22 18:21:23,856 - ERROR - Error in retry logic: column "last_retry" does not exist
LINE 4:             AND (last_retry IS NULL OR last_retry < NOW() - ...
                         ^

2025-01-22 18:24:03,809 - ERROR - General error: Could not connect to the endpoint URL: "https://dynamodb.ap-south-1.amazonaws.com/"
2025-01-22 18:26:09,509 - ERROR - General error: Could not connect to the endpoint URL: "https://dynamodb.ap-south-1.amazonaws.com/"
2025-01-22 18:28:15,200 - ERROR - General error: Could not connect to the endpoint URL: "https://dynamodb.ap-south-1.amazonaws.com/"
2025-01-22 18:28:15,204 - ERROR - Error in retry logic: column "last_retry" does not exist
LINE 4:             AND (last_retry IS NULL OR last_retry < NOW() - ...
                         ^

2025-01-22 18:30:43,651 - ERROR - General error: Could not connect to the endpoint URL: "https://dynamodb.ap-south-1.amazonaws.com/"
2025-01-22 18:30:43,654 - ERROR - Error in retry logic: column "last_retry" does not exist
LINE 4:             AND (last_retry IS NULL OR last_retry < NOW() - ...
                         ^

2025-01-22 18:33:42,048 - ERROR - General error: Could not connect to the endpoint URL: "https://dynamodb.ap-south-1.amazonaws.com/"
2025-01-22 18:33:42,052 - ERROR - Error in retry logic: column "last_retry" does not exist
LINE 4:             AND (last_retry IS NULL OR last_retry < NOW() - ...
                         ^

2025-01-22 18:34:42,052 - ERROR - Error in retry logic: column "last_retry" does not exist
LINE 4:             AND (last_retry IS NULL OR last_retry < NOW() - ...
                         ^

2025-01-22 18:35:42,052 - ERROR - Error in retry logic: column "last_retry" does not exist
LINE 4:             AND (last_retry IS NULL OR last_retry < NOW() - ...
                         ^

2025-01-22 18:36:42,055 - ERROR - Error in retry logic: column "last_retry" does not exist
LINE 4:             AND (last_retry IS NULL OR last_retry < NOW() - ...
                         ^

2025-01-22 18:37:42,052 - ERROR - Error in retry logic: column "last_retry" does not exist
LINE 4:             AND (last_retry IS NULL OR last_retry < NOW() - ...
                         ^

2025-01-22 18:40:04,476 - ERROR - General error: Could not connect to the endpoint URL: "https://dynamodb.ap-south-1.amazonaws.com/"
2025-01-22 18:40:04,480 - ERROR - Error in retry logic: column "last_retry" does not exist
LINE 4:             AND (last_retry IS NULL OR last_retry < NOW() - ...
                         ^

2025-01-22 18:41:04,480 - ERROR - Error in retry logic: column "last_retry" does not exist
LINE 4:             AND (last_retry IS NULL OR last_retry < NOW() - ...
                         ^

2025-01-22 18:42:04,480 - ERROR - Error in retry logic: column "last_retry" does not exist
LINE 4:             AND (last_retry IS NULL OR last_retry < NOW() - ...
                         ^

2025-01-22 18:43:04,480 - ERROR - Error in retry logic: column "last_retry" does not exist
LINE 4:             AND (last_retry IS NULL OR last_retry < NOW() - ...
                         ^

2025-01-22 18:44:04,480 - ERROR - Error in retry logic: column "last_retry" does not exist
LINE 4:             AND (last_retry IS NULL OR last_retry < NOW() - ...
                         ^

2025-01-22 18:45:04,480 - ERROR - Error in retry logic: column "last_retry" does not exist
LINE 4:             AND (last_retry IS NULL OR last_retry < NOW() - ...
                         ^

2025-01-22 18:46:04,480 - ERROR - Error in retry logic: column "last_retry" does not exist
LINE 4:             AND (last_retry IS NULL OR last_retry < NOW() - ...
                         ^

2025-01-22 18:47:04,480 - ERROR - Error in retry logic: column "last_retry" does not exist
LINE 4:             AND (last_retry IS NULL OR last_retry < NOW() - ...
                         ^

2025-01-22 18:48:04,480 - ERROR - Error in retry logic: column "last_retry" does not exist
LINE 4:             AND (last_retry IS NULL OR last_retry < NOW() - ...
                         ^

2025-01-22 18:49:04,480 - ERROR - Error in retry logic: column "last_retry" does not exist
LINE 4:             AND (last_retry IS NULL OR last_retry < NOW() - ...
                         ^

2025-01-22 18:50:04,480 - ERROR - Error in retry logic: column "last_retry" does not exist
LINE 4:             AND (last_retry IS NULL OR last_retry < NOW() - ...
                         ^

2025-01-22 18:51:04,480 - ERROR - Error in retry logic: column "last_retry" does not exist
LINE 4:             AND (last_retry IS NULL OR last_retry < NOW() - ...
                         ^

2025-01-22 18:52:04,480 - ERROR - Error in retry logic: column "last_retry" does not exist
LINE 4:             AND (last_retry IS NULL OR last_retry < NOW() - ...
                         ^

2025-01-22 18:53:04,480 - ERROR - Error in retry logic: column "last_retry" does not exist
LINE 4:             AND (last_retry IS NULL OR last_retry < NOW() - ...
                         ^

2025-01-22 18:54:04,480 - ERROR - Error in retry logic: column "last_retry" does not exist
LINE 4:             AND (last_retry IS NULL OR last_retry < NOW() - ...
                         ^

2025-01-22 18:55:04,480 - ERROR - Error in retry logic: column "last_retry" does not exist
LINE 4:             AND (last_retry IS NULL OR last_retry < NOW() - ...
                         ^

2025-01-22 18:56:04,480 - ERROR - Error in retry logic: column "last_retry" does not exist
LINE 4:             AND (last_retry IS NULL OR last_retry < NOW() - ...
                         ^

2025-01-22 18:57:04,480 - ERROR - Error in retry logic: column "last_retry" does not exist
LINE 4:             AND (last_retry IS NULL OR last_retry < NOW() - ...
                         ^

2025-01-22 18:58:04,480 - ERROR - Error in retry logic: column "last_retry" does not exist
LINE 4:             AND (last_retry IS NULL OR last_retry < NOW() - ...
                         ^

2025-01-22 18:59:04,480 - ERROR - Error in retry logic: column "last_retry" does not exist
LINE 4:             AND (last_retry IS NULL OR last_retry < NOW() - ...
                         ^

2025-01-22 19:00:04,480 - ERROR - Error in retry logic: column "last_retry" does not exist
LINE 4:             AND (last_retry IS NULL OR last_retry < NOW() - ...
                         ^

2025-01-22 19:01:04,480 - ERROR - Error in retry logic: column "last_retry" does not exist
LINE 4:             AND (last_retry IS NULL OR last_retry < NOW() - ...
                         ^

2025-01-22 19:02:04,480 - ERROR - Error in retry logic: column "last_retry" does not exist
LINE 4:             AND (last_retry IS NULL OR last_retry < NOW() - ...
                         ^

2025-01-22 19:03:04,480 - ERROR - Error in retry logic: column "last_retry" does not exist
LINE 4:             AND (last_retry IS NULL OR last_retry < NOW() - ...
                         ^

2025-01-22 19:04:04,480 - ERROR - Error in retry logic: column "last_retry" does not exist
LINE 4:             AND (last_retry IS NULL OR last_retry < NOW() - ...
                         ^

2025-01-22 19:05:04,480 - ERROR - Error in retry logic: column "last_retry" does not exist
LINE 4:             AND (last_retry IS NULL OR last_retry < NOW() - ...
                         ^

2025-01-22 19:06:04,483 - ERROR - Error in retry logic: column "last_retry" does not exist
LINE 4:             AND (last_retry IS NULL OR last_retry < NOW() - ...
                         ^

2025-01-22 19:07:04,480 - ERROR - Error in retry logic: column "last_retry" does not exist
LINE 4:             AND (last_retry IS NULL OR last_retry < NOW() - ...
                         ^

2025-01-22 19:08:04,480 - ERROR - Error in retry logic: column "last_retry" does not exist
LINE 4:             AND (last_retry IS NULL OR last_retry < NOW() - ...
                         ^

2025-01-22 19:09:04,480 - ERROR - Error in retry logic: column "last_retry" does not exist
LINE 4:             AND (last_retry IS NULL OR last_retry < NOW() - ...
                         ^

2025-01-22 19:10:04,480 - ERROR - Error in retry logic: column "last_retry" does not exist
LINE 4:             AND (last_retry IS NULL OR last_retry < NOW() - ...
                         ^

2025-01-22 19:11:04,480 - ERROR - Error in retry logic: column "last_retry" does not exist
LINE 4:             AND (last_retry IS NULL OR last_retry < NOW() - ...
                         ^

2025-01-22 19:12:04,480 - ERROR - Error in retry logic: column "last_retry" does not exist
LINE 4:             AND (last_retry IS NULL OR last_retry < NOW() - ...
                         ^

2025-01-22 19:13:04,480 - ERROR - Error in retry logic: column "last_retry" does not exist
LINE 4:             AND (last_retry IS NULL OR last_retry < NOW() - ...
                         ^

2025-01-22 19:14:04,480 - ERROR - Error in retry logic: column "last_retry" does not exist
LINE 4:             AND (last_retry IS NULL OR last_retry < NOW() - ...
                         ^

2025-01-22 19:15:04,480 - ERROR - Error in retry logic: column "last_retry" does not exist
LINE 4:             AND (last_retry IS NULL OR last_retry < NOW() - ...
                         ^

2025-01-22 19:16:04,480 - ERROR - Error in retry logic: column "last_retry" does not exist
LINE 4:             AND (last_retry IS NULL OR last_retry < NOW() - ...
                         ^

2025-01-22 19:17:04,480 - ERROR - Error in retry logic: column "last_retry" does not exist
LINE 4:             AND (last_retry IS NULL OR last_retry < NOW() - ...
                         ^

2025-01-22 19:18:04,480 - ERROR - Error in retry logic: column "last_retry" does not exist
LINE 4:             AND (last_retry IS NULL OR last_retry < NOW() - ...
                         ^

2025-01-22 19:19:04,480 - ERROR - Error in retry logic: column "last_retry" does not exist
LINE 4:             AND (last_retry IS NULL OR last_retry < NOW() - ...
                         ^

2025-01-22 19:20:04,480 - ERROR - Error in retry logic: column "last_retry" does not exist
LINE 4:             AND (last_retry IS NULL OR last_retry < NOW() - ...
                         ^

2025-01-22 19:21:04,480 - ERROR - Error in retry logic: column "last_retry" does not exist
LINE 4:             AND (last_retry IS NULL OR last_retry < NOW() - ...
                         ^

2025-01-22 19:22:04,480 - ERROR - Error in retry logic: column "last_retry" does not exist
LINE 4:             AND (last_retry IS NULL OR last_retry < NOW() - ...
                         ^

2025-01-22 19:23:04,480 - ERROR - Error in retry logic: column "last_retry" does not exist
LINE 4:             AND (last_retry IS NULL OR last_retry < NOW() - ...
                         ^

2025-01-22 19:24:04,480 - ERROR - Error in retry logic: column "last_retry" does not exist
LINE 4:             AND (last_retry IS NULL OR last_retry < NOW() - ...
                         ^

2025-01-22 19:25:04,480 - ERROR - Error in retry logic: column "last_retry" does not exist
LINE 4:             AND (last_retry IS NULL OR last_retry < NOW() - ...
                         ^

2025-01-22 19:26:04,480 - ERROR - Error in retry logic: column "last_retry" does not exist
LINE 4:             AND (last_retry IS NULL OR last_retry < NOW() - ...
                         ^

2025-01-22 19:27:04,480 - ERROR - Error in retry logic: column "last_retry" does not exist
LINE 4:             AND (last_retry IS NULL OR last_retry < NOW() - ...
                         ^

2025-01-22 19:28:04,480 - ERROR - Error in retry logic: column "last_retry" does not exist
LINE 4:             AND (last_retry IS NULL OR last_retry < NOW() - ...
                         ^

2025-01-22 19:29:04,480 - ERROR - Error in retry logic: column "last_retry" does not exist
LINE 4:             AND (last_retry IS NULL OR last_retry < NOW() - ...
                         ^

2025-01-22 19:30:04,480 - ERROR - Error in retry logic: column "last_retry" does not exist
LINE 4:             AND (last_retry IS NULL OR last_retry < NOW() - ...
                         ^

2025-01-22 19:31:04,480 - ERROR - Error in retry logic: column "last_retry" does not exist
LINE 4:             AND (last_retry IS NULL OR last_retry < NOW() - ...
                         ^

2025-01-22 19:32:04,480 - ERROR - Error in retry logic: column "last_retry" does not exist
LINE 4:             AND (last_retry IS NULL OR last_retry < NOW() - ...
                         ^

2025-01-22 19:33:04,480 - ERROR - Error in retry logic: column "last_retry" does not exist
LINE 4:             AND (last_retry IS NULL OR last_retry < NOW() - ...
                         ^

2025-01-22 19:34:04,480 - ERROR - Error in retry logic: column "last_retry" does not exist
LINE 4:             AND (last_retry IS NULL OR last_retry < NOW() - ...
                         ^

2025-01-22 19:35:04,480 - ERROR - Error in retry logic: column "last_retry" does not exist
LINE 4:             AND (last_retry IS NULL OR last_retry < NOW() - ...
                         ^

2025-01-22 19:36:04,480 - ERROR - Error in retry logic: column "last_retry" does not exist
LINE 4:             AND (last_retry IS NULL OR last_retry < NOW() - ...
                         ^

2025-01-22 19:37:04,480 - ERROR - Error in retry logic: column "last_retry" does not exist
LINE 4:             AND (last_retry IS NULL OR last_retry < NOW() - ...
                         ^

2025-01-22 19:38:04,480 - ERROR - Error in retry logic: column "last_retry" does not exist
LINE 4:             AND (last_retry IS NULL OR last_retry < NOW() - ...
                         ^

2025-01-22 19:39:04,480 - ERROR - Error in retry logic: column "last_retry" does not exist
LINE 4:             AND (last_retry IS NULL OR last_retry < NOW() - ...
                         ^

2025-01-22 19:40:04,480 - ERROR - Error in retry logic: column "last_retry" does not exist
LINE 4:             AND (last_retry IS NULL OR last_retry < NOW() - ...
                         ^

2025-01-22 19:41:04,480 - ERROR - Error in retry logic: column "last_retry" does not exist
LINE 4:             AND (last_retry IS NULL OR last_retry < NOW() - ...
                         ^

2025-01-22 19:42:04,480 - ERROR - Error in retry logic: column "last_retry" does not exist
LINE 4:             AND (last_retry IS NULL OR last_retry < NOW() - ...
                         ^

2025-01-22 19:43:04,480 - ERROR - Error in retry logic: column "last_retry" does not exist
LINE 4:             AND (last_retry IS NULL OR last_retry < NOW() - ...
                         ^

2025-01-22 19:44:04,480 - ERROR - Error in retry logic: column "last_retry" does not exist
LINE 4:             AND (last_retry IS NULL OR last_retry < NOW() - ...
                         ^

2025-01-22 19:45:04,480 - ERROR - Error in retry logic: column "last_retry" does not exist
LINE 4:             AND (last_retry IS NULL OR last_retry < NOW() - ...
                         ^

2025-01-22 19:46:04,480 - ERROR - Error in retry logic: column "last_retry" does not exist
LINE 4:             AND (last_retry IS NULL OR last_retry < NOW() - ...
                         ^

2025-01-22 19:47:04,480 - ERROR - Error in retry logic: column "last_retry" does not exist
LINE 4:             AND (last_retry IS NULL OR last_retry < NOW() - ...
                         ^

2025-01-22 19:48:04,480 - ERROR - Error in retry logic: column "last_retry" does not exist
LINE 4:             AND (last_retry IS NULL OR last_retry < NOW() - ...
                         ^

2025-01-22 19:49:04,480 - ERROR - Error in retry logic: column "last_retry" does not exist
LINE 4:             AND (last_retry IS NULL OR last_retry < NOW() - ...
                         ^

2025-01-22 19:50:04,480 - ERROR - Error in retry logic: column "last_retry" does not exist
LINE 4:             AND (last_retry IS NULL OR last_retry < NOW() - ...
                         ^

2025-01-22 19:51:04,480 - ERROR - Error in retry logic: column "last_retry" does not exist
LINE 4:             AND (last_retry IS NULL OR last_retry < NOW() - ...
                         ^

2025-01-22 19:52:04,480 - ERROR - Error in retry logic: column "last_retry" does not exist
LINE 4:             AND (last_retry IS NULL OR last_retry < NOW() - ...
                         ^

2025-01-22 19:53:04,480 - ERROR - Error in retry logic: column "last_retry" does not exist
LINE 4:             AND (last_retry IS NULL OR last_retry < NOW() - ...
                         ^

2025-01-22 19:54:04,480 - ERROR - Error in retry logic: column "last_retry" does not exist
LINE 4:             AND (last_retry IS NULL OR last_retry < NOW() - ...
                         ^

2025-01-22 19:55:04,480 - ERROR - Error in retry logic: column "last_retry" does not exist
LINE 4:             AND (last_retry IS NULL OR last_retry < NOW() - ...
                         ^

2025-01-22 19:56:04,480 - ERROR - Error in retry logic: column "last_retry" does not exist
LINE 4:             AND (last_retry IS NULL OR last_retry < NOW() - ...
                         ^

2025-01-22 19:57:04,480 - ERROR - Error in retry logic: column "last_retry" does not exist
LINE 4:             AND (last_retry IS NULL OR last_retry < NOW() - ...
                         ^

2025-01-22 19:58:04,480 - ERROR - Error in retry logic: column "last_retry" does not exist
LINE 4:             AND (last_retry IS NULL OR last_retry < NOW() - ...
                         ^

2025-01-22 19:59:04,480 - ERROR - Error in retry logic: column "last_retry" does not exist
LINE 4:             AND (last_retry IS NULL OR last_retry < NOW() - ...
                         ^

2025-01-22 20:00:04,480 - ERROR - Error in retry logic: column "last_retry" does not exist
LINE 4:             AND (last_retry IS NULL OR last_retry < NOW() - ...
                         ^

2025-01-22 20:01:04,480 - ERROR - Error in retry logic: column "last_retry" does not exist
LINE 4:             AND (last_retry IS NULL OR last_retry < NOW() - ...
                         ^

2025-01-22 20:02:04,480 - ERROR - Error in retry logic: column "last_retry" does not exist
LINE 4:             AND (last_retry IS NULL OR last_retry < NOW() - ...
                         ^

2025-01-22 20:03:04,480 - ERROR - Error in retry logic: column "last_retry" does not exist
LINE 4:             AND (last_retry IS NULL OR last_retry < NOW() - ...
                         ^

2025-01-22 20:04:04,480 - ERROR - Error in retry logic: column "last_retry" does not exist
LINE 4:             AND (last_retry IS NULL OR last_retry < NOW() - ...
                         ^

2025-01-22 20:05:04,480 - ERROR - Error in retry logic: column "last_retry" does not exist
LINE 4:             AND (last_retry IS NULL OR last_retry < NOW() - ...
                         ^

2025-01-22 20:06:04,480 - ERROR - Error in retry logic: column "last_retry" does not exist
LINE 4:             AND (last_retry IS NULL OR last_retry < NOW() - ...
                         ^

2025-01-22 20:07:04,480 - ERROR - Error in retry logic: column "last_retry" does not exist
LINE 4:             AND (last_retry IS NULL OR last_retry < NOW() - ...
                         ^

2025-01-22 20:08:04,480 - ERROR - Error in retry logic: column "last_retry" does not exist
LINE 4:             AND (last_retry IS NULL OR last_retry < NOW() - ...
                         ^

2025-01-22 20:09:04,480 - ERROR - Error in retry logic: column "last_retry" does not exist
LINE 4:             AND (last_retry IS NULL OR last_retry < NOW() - ...
                         ^

2025-01-22 20:10:04,480 - ERROR - Error in retry logic: column "last_retry" does not exist
LINE 4:             AND (last_retry IS NULL OR last_retry < NOW() - ...
                         ^

2025-01-22 20:11:04,480 - ERROR - Error in retry logic: column "last_retry" does not exist
LINE 4:             AND (last_retry IS NULL OR last_retry < NOW() - ...
                         ^

2025-01-22 20:12:04,480 - ERROR - Error in retry logic: column "last_retry" does not exist
LINE 4:             AND (last_retry IS NULL OR last_retry < NOW() - ...
                         ^

2025-01-22 20:13:04,480 - ERROR - Error in retry logic: column "last_retry" does not exist
LINE 4:             AND (last_retry IS NULL OR last_retry < NOW() - ...
                         ^

2025-01-22 20:14:04,480 - ERROR - Error in retry logic: column "last_retry" does not exist
LINE 4:             AND (last_retry IS NULL OR last_retry < NOW() - ...
                         ^

2025-01-22 20:15:04,480 - ERROR - Error in retry logic: column "last_retry" does not exist
LINE 4:             AND (last_retry IS NULL OR last_retry < NOW() - ...
                         ^

2025-01-22 20:16:04,480 - ERROR - Error in retry logic: column "last_retry" does not exist
LINE 4:             AND (last_retry IS NULL OR last_retry < NOW() - ...
                         ^

2025-01-22 20:17:04,480 - ERROR - Error in retry logic: column "last_retry" does not exist
LINE 4:             AND (last_retry IS NULL OR last_retry < NOW() - ...
                         ^

2025-01-22 20:18:04,480 - ERROR - Error in retry logic: column "last_retry" does not exist
LINE 4:             AND (last_retry IS NULL OR last_retry < NOW() - ...
                         ^

2025-01-22 20:19:04,480 - ERROR - Error in retry logic: column "last_retry" does not exist
LINE 4:             AND (last_retry IS NULL OR last_retry < NOW() - ...
                         ^

2025-01-22 20:20:04,480 - ERROR - Error in retry logic: column "last_retry" does not exist
LINE 4:             AND (last_retry IS NULL OR last_retry < NOW() - ...
                         ^

2025-01-22 20:21:04,480 - ERROR - Error in retry logic: column "last_retry" does not exist
LINE 4:             AND (last_retry IS NULL OR last_retry < NOW() - ...
                         ^

2025-01-22 20:22:04,480 - ERROR - Error in retry logic: column "last_retry" does not exist
LINE 4:             AND (last_retry IS NULL OR last_retry < NOW() - ...
                         ^

2025-01-22 20:23:04,480 - ERROR - Error in retry logic: column "last_retry" does not exist
LINE 4:             AND (last_retry IS NULL OR last_retry < NOW() - ...
                         ^

2025-01-22 20:24:04,480 - ERROR - Error in retry logic: column "last_retry" does not exist
LINE 4:             AND (last_retry IS NULL OR last_retry < NOW() - ...
                         ^

2025-01-22 20:25:04,480 - ERROR - Error in retry logic: column "last_retry" does not exist
LINE 4:             AND (last_retry IS NULL OR last_retry < NOW() - ...
                         ^

2025-01-22 20:26:04,480 - ERROR - Error in retry logic: column "last_retry" does not exist
LINE 4:             AND (last_retry IS NULL OR last_retry < NOW() - ...
                         ^

2025-01-22 20:27:04,480 - ERROR - Error in retry logic: column "last_retry" does not exist
LINE 4:             AND (last_retry IS NULL OR last_retry < NOW() - ...
                         ^

2025-01-22 20:28:04,480 - ERROR - Error in retry logic: column "last_retry" does not exist
LINE 4:             AND (last_retry IS NULL OR last_retry < NOW() - ...
                         ^

2025-01-22 20:29:04,480 - ERROR - Error in retry logic: column "last_retry" does not exist
LINE 4:             AND (last_retry IS NULL OR last_retry < NOW() - ...
                         ^

2025-01-22 20:30:04,480 - ERROR - Error in retry logic: column "last_retry" does not exist
LINE 4:             AND (last_retry IS NULL OR last_retry < NOW() - ...
                         ^

2025-01-22 20:31:04,480 - ERROR - Error in retry logic: column "last_retry" does not exist
LINE 4:             AND (last_retry IS NULL OR last_retry < NOW() - ...
                         ^

2025-01-22 20:32:04,480 - ERROR - Error in retry logic: column "last_retry" does not exist
LINE 4:             AND (last_retry IS NULL OR last_retry < NOW() - ...
                         ^

2025-01-22 20:33:04,480 - ERROR - Error in retry logic: column "last_retry" does not exist
LINE 4:             AND (last_retry IS NULL OR last_retry < NOW() - ...
                         ^

2025-01-22 20:34:04,480 - ERROR - Error in retry logic: column "last_retry" does not exist
LINE 4:             AND (last_retry IS NULL OR last_retry < NOW() - ...
                         ^

2025-01-22 20:35:04,480 - ERROR - Error in retry logic: column "last_retry" does not exist
LINE 4:             AND (last_retry IS NULL OR last_retry < NOW() - ...
                         ^

2025-01-22 20:36:04,480 - ERROR - Error in retry logic: column "last_retry" does not exist
LINE 4:             AND (last_retry IS NULL OR last_retry < NOW() - ...
                         ^

2025-01-22 20:37:04,480 - ERROR - Error in retry logic: column "last_retry" does not exist
LINE 4:             AND (last_retry IS NULL OR last_retry < NOW() - ...
                         ^

2025-01-22 20:38:04,482 - ERROR - Error in retry logic: column "last_retry" does not exist
LINE 4:             AND (last_retry IS NULL OR last_retry < NOW() - ...
                         ^

2025-01-22 20:39:04,480 - ERROR - Error in retry logic: column "last_retry" does not exist
LINE 4:             AND (last_retry IS NULL OR last_retry < NOW() - ...
                         ^

2025-01-22 20:40:04,480 - ERROR - Error in retry logic: column "last_retry" does not exist
LINE 4:             AND (last_retry IS NULL OR last_retry < NOW() - ...
                         ^

2025-01-22 20:41:04,480 - ERROR - Error in retry logic: column "last_retry" does not exist
LINE 4:             AND (last_retry IS NULL OR last_retry < NOW() - ...
                         ^

2025-01-22 20:42:04,480 - ERROR - Error in retry logic: column "last_retry" does not exist
LINE 4:             AND (last_retry IS NULL OR last_retry < NOW() - ...
                         ^

2025-01-22 20:43:04,480 - ERROR - Error in retry logic: column "last_retry" does not exist
LINE 4:             AND (last_retry IS NULL OR last_retry < NOW() - ...
                         ^

2025-01-22 20:44:04,480 - ERROR - Error in retry logic: column "last_retry" does not exist
LINE 4:             AND (last_retry IS NULL OR last_retry < NOW() - ...
                         ^

2025-01-22 20:45:04,480 - ERROR - Error in retry logic: column "last_retry" does not exist
LINE 4:             AND (last_retry IS NULL OR last_retry < NOW() - ...
                         ^

2025-01-22 20:46:04,480 - ERROR - Error in retry logic: column "last_retry" does not exist
LINE 4:             AND (last_retry IS NULL OR last_retry < NOW() - ...
                         ^

2025-01-22 20:47:04,480 - ERROR - Error in retry logic: column "last_retry" does not exist
LINE 4:             AND (last_retry IS NULL OR last_retry < NOW() - ...
                         ^

2025-01-22 20:48:04,480 - ERROR - Error in retry logic: column "last_retry" does not exist
LINE 4:             AND (last_retry IS NULL OR last_retry < NOW() - ...
                         ^

2025-01-22 20:49:04,480 - ERROR - Error in retry logic: column "last_retry" does not exist
LINE 4:             AND (last_retry IS NULL OR last_retry < NOW() - ...
                         ^

2025-01-22 20:50:04,480 - ERROR - Error in retry logic: column "last_retry" does not exist
LINE 4:             AND (last_retry IS NULL OR last_retry < NOW() - ...
                         ^

2025-01-22 20:51:04,480 - ERROR - Error in retry logic: column "last_retry" does not exist
LINE 4:             AND (last_retry IS NULL OR last_retry < NOW() - ...
                         ^

2025-01-22 20:52:04,480 - ERROR - Error in retry logic: column "last_retry" does not exist
LINE 4:             AND (last_retry IS NULL OR last_retry < NOW() - ...
                         ^

2025-01-22 20:53:04,480 - ERROR - Error in retry logic: column "last_retry" does not exist
LINE 4:             AND (last_retry IS NULL OR last_retry < NOW() - ...
                         ^

2025-01-22 20:54:04,480 - ERROR - Error in retry logic: column "last_retry" does not exist
LINE 4:             AND (last_retry IS NULL OR last_retry < NOW() - ...
                         ^

2025-01-22 20:55:04,480 - ERROR - Error in retry logic: column "last_retry" does not exist
LINE 4:             AND (last_retry IS NULL OR last_retry < NOW() - ...
                         ^

2025-01-22 20:56:04,480 - ERROR - Error in retry logic: column "last_retry" does not exist
LINE 4:             AND (last_retry IS NULL OR last_retry < NOW() - ...
                         ^

2025-01-22 20:57:04,480 - ERROR - Error in retry logic: column "last_retry" does not exist
LINE 4:             AND (last_retry IS NULL OR last_retry < NOW() - ...
                         ^

2025-01-22 20:58:04,481 - ERROR - Error in retry logic: column "last_retry" does not exist
LINE 4:             AND (last_retry IS NULL OR last_retry < NOW() - ...
                         ^

2025-01-22 20:59:04,480 - ERROR - Error in retry logic: column "last_retry" does not exist
LINE 4:             AND (last_retry IS NULL OR last_retry < NOW() - ...
                         ^

2025-01-22 21:00:04,480 - ERROR - Error in retry logic: column "last_retry" does not exist
LINE 4:             AND (last_retry IS NULL OR last_retry < NOW() - ...
                         ^

2025-01-22 21:01:04,481 - ERROR - Error in retry logic: column "last_retry" does not exist
LINE 4:             AND (last_retry IS NULL OR last_retry < NOW() - ...
                         ^

2025-01-22 21:02:04,483 - ERROR - Error in retry logic: column "last_retry" does not exist
LINE 4:             AND (last_retry IS NULL OR last_retry < NOW() - ...
                         ^

2025-01-22 21:03:04,482 - ERROR - Error in retry logic: column "last_retry" does not exist
LINE 4:             AND (last_retry IS NULL OR last_retry < NOW() - ...
                         ^

2025-01-22 21:04:04,480 - ERROR - Error in retry logic: column "last_retry" does not exist
LINE 4:             AND (last_retry IS NULL OR last_retry < NOW() - ...
                         ^

2025-01-22 21:05:04,480 - ERROR - Error in retry logic: column "last_retry" does not exist
LINE 4:             AND (last_retry IS NULL OR last_retry < NOW() - ...
                         ^

2025-01-22 21:06:04,480 - ERROR - Error in retry logic: column "last_retry" does not exist
LINE 4:             AND (last_retry IS NULL OR last_retry < NOW() - ...
                         ^

2025-01-22 21:07:04,484 - ERROR - Error in retry logic: column "last_retry" does not exist
LINE 4:             AND (last_retry IS NULL OR last_retry < NOW() - ...
                         ^

2025-01-22 21:08:04,480 - ERROR - Error in retry logic: column "last_retry" does not exist
LINE 4:             AND (last_retry IS NULL OR last_retry < NOW() - ...
                         ^

2025-01-22 21:09:04,481 - ERROR - Error in retry logic: column "last_retry" does not exist
LINE 4:             AND (last_retry IS NULL OR last_retry < NOW() - ...
                         ^

2025-01-22 21:10:04,480 - ERROR - Error in retry logic: column "last_retry" does not exist
LINE 4:             AND (last_retry IS NULL OR last_retry < NOW() - ...
                         ^

2025-01-22 21:11:04,480 - ERROR - Error in retry logic: column "last_retry" does not exist
LINE 4:             AND (last_retry IS NULL OR last_retry < NOW() - ...
                         ^

2025-01-22 21:12:04,480 - ERROR - Error in retry logic: column "last_retry" does not exist
LINE 4:             AND (last_retry IS NULL OR last_retry < NOW() - ...
                         ^

2025-01-22 21:13:04,483 - ERROR - Error in retry logic: column "last_retry" does not exist
LINE 4:             AND (last_retry IS NULL OR last_retry < NOW() - ...
                         ^

2025-01-22 21:14:04,480 - ERROR - Error in retry logic: column "last_retry" does not exist
LINE 4:             AND (last_retry IS NULL OR last_retry < NOW() - ...
                         ^

2025-01-22 21:15:04,480 - ERROR - Error in retry logic: column "last_retry" does not exist
LINE 4:             AND (last_retry IS NULL OR last_retry < NOW() - ...
                         ^

2025-01-22 21:16:04,483 - ERROR - Error in retry logic: column "last_retry" does not exist
LINE 4:             AND (last_retry IS NULL OR last_retry < NOW() - ...
                         ^

2025-01-22 21:17:04,480 - ERROR - Error in retry logic: column "last_retry" does not exist
LINE 4:             AND (last_retry IS NULL OR last_retry < NOW() - ...
                         ^

2025-01-22 21:18:04,480 - ERROR - Error in retry logic: column "last_retry" does not exist
LINE 4:             AND (last_retry IS NULL OR last_retry < NOW() - ...
                         ^

2025-01-22 21:19:04,480 - ERROR - Error in retry logic: column "last_retry" does not exist
LINE 4:             AND (last_retry IS NULL OR last_retry < NOW() - ...
                         ^

2025-01-22 21:20:04,480 - ERROR - Error in retry logic: column "last_retry" does not exist
LINE 4:             AND (last_retry IS NULL OR last_retry < NOW() - ...
                         ^

2025-01-22 21:21:04,480 - ERROR - Error in retry logic: column "last_retry" does not exist
LINE 4:             AND (last_retry IS NULL OR last_retry < NOW() - ...
                         ^

2025-01-22 21:22:04,480 - ERROR - Error in retry logic: column "last_retry" does not exist
LINE 4:             AND (last_retry IS NULL OR last_retry < NOW() - ...
                         ^

2025-01-22 21:23:04,480 - ERROR - Error in retry logic: column "last_retry" does not exist
LINE 4:             AND (last_retry IS NULL OR last_retry < NOW() - ...
                         ^

2025-01-22 21:24:04,480 - ERROR - Error in retry logic: column "last_retry" does not exist
LINE 4:             AND (last_retry IS NULL OR last_retry < NOW() - ...
                         ^

2025-01-22 21:25:04,480 - ERROR - Error in retry logic: column "last_retry" does not exist
LINE 4:             AND (last_retry IS NULL OR last_retry < NOW() - ...
                         ^

2025-01-22 21:26:04,480 - ERROR - Error in retry logic: column "last_retry" does not exist
LINE 4:             AND (last_retry IS NULL OR last_retry < NOW() - ...
                         ^

2025-01-22 21:27:04,480 - ERROR - Error in retry logic: column "last_retry" does not exist
LINE 4:             AND (last_retry IS NULL OR last_retry < NOW() - ...
                         ^

2025-01-22 21:28:04,480 - ERROR - Error in retry logic: column "last_retry" does not exist
LINE 4:             AND (last_retry IS NULL OR last_retry < NOW() - ...
                         ^

2025-01-22 21:29:04,480 - ERROR - Error in retry logic: column "last_retry" does not exist
LINE 4:             AND (last_retry IS NULL OR last_retry < NOW() - ...
                         ^

2025-01-22 21:30:04,480 - ERROR - Error in retry logic: column "last_retry" does not exist
LINE 4:             AND (last_retry IS NULL OR last_retry < NOW() - ...
                         ^

2025-01-22 21:31:04,480 - ERROR - Error in retry logic: column "last_retry" does not exist
LINE 4:             AND (last_retry IS NULL OR last_retry < NOW() - ...
                         ^

2025-01-22 21:32:04,480 - ERROR - Error in retry logic: column "last_retry" does not exist
LINE 4:             AND (last_retry IS NULL OR last_retry < NOW() - ...
                         ^

2025-01-22 21:33:04,480 - ERROR - Error in retry logic: column "last_retry" does not exist
LINE 4:             AND (last_retry IS NULL OR last_retry < NOW() - ...
                         ^

2025-01-22 21:34:04,480 - ERROR - Error in retry logic: column "last_retry" does not exist
LINE 4:             AND (last_retry IS NULL OR last_retry < NOW() - ...
                         ^

2025-01-22 21:35:04,480 - ERROR - Error in retry logic: column "last_retry" does not exist
LINE 4:             AND (last_retry IS NULL OR last_retry < NOW() - ...
                         ^

2025-01-22 21:36:04,480 - ERROR - Error in retry logic: column "last_retry" does not exist
LINE 4:             AND (last_retry IS NULL OR last_retry < NOW() - ...
                         ^

2025-01-22 21:37:04,480 - ERROR - Error in retry logic: column "last_retry" does not exist
LINE 4:             AND (last_retry IS NULL OR last_retry < NOW() - ...
                         ^

2025-01-22 21:38:04,482 - ERROR - Error in retry logic: column "last_retry" does not exist
LINE 4:             AND (last_retry IS NULL OR last_retry < NOW() - ...
                         ^

2025-01-22 21:39:04,484 - ERROR - Error in retry logic: column "last_retry" does not exist
LINE 4:             AND (last_retry IS NULL OR last_retry < NOW() - ...
                         ^

2025-01-22 21:40:04,480 - ERROR - Error in retry logic: column "last_retry" does not exist
LINE 4:             AND (last_retry IS NULL OR last_retry < NOW() - ...
                         ^

2025-01-22 21:41:04,481 - ERROR - Error in retry logic: column "last_retry" does not exist
LINE 4:             AND (last_retry IS NULL OR last_retry < NOW() - ...
                         ^

2025-01-22 21:42:04,480 - ERROR - Error in retry logic: column "last_retry" does not exist
LINE 4:             AND (last_retry IS NULL OR last_retry < NOW() - ...
                         ^

2025-01-22 21:43:04,480 - ERROR - Error in retry logic: column "last_retry" does not exist
LINE 4:             AND (last_retry IS NULL OR last_retry < NOW() - ...
                         ^

2025-01-22 21:44:04,480 - ERROR - Error in retry logic: column "last_retry" does not exist
LINE 4:             AND (last_retry IS NULL OR last_retry < NOW() - ...
                         ^

2025-01-22 21:45:04,480 - ERROR - Error in retry logic: column "last_retry" does not exist
LINE 4:             AND (last_retry IS NULL OR last_retry < NOW() - ...
                         ^

2025-01-22 21:46:04,481 - ERROR - Error in retry logic: column "last_retry" does not exist
LINE 4:             AND (last_retry IS NULL OR last_retry < NOW() - ...
                         ^

2025-01-22 21:47:04,480 - ERROR - Error in retry logic: column "last_retry" does not exist
LINE 4:             AND (last_retry IS NULL OR last_retry < NOW() - ...
                         ^

2025-01-22 21:48:04,480 - ERROR - Error in retry logic: column "last_retry" does not exist
LINE 4:             AND (last_retry IS NULL OR last_retry < NOW() - ...
                         ^

2025-01-22 21:49:04,480 - ERROR - Error in retry logic: column "last_retry" does not exist
LINE 4:             AND (last_retry IS NULL OR last_retry < NOW() - ...
                         ^

2025-01-22 21:50:04,482 - ERROR - Error in retry logic: column "last_retry" does not exist
LINE 4:             AND (last_retry IS NULL OR last_retry < NOW() - ...
                         ^

2025-01-22 21:51:04,480 - ERROR - Error in retry logic: column "last_retry" does not exist
LINE 4:             AND (last_retry IS NULL OR last_retry < NOW() - ...
                         ^

2025-01-22 21:52:04,480 - ERROR - Error in retry logic: column "last_retry" does not exist
LINE 4:             AND (last_retry IS NULL OR last_retry < NOW() - ...
                         ^

2025-01-22 21:53:04,480 - ERROR - Error in retry logic: column "last_retry" does not exist
LINE 4:             AND (last_retry IS NULL OR last_retry < NOW() - ...
                         ^

2025-01-22 21:54:04,480 - ERROR - Error in retry logic: column "last_retry" does not exist
LINE 4:             AND (last_retry IS NULL OR last_retry < NOW() - ...
                         ^

2025-01-22 21:55:04,480 - ERROR - Error in retry logic: column "last_retry" does not exist
LINE 4:             AND (last_retry IS NULL OR last_retry < NOW() - ...
                         ^

2025-01-22 21:56:04,480 - ERROR - Error in retry logic: column "last_retry" does not exist
LINE 4:             AND (last_retry IS NULL OR last_retry < NOW() - ...
                         ^

2025-01-22 21:57:04,480 - ERROR - Error in retry logic: column "last_retry" does not exist
LINE 4:             AND (last_retry IS NULL OR last_retry < NOW() - ...
                         ^

2025-01-22 21:58:04,480 - ERROR - Error in retry logic: column "last_retry" does not exist
LINE 4:             AND (last_retry IS NULL OR last_retry < NOW() - ...
                         ^

2025-01-22 21:59:04,480 - ERROR - Error in retry logic: column "last_retry" does not exist
LINE 4:             AND (last_retry IS NULL OR last_retry < NOW() - ...
                         ^

2025-01-22 22:00:04,480 - ERROR - Error in retry logic: column "last_retry" does not exist
LINE 4:             AND (last_retry IS NULL OR last_retry < NOW() - ...
                         ^

2025-01-22 22:01:04,480 - ERROR - Error in retry logic: column "last_retry" does not exist
LINE 4:             AND (last_retry IS NULL OR last_retry < NOW() - ...
                         ^

2025-01-22 22:02:04,483 - ERROR - Error in retry logic: column "last_retry" does not exist
LINE 4:             AND (last_retry IS NULL OR last_retry < NOW() - ...
                         ^

2025-01-22 22:03:04,480 - ERROR - Error in retry logic: column "last_retry" does not exist
LINE 4:             AND (last_retry IS NULL OR last_retry < NOW() - ...
                         ^

2025-01-22 22:04:04,480 - ERROR - Error in retry logic: column "last_retry" does not exist
LINE 4:             AND (last_retry IS NULL OR last_retry < NOW() - ...
                         ^

2025-01-22 22:05:04,480 - ERROR - Error in retry logic: column "last_retry" does not exist
LINE 4:             AND (last_retry IS NULL OR last_retry < NOW() - ...
                         ^

2025-01-22 22:06:04,480 - ERROR - Error in retry logic: column "last_retry" does not exist
LINE 4:             AND (last_retry IS NULL OR last_retry < NOW() - ...
                         ^

2025-01-22 22:07:04,480 - ERROR - Error in retry logic: column "last_retry" does not exist
LINE 4:             AND (last_retry IS NULL OR last_retry < NOW() - ...
                         ^

2025-01-22 22:08:04,480 - ERROR - Error in retry logic: column "last_retry" does not exist
LINE 4:             AND (last_retry IS NULL OR last_retry < NOW() - ...
                         ^

2025-01-22 22:09:04,480 - ERROR - Error in retry logic: column "last_retry" does not exist
LINE 4:             AND (last_retry IS NULL OR last_retry < NOW() - ...
                         ^

2025-01-22 22:10:04,480 - ERROR - Error in retry logic: column "last_retry" does not exist
LINE 4:             AND (last_retry IS NULL OR last_retry < NOW() - ...
                         ^

2025-01-22 22:11:04,480 - ERROR - Error in retry logic: column "last_retry" does not exist
LINE 4:             AND (last_retry IS NULL OR last_retry < NOW() - ...
                         ^

2025-01-22 22:12:04,480 - ERROR - Error in retry logic: column "last_retry" does not exist
LINE 4:             AND (last_retry IS NULL OR last_retry < NOW() - ...
                         ^

2025-01-22 22:13:04,480 - ERROR - Error in retry logic: column "last_retry" does not exist
LINE 4:             AND (last_retry IS NULL OR last_retry < NOW() - ...
                         ^

2025-01-22 22:14:04,480 - ERROR - Error in retry logic: column "last_retry" does not exist
LINE 4:             AND (last_retry IS NULL OR last_retry < NOW() - ...
                         ^

2025-01-22 22:15:04,480 - ERROR - Error in retry logic: column "last_retry" does not exist
LINE 4:             AND (last_retry IS NULL OR last_retry < NOW() - ...
                         ^

2025-01-22 22:16:04,480 - ERROR - Error in retry logic: column "last_retry" does not exist
LINE 4:             AND (last_retry IS NULL OR last_retry < NOW() - ...
                         ^

2025-01-22 22:17:04,480 - ERROR - Error in retry logic: column "last_retry" does not exist
LINE 4:             AND (last_retry IS NULL OR last_retry < NOW() - ...
                         ^

2025-01-22 22:18:04,480 - ERROR - Error in retry logic: column "last_retry" does not exist
LINE 4:             AND (last_retry IS NULL OR last_retry < NOW() - ...
                         ^

2025-01-22 22:19:04,480 - ERROR - Error in retry logic: column "last_retry" does not exist
LINE 4:             AND (last_retry IS NULL OR last_retry < NOW() - ...
                         ^

2025-01-22 22:20:04,480 - ERROR - Error in retry logic: column "last_retry" does not exist
LINE 4:             AND (last_retry IS NULL OR last_retry < NOW() - ...
                         ^

2025-01-22 22:21:04,480 - ERROR - Error in retry logic: column "last_retry" does not exist
LINE 4:             AND (last_retry IS NULL OR last_retry < NOW() - ...
                         ^

2025-01-22 22:22:04,480 - ERROR - Error in retry logic: column "last_retry" does not exist
LINE 4:             AND (last_retry IS NULL OR last_retry < NOW() - ...
                         ^

2025-01-22 22:23:04,480 - ERROR - Error in retry logic: column "last_retry" does not exist
LINE 4:             AND (last_retry IS NULL OR last_retry < NOW() - ...
                         ^

2025-01-22 22:24:04,480 - ERROR - Error in retry logic: column "last_retry" does not exist
LINE 4:             AND (last_retry IS NULL OR last_retry < NOW() - ...
                         ^

2025-01-22 22:25:04,480 - ERROR - Error in retry logic: column "last_retry" does not exist
LINE 4:             AND (last_retry IS NULL OR last_retry < NOW() - ...
                         ^

2025-01-22 22:26:04,480 - ERROR - Error in retry logic: column "last_retry" does not exist
LINE 4:             AND (last_retry IS NULL OR last_retry < NOW() - ...
                         ^

2025-01-22 22:27:04,480 - ERROR - Error in retry logic: column "last_retry" does not exist
LINE 4:             AND (last_retry IS NULL OR last_retry < NOW() - ...
                         ^

2025-01-22 22:28:04,480 - ERROR - Error in retry logic: column "last_retry" does not exist
LINE 4:             AND (last_retry IS NULL OR last_retry < NOW() - ...
                         ^

2025-01-22 22:29:04,480 - ERROR - Error in retry logic: column "last_retry" does not exist
LINE 4:             AND (last_retry IS NULL OR last_retry < NOW() - ...
                         ^

2025-01-22 22:30:04,483 - ERROR - Error in retry logic: column "last_retry" does not exist
LINE 4:             AND (last_retry IS NULL OR last_retry < NOW() - ...
                         ^

2025-01-22 22:31:04,480 - ERROR - Error in retry logic: column "last_retry" does not exist
LINE 4:             AND (last_retry IS NULL OR last_retry < NOW() - ...
                         ^

2025-01-22 22:32:04,480 - ERROR - Error in retry logic: column "last_retry" does not exist
LINE 4:             AND (last_retry IS NULL OR last_retry < NOW() - ...
                         ^

2025-01-22 22:33:04,480 - ERROR - Error in retry logic: column "last_retry" does not exist
LINE 4:             AND (last_retry IS NULL OR last_retry < NOW() - ...
                         ^

2025-01-22 22:34:04,480 - ERROR - Error in retry logic: column "last_retry" does not exist
LINE 4:             AND (last_retry IS NULL OR last_retry < NOW() - ...
                         ^

2025-01-22 22:35:04,480 - ERROR - Error in retry logic: column "last_retry" does not exist
LINE 4:             AND (last_retry IS NULL OR last_retry < NOW() - ...
                         ^

2025-01-22 22:36:04,480 - ERROR - Error in retry logic: column "last_retry" does not exist
LINE 4:             AND (last_retry IS NULL OR last_retry < NOW() - ...
                         ^

2025-01-22 22:37:04,480 - ERROR - Error in retry logic: column "last_retry" does not exist
LINE 4:             AND (last_retry IS NULL OR last_retry < NOW() - ...
                         ^

2025-01-22 22:38:04,485 - ERROR - Error in retry logic: column "last_retry" does not exist
LINE 4:             AND (last_retry IS NULL OR last_retry < NOW() - ...
                         ^

2025-01-22 22:39:04,480 - ERROR - Error in retry logic: column "last_retry" does not exist
LINE 4:             AND (last_retry IS NULL OR last_retry < NOW() - ...
                         ^

2025-01-22 22:40:04,480 - ERROR - Error in retry logic: column "last_retry" does not exist
LINE 4:             AND (last_retry IS NULL OR last_retry < NOW() - ...
                         ^

2025-01-22 22:41:04,480 - ERROR - Error in retry logic: column "last_retry" does not exist
LINE 4:             AND (last_retry IS NULL OR last_retry < NOW() - ...
                         ^

2025-01-22 22:42:04,480 - ERROR - Error in retry logic: column "last_retry" does not exist
LINE 4:             AND (last_retry IS NULL OR last_retry < NOW() - ...
                         ^

2025-01-22 22:43:04,480 - ERROR - Error in retry logic: column "last_retry" does not exist
LINE 4:             AND (last_retry IS NULL OR last_retry < NOW() - ...
                         ^

2025-01-22 22:44:04,481 - ERROR - Error in retry logic: column "last_retry" does not exist
LINE 4:             AND (last_retry IS NULL OR last_retry < NOW() - ...
                         ^

2025-01-22 22:45:04,480 - ERROR - Error in retry logic: column "last_retry" does not exist
LINE 4:             AND (last_retry IS NULL OR last_retry < NOW() - ...
                         ^

2025-01-22 22:46:04,480 - ERROR - Error in retry logic: column "last_retry" does not exist
LINE 4:             AND (last_retry IS NULL OR last_retry < NOW() - ...
                         ^

2025-01-22 22:47:04,480 - ERROR - Error in retry logic: column "last_retry" does not exist
LINE 4:             AND (last_retry IS NULL OR last_retry < NOW() - ...
                         ^

2025-01-22 22:48:04,480 - ERROR - Error in retry logic: column "last_retry" does not exist
LINE 4:             AND (last_retry IS NULL OR last_retry < NOW() - ...
                         ^

2025-01-22 22:49:04,480 - ERROR - Error in retry logic: column "last_retry" does not exist
LINE 4:             AND (last_retry IS NULL OR last_retry < NOW() - ...
                         ^

2025-01-22 22:50:04,480 - ERROR - Error in retry logic: column "last_retry" does not exist
LINE 4:             AND (last_retry IS NULL OR last_retry < NOW() - ...
                         ^

2025-01-22 22:51:04,480 - ERROR - Error in retry logic: column "last_retry" does not exist
LINE 4:             AND (last_retry IS NULL OR last_retry < NOW() - ...
                         ^

2025-01-22 22:52:04,486 - ERROR - Error in retry logic: column "last_retry" does not exist
LINE 4:             AND (last_retry IS NULL OR last_retry < NOW() - ...
                         ^

2025-01-22 22:53:04,480 - ERROR - Error in retry logic: column "last_retry" does not exist
LINE 4:             AND (last_retry IS NULL OR last_retry < NOW() - ...
                         ^

2025-01-22 22:54:04,480 - ERROR - Error in retry logic: column "last_retry" does not exist
LINE 4:             AND (last_retry IS NULL OR last_retry < NOW() - ...
                         ^

2025-01-22 22:55:04,481 - ERROR - Error in retry logic: column "last_retry" does not exist
LINE 4:             AND (last_retry IS NULL OR last_retry < NOW() - ...
                         ^

2025-01-22 22:56:04,480 - ERROR - Error in retry logic: column "last_retry" does not exist
LINE 4:             AND (last_retry IS NULL OR last_retry < NOW() - ...
                         ^

2025-01-22 22:57:04,480 - ERROR - Error in retry logic: column "last_retry" does not exist
LINE 4:             AND (last_retry IS NULL OR last_retry < NOW() - ...
                         ^

2025-01-22 22:58:04,481 - ERROR - Error in retry logic: column "last_retry" does not exist
LINE 4:             AND (last_retry IS NULL OR last_retry < NOW() - ...
                         ^

2025-01-22 22:59:04,480 - ERROR - Error in retry logic: column "last_retry" does not exist
LINE 4:             AND (last_retry IS NULL OR last_retry < NOW() - ...
                         ^

2025-01-22 23:00:04,480 - ERROR - Error in retry logic: column "last_retry" does not exist
LINE 4:             AND (last_retry IS NULL OR last_retry < NOW() - ...
                         ^

2025-01-22 23:01:04,480 - ERROR - Error in retry logic: column "last_retry" does not exist
LINE 4:             AND (last_retry IS NULL OR last_retry < NOW() - ...
                         ^

2025-01-22 23:02:04,480 - ERROR - Error in retry logic: column "last_retry" does not exist
LINE 4:             AND (last_retry IS NULL OR last_retry < NOW() - ...
                         ^

2025-01-22 23:03:04,480 - ERROR - Error in retry logic: column "last_retry" does not exist
LINE 4:             AND (last_retry IS NULL OR last_retry < NOW() - ...
                         ^

2025-01-22 23:04:04,483 - ERROR - Error in retry logic: column "last_retry" does not exist
LINE 4:             AND (last_retry IS NULL OR last_retry < NOW() - ...
                         ^

2025-01-22 23:05:04,480 - ERROR - Error in retry logic: column "last_retry" does not exist
LINE 4:             AND (last_retry IS NULL OR last_retry < NOW() - ...
                         ^

2025-01-22 23:06:04,480 - ERROR - Error in retry logic: column "last_retry" does not exist
LINE 4:             AND (last_retry IS NULL OR last_retry < NOW() - ...
                         ^

2025-01-22 23:07:04,480 - ERROR - Error in retry logic: column "last_retry" does not exist
LINE 4:             AND (last_retry IS NULL OR last_retry < NOW() - ...
                         ^

2025-01-22 23:08:04,480 - ERROR - Error in retry logic: column "last_retry" does not exist
LINE 4:             AND (last_retry IS NULL OR last_retry < NOW() - ...
                         ^

2025-01-22 23:09:04,480 - ERROR - Error in retry logic: column "last_retry" does not exist
LINE 4:             AND (last_retry IS NULL OR last_retry < NOW() - ...
                         ^

2025-01-22 23:10:04,480 - ERROR - Error in retry logic: column "last_retry" does not exist
LINE 4:             AND (last_retry IS NULL OR last_retry < NOW() - ...
                         ^

2025-01-22 23:11:04,480 - ERROR - Error in retry logic: column "last_retry" does not exist
LINE 4:             AND (last_retry IS NULL OR last_retry < NOW() - ...
                         ^

2025-01-22 23:12:04,480 - ERROR - Error in retry logic: column "last_retry" does not exist
LINE 4:             AND (last_retry IS NULL OR last_retry < NOW() - ...
                         ^

2025-01-22 23:13:04,480 - ERROR - Error in retry logic: column "last_retry" does not exist
LINE 4:             AND (last_retry IS NULL OR last_retry < NOW() - ...
                         ^

2025-01-22 23:14:04,480 - ERROR - Error in retry logic: column "last_retry" does not exist
LINE 4:             AND (last_retry IS NULL OR last_retry < NOW() - ...
                         ^

2025-01-22 23:15:04,480 - ERROR - Error in retry logic: column "last_retry" does not exist
LINE 4:             AND (last_retry IS NULL OR last_retry < NOW() - ...
                         ^

2025-01-22 23:16:04,480 - ERROR - Error in retry logic: column "last_retry" does not exist
LINE 4:             AND (last_retry IS NULL OR last_retry < NOW() - ...
                         ^

2025-01-22 23:17:04,480 - ERROR - Error in retry logic: column "last_retry" does not exist
LINE 4:             AND (last_retry IS NULL OR last_retry < NOW() - ...
                         ^

2025-01-22 23:18:04,480 - ERROR - Error in retry logic: column "last_retry" does not exist
LINE 4:             AND (last_retry IS NULL OR last_retry < NOW() - ...
                         ^

2025-01-22 23:19:04,480 - ERROR - Error in retry logic: column "last_retry" does not exist
LINE 4:             AND (last_retry IS NULL OR last_retry < NOW() - ...
                         ^

2025-01-22 23:20:04,480 - ERROR - Error in retry logic: column "last_retry" does not exist
LINE 4:             AND (last_retry IS NULL OR last_retry < NOW() - ...
                         ^

2025-01-22 23:21:04,480 - ERROR - Error in retry logic: column "last_retry" does not exist
LINE 4:             AND (last_retry IS NULL OR last_retry < NOW() - ...
                         ^

2025-01-22 23:22:04,481 - ERROR - Error in retry logic: column "last_retry" does not exist
LINE 4:             AND (last_retry IS NULL OR last_retry < NOW() - ...
                         ^

2025-01-22 23:23:04,480 - ERROR - Error in retry logic: column "last_retry" does not exist
LINE 4:             AND (last_retry IS NULL OR last_retry < NOW() - ...
                         ^

2025-01-22 23:24:04,480 - ERROR - Error in retry logic: column "last_retry" does not exist
LINE 4:             AND (last_retry IS NULL OR last_retry < NOW() - ...
                         ^

2025-01-22 23:25:04,480 - ERROR - Error in retry logic: column "last_retry" does not exist
LINE 4:             AND (last_retry IS NULL OR last_retry < NOW() - ...
                         ^

2025-01-22 23:26:04,480 - ERROR - Error in retry logic: column "last_retry" does not exist
LINE 4:             AND (last_retry IS NULL OR last_retry < NOW() - ...
                         ^

2025-01-22 23:27:04,480 - ERROR - Error in retry logic: column "last_retry" does not exist
LINE 4:             AND (last_retry IS NULL OR last_retry < NOW() - ...
                         ^

2025-01-22 23:28:04,480 - ERROR - Error in retry logic: column "last_retry" does not exist
LINE 4:             AND (last_retry IS NULL OR last_retry < NOW() - ...
                         ^

2025-01-22 23:29:04,480 - ERROR - Error in retry logic: column "last_retry" does not exist
LINE 4:             AND (last_retry IS NULL OR last_retry < NOW() - ...
                         ^

2025-01-22 23:30:04,480 - ERROR - Error in retry logic: column "last_retry" does not exist
LINE 4:             AND (last_retry IS NULL OR last_retry < NOW() - ...
                         ^

2025-01-22 23:31:04,480 - ERROR - Error in retry logic: column "last_retry" does not exist
LINE 4:             AND (last_retry IS NULL OR last_retry < NOW() - ...
                         ^

2025-01-22 23:32:04,480 - ERROR - Error in retry logic: column "last_retry" does not exist
LINE 4:             AND (last_retry IS NULL OR last_retry < NOW() - ...
                         ^

2025-01-22 23:33:04,480 - ERROR - Error in retry logic: column "last_retry" does not exist
LINE 4:             AND (last_retry IS NULL OR last_retry < NOW() - ...
                         ^

2025-01-22 23:34:04,481 - ERROR - Error in retry logic: column "last_retry" does not exist
LINE 4:             AND (last_retry IS NULL OR last_retry < NOW() - ...
                         ^

2025-01-22 23:35:04,480 - ERROR - Error in retry logic: column "last_retry" does not exist
LINE 4:             AND (last_retry IS NULL OR last_retry < NOW() - ...
                         ^

2025-01-22 23:36:04,480 - ERROR - Error in retry logic: column "last_retry" does not exist
LINE 4:             AND (last_retry IS NULL OR last_retry < NOW() - ...
                         ^

2025-01-22 23:37:04,480 - ERROR - Error in retry logic: column "last_retry" does not exist
LINE 4:             AND (last_retry IS NULL OR last_retry < NOW() - ...
                         ^

2025-01-22 23:38:04,480 - ERROR - Error in retry logic: column "last_retry" does not exist
LINE 4:             AND (last_retry IS NULL OR last_retry < NOW() - ...
                         ^

2025-01-22 23:39:04,481 - ERROR - Error in retry logic: column "last_retry" does not exist
LINE 4:             AND (last_retry IS NULL OR last_retry < NOW() - ...
                         ^

2025-01-22 23:40:04,480 - ERROR - Error in retry logic: column "last_retry" does not exist
LINE 4:             AND (last_retry IS NULL OR last_retry < NOW() - ...
                         ^

2025-01-22 23:41:04,480 - ERROR - Error in retry logic: column "last_retry" does not exist
LINE 4:             AND (last_retry IS NULL OR last_retry < NOW() - ...
                         ^

2025-01-22 23:42:04,480 - ERROR - Error in retry logic: column "last_retry" does not exist
LINE 4:             AND (last_retry IS NULL OR last_retry < NOW() - ...
                         ^

2025-01-22 23:43:04,480 - ERROR - Error in retry logic: column "last_retry" does not exist
LINE 4:             AND (last_retry IS NULL OR last_retry < NOW() - ...
                         ^

2025-01-22 23:44:04,480 - ERROR - Error in retry logic: column "last_retry" does not exist
LINE 4:             AND (last_retry IS NULL OR last_retry < NOW() - ...
                         ^

2025-01-22 23:45:04,480 - ERROR - Error in retry logic: column "last_retry" does not exist
LINE 4:             AND (last_retry IS NULL OR last_retry < NOW() - ...
                         ^

2025-01-22 23:46:04,480 - ERROR - Error in retry logic: column "last_retry" does not exist
LINE 4:             AND (last_retry IS NULL OR last_retry < NOW() - ...
                         ^

2025-01-22 23:47:04,480 - ERROR - Error in retry logic: column "last_retry" does not exist
LINE 4:             AND (last_retry IS NULL OR last_retry < NOW() - ...
                         ^

2025-01-22 23:48:04,480 - ERROR - Error in retry logic: column "last_retry" does not exist
LINE 4:             AND (last_retry IS NULL OR last_retry < NOW() - ...
                         ^

2025-01-22 23:49:04,480 - ERROR - Error in retry logic: column "last_retry" does not exist
LINE 4:             AND (last_retry IS NULL OR last_retry < NOW() - ...
                         ^

2025-01-22 23:50:04,480 - ERROR - Error in retry logic: column "last_retry" does not exist
LINE 4:             AND (last_retry IS NULL OR last_retry < NOW() - ...
                         ^

2025-01-22 23:51:04,481 - ERROR - Error in retry logic: column "last_retry" does not exist
LINE 4:             AND (last_retry IS NULL OR last_retry < NOW() - ...
                         ^

2025-01-22 23:52:04,480 - ERROR - Error in retry logic: column "last_retry" does not exist
LINE 4:             AND (last_retry IS NULL OR last_retry < NOW() - ...
                         ^

2025-01-22 23:53:04,480 - ERROR - Error in retry logic: column "last_retry" does not exist
LINE 4:             AND (last_retry IS NULL OR last_retry < NOW() - ...
                         ^

2025-01-22 23:54:04,480 - ERROR - Error in retry logic: column "last_retry" does not exist
LINE 4:             AND (last_retry IS NULL OR last_retry < NOW() - ...
                         ^

2025-01-22 23:55:04,480 - ERROR - Error in retry logic: column "last_retry" does not exist
LINE 4:             AND (last_retry IS NULL OR last_retry < NOW() - ...
                         ^

2025-01-22 23:56:04,480 - ERROR - Error in retry logic: column "last_retry" does not exist
LINE 4:             AND (last_retry IS NULL OR last_retry < NOW() - ...
                         ^

2025-01-22 23:57:04,485 - ERROR - Error in retry logic: column "last_retry" does not exist
LINE 4:             AND (last_retry IS NULL OR last_retry < NOW() - ...
                         ^

2025-01-22 23:58:04,480 - ERROR - Error in retry logic: column "last_retry" does not exist
LINE 4:             AND (last_retry IS NULL OR last_retry < NOW() - ...
                         ^

2025-01-22 23:59:04,480 - ERROR - Error in retry logic: column "last_retry" does not exist
LINE 4:             AND (last_retry IS NULL OR last_retry < NOW() - ...
                         ^

2025-01-23 00:00:04,482 - ERROR - Error in retry logic: column "last_retry" does not exist
LINE 4:             AND (last_retry IS NULL OR last_retry < NOW() - ...
                         ^

2025-01-23 00:01:04,481 - ERROR - Error in retry logic: column "last_retry" does not exist
LINE 4:             AND (last_retry IS NULL OR last_retry < NOW() - ...
                         ^

2025-01-23 00:02:04,480 - ERROR - Error in retry logic: column "last_retry" does not exist
LINE 4:             AND (last_retry IS NULL OR last_retry < NOW() - ...
                         ^

2025-01-23 00:03:04,480 - ERROR - Error in retry logic: column "last_retry" does not exist
LINE 4:             AND (last_retry IS NULL OR last_retry < NOW() - ...
                         ^

2025-01-23 00:04:04,488 - ERROR - Error in retry logic: column "last_retry" does not exist
LINE 4:             AND (last_retry IS NULL OR last_retry < NOW() - ...
                         ^

2025-01-23 00:05:04,481 - ERROR - Error in retry logic: column "last_retry" does not exist
LINE 4:             AND (last_retry IS NULL OR last_retry < NOW() - ...
                         ^

2025-01-23 00:06:04,481 - ERROR - Error in retry logic: column "last_retry" does not exist
LINE 4:             AND (last_retry IS NULL OR last_retry < NOW() - ...
                         ^

2025-01-23 00:07:04,481 - ERROR - Error in retry logic: column "last_retry" does not exist
LINE 4:             AND (last_retry IS NULL OR last_retry < NOW() - ...
                         ^

2025-01-23 00:08:04,480 - ERROR - Error in retry logic: column "last_retry" does not exist
LINE 4:             AND (last_retry IS NULL OR last_retry < NOW() - ...
                         ^

2025-01-23 00:09:04,480 - ERROR - Error in retry logic: column "last_retry" does not exist
LINE 4:             AND (last_retry IS NULL OR last_retry < NOW() - ...
                         ^

2025-01-23 00:10:04,480 - ERROR - Error in retry logic: column "last_retry" does not exist
LINE 4:             AND (last_retry IS NULL OR last_retry < NOW() - ...
                         ^

2025-01-23 00:11:04,480 - ERROR - Error in retry logic: column "last_retry" does not exist
LINE 4:             AND (last_retry IS NULL OR last_retry < NOW() - ...
                         ^

2025-01-23 00:12:04,480 - ERROR - Error in retry logic: column "last_retry" does not exist
LINE 4:             AND (last_retry IS NULL OR last_retry < NOW() - ...
                         ^

2025-01-23 00:13:04,480 - ERROR - Error in retry logic: column "last_retry" does not exist
LINE 4:             AND (last_retry IS NULL OR last_retry < NOW() - ...
                         ^

2025-01-23 00:14:04,480 - ERROR - Error in retry logic: column "last_retry" does not exist
LINE 4:             AND (last_retry IS NULL OR last_retry < NOW() - ...
                         ^

2025-01-23 00:15:04,482 - ERROR - Error in retry logic: column "last_retry" does not exist
LINE 4:             AND (last_retry IS NULL OR last_retry < NOW() - ...
                         ^

2025-01-23 00:16:04,480 - ERROR - Error in retry logic: column "last_retry" does not exist
LINE 4:             AND (last_retry IS NULL OR last_retry < NOW() - ...
                         ^

2025-01-23 00:17:04,480 - ERROR - Error in retry logic: column "last_retry" does not exist
LINE 4:             AND (last_retry IS NULL OR last_retry < NOW() - ...
                         ^

2025-01-23 00:18:04,481 - ERROR - Error in retry logic: column "last_retry" does not exist
LINE 4:             AND (last_retry IS NULL OR last_retry < NOW() - ...
                         ^

2025-01-23 00:19:04,480 - ERROR - Error in retry logic: column "last_retry" does not exist
LINE 4:             AND (last_retry IS NULL OR last_retry < NOW() - ...
                         ^

2025-01-23 00:20:04,480 - ERROR - Error in retry logic: column "last_retry" does not exist
LINE 4:             AND (last_retry IS NULL OR last_retry < NOW() - ...
                         ^

2025-01-23 00:21:04,480 - ERROR - Error in retry logic: column "last_retry" does not exist
LINE 4:             AND (last_retry IS NULL OR last_retry < NOW() - ...
                         ^

2025-01-23 00:22:04,480 - ERROR - Error in retry logic: column "last_retry" does not exist
LINE 4:             AND (last_retry IS NULL OR last_retry < NOW() - ...
                         ^

2025-01-23 00:23:04,480 - ERROR - Error in retry logic: column "last_retry" does not exist
LINE 4:             AND (last_retry IS NULL OR last_retry < NOW() - ...
                         ^

2025-01-23 00:24:04,480 - ERROR - Error in retry logic: column "last_retry" does not exist
LINE 4:             AND (last_retry IS NULL OR last_retry < NOW() - ...
                         ^

2025-01-23 00:25:04,480 - ERROR - Error in retry logic: column "last_retry" does not exist
LINE 4:             AND (last_retry IS NULL OR last_retry < NOW() - ...
                         ^

2025-01-23 00:26:04,480 - ERROR - Error in retry logic: column "last_retry" does not exist
LINE 4:             AND (last_retry IS NULL OR last_retry < NOW() - ...
                         ^

2025-01-23 00:27:04,480 - ERROR - Error in retry logic: column "last_retry" does not exist
LINE 4:             AND (last_retry IS NULL OR last_retry < NOW() - ...
                         ^

2025-01-23 00:28:04,481 - ERROR - Error in retry logic: column "last_retry" does not exist
LINE 4:             AND (last_retry IS NULL OR last_retry < NOW() - ...
                         ^

2025-01-23 00:29:04,480 - ERROR - Error in retry logic: column "last_retry" does not exist
LINE 4:             AND (last_retry IS NULL OR last_retry < NOW() - ...
                         ^

2025-01-23 00:30:04,480 - ERROR - Error in retry logic: column "last_retry" does not exist
LINE 4:             AND (last_retry IS NULL OR last_retry < NOW() - ...
                         ^

2025-01-23 00:31:04,480 - ERROR - Error in retry logic: column "last_retry" does not exist
LINE 4:             AND (last_retry IS NULL OR last_retry < NOW() - ...
                         ^

2025-01-23 00:32:04,480 - ERROR - Error in retry logic: column "last_retry" does not exist
LINE 4:             AND (last_retry IS NULL OR last_retry < NOW() - ...
                         ^

2025-01-23 00:33:04,480 - ERROR - Error in retry logic: column "last_retry" does not exist
LINE 4:             AND (last_retry IS NULL OR last_retry < NOW() - ...
                         ^

2025-01-23 00:34:04,480 - ERROR - Error in retry logic: column "last_retry" does not exist
LINE 4:             AND (last_retry IS NULL OR last_retry < NOW() - ...
                         ^

2025-01-23 00:35:04,480 - ERROR - Error in retry logic: column "last_retry" does not exist
LINE 4:             AND (last_retry IS NULL OR last_retry < NOW() - ...
                         ^

2025-01-23 00:36:04,480 - ERROR - Error in retry logic: column "last_retry" does not exist
LINE 4:             AND (last_retry IS NULL OR last_retry < NOW() - ...
                         ^

2025-01-23 00:37:04,480 - ERROR - Error in retry logic: column "last_retry" does not exist
LINE 4:             AND (last_retry IS NULL OR last_retry < NOW() - ...
                         ^

2025-01-23 00:38:04,480 - ERROR - Error in retry logic: column "last_retry" does not exist
LINE 4:             AND (last_retry IS NULL OR last_retry < NOW() - ...
                         ^

2025-01-23 00:39:04,480 - ERROR - Error in retry logic: column "last_retry" does not exist
LINE 4:             AND (last_retry IS NULL OR last_retry < NOW() - ...
                         ^

2025-01-23 00:40:04,480 - ERROR - Error in retry logic: column "last_retry" does not exist
LINE 4:             AND (last_retry IS NULL OR last_retry < NOW() - ...
                         ^

2025-01-23 00:41:04,481 - ERROR - Error in retry logic: column "last_retry" does not exist
LINE 4:             AND (last_retry IS NULL OR last_retry < NOW() - ...
                         ^

2025-01-23 00:42:04,480 - ERROR - Error in retry logic: column "last_retry" does not exist
LINE 4:             AND (last_retry IS NULL OR last_retry < NOW() - ...
                         ^

2025-01-23 00:43:04,480 - ERROR - Error in retry logic: column "last_retry" does not exist
LINE 4:             AND (last_retry IS NULL OR last_retry < NOW() - ...
                         ^

2025-01-23 00:44:04,485 - ERROR - Error in retry logic: column "last_retry" does not exist
LINE 4:             AND (last_retry IS NULL OR last_retry < NOW() - ...
                         ^

2025-01-23 00:45:04,480 - ERROR - Error in retry logic: column "last_retry" does not exist
LINE 4:             AND (last_retry IS NULL OR last_retry < NOW() - ...
                         ^

2025-01-23 00:46:04,480 - ERROR - Error in retry logic: column "last_retry" does not exist
LINE 4:             AND (last_retry IS NULL OR last_retry < NOW() - ...
                         ^

2025-01-23 00:47:04,485 - ERROR - Error in retry logic: column "last_retry" does not exist
LINE 4:             AND (last_retry IS NULL OR last_retry < NOW() - ...
                         ^

2025-01-23 00:48:04,481 - ERROR - Error in retry logic: column "last_retry" does not exist
LINE 4:             AND (last_retry IS NULL OR last_retry < NOW() - ...
                         ^

2025-01-23 00:49:04,480 - ERROR - Error in retry logic: column "last_retry" does not exist
LINE 4:             AND (last_retry IS NULL OR last_retry < NOW() - ...
                         ^

2025-01-23 00:50:04,480 - ERROR - Error in retry logic: column "last_retry" does not exist
LINE 4:             AND (last_retry IS NULL OR last_retry < NOW() - ...
                         ^

2025-01-23 00:51:04,480 - ERROR - Error in retry logic: column "last_retry" does not exist
LINE 4:             AND (last_retry IS NULL OR last_retry < NOW() - ...
                         ^

2025-01-23 00:52:04,480 - ERROR - Error in retry logic: column "last_retry" does not exist
LINE 4:             AND (last_retry IS NULL OR last_retry < NOW() - ...
                         ^

2025-01-23 00:53:04,480 - ERROR - Error in retry logic: column "last_retry" does not exist
LINE 4:             AND (last_retry IS NULL OR last_retry < NOW() - ...
                         ^

2025-01-23 00:54:04,480 - ERROR - Error in retry logic: column "last_retry" does not exist
LINE 4:             AND (last_retry IS NULL OR last_retry < NOW() - ...
                         ^

2025-01-23 00:55:04,480 - ERROR - Error in retry logic: column "last_retry" does not exist
LINE 4:             AND (last_retry IS NULL OR last_retry < NOW() - ...
                         ^

2025-01-23 00:56:04,480 - ERROR - Error in retry logic: column "last_retry" does not exist
LINE 4:             AND (last_retry IS NULL OR last_retry < NOW() - ...
                         ^

2025-01-23 00:57:04,480 - ERROR - Error in retry logic: column "last_retry" does not exist
LINE 4:             AND (last_retry IS NULL OR last_retry < NOW() - ...
                         ^

2025-01-23 00:58:04,480 - ERROR - Error in retry logic: column "last_retry" does not exist
LINE 4:             AND (last_retry IS NULL OR last_retry < NOW() - ...
                         ^

2025-01-23 00:59:04,481 - ERROR - Error in retry logic: column "last_retry" does not exist
LINE 4:             AND (last_retry IS NULL OR last_retry < NOW() - ...
                         ^

2025-01-23 01:00:04,480 - ERROR - Error in retry logic: column "last_retry" does not exist
LINE 4:             AND (last_retry IS NULL OR last_retry < NOW() - ...
                         ^

2025-01-23 01:01:04,481 - ERROR - Error in retry logic: column "last_retry" does not exist
LINE 4:             AND (last_retry IS NULL OR last_retry < NOW() - ...
                         ^

2025-01-23 01:02:04,480 - ERROR - Error in retry logic: column "last_retry" does not exist
LINE 4:             AND (last_retry IS NULL OR last_retry < NOW() - ...
                         ^

2025-01-23 01:03:04,480 - ERROR - Error in retry logic: column "last_retry" does not exist
LINE 4:             AND (last_retry IS NULL OR last_retry < NOW() - ...
                         ^

2025-01-23 01:04:04,481 - ERROR - Error in retry logic: column "last_retry" does not exist
LINE 4:             AND (last_retry IS NULL OR last_retry < NOW() - ...
                         ^

2025-01-23 01:05:04,481 - ERROR - Error in retry logic: column "last_retry" does not exist
LINE 4:             AND (last_retry IS NULL OR last_retry < NOW() - ...
                         ^

2025-01-23 01:06:04,480 - ERROR - Error in retry logic: column "last_retry" does not exist
LINE 4:             AND (last_retry IS NULL OR last_retry < NOW() - ...
                         ^

2025-01-23 01:07:04,485 - ERROR - Error in retry logic: column "last_retry" does not exist
LINE 4:             AND (last_retry IS NULL OR last_retry < NOW() - ...
                         ^

2025-01-23 01:08:04,481 - ERROR - Error in retry logic: column "last_retry" does not exist
LINE 4:             AND (last_retry IS NULL OR last_retry < NOW() - ...
                         ^

2025-01-23 01:09:04,480 - ERROR - Error in retry logic: column "last_retry" does not exist
LINE 4:             AND (last_retry IS NULL OR last_retry < NOW() - ...
                         ^

2025-01-23 01:10:04,480 - ERROR - Error in retry logic: column "last_retry" does not exist
LINE 4:             AND (last_retry IS NULL OR last_retry < NOW() - ...
                         ^

2025-01-23 01:11:04,480 - ERROR - Error in retry logic: column "last_retry" does not exist
LINE 4:             AND (last_retry IS NULL OR last_retry < NOW() - ...
                         ^

2025-01-23 01:12:04,480 - ERROR - Error in retry logic: column "last_retry" does not exist
LINE 4:             AND (last_retry IS NULL OR last_retry < NOW() - ...
                         ^

2025-01-23 01:13:04,485 - ERROR - Error in retry logic: column "last_retry" does not exist
LINE 4:             AND (last_retry IS NULL OR last_retry < NOW() - ...
                         ^

2025-01-23 01:14:04,480 - ERROR - Error in retry logic: column "last_retry" does not exist
LINE 4:             AND (last_retry IS NULL OR last_retry < NOW() - ...
                         ^

2025-01-23 01:15:04,480 - ERROR - Error in retry logic: column "last_retry" does not exist
LINE 4:             AND (last_retry IS NULL OR last_retry < NOW() - ...
                         ^

2025-01-23 01:16:04,481 - ERROR - Error in retry logic: column "last_retry" does not exist
LINE 4:             AND (last_retry IS NULL OR last_retry < NOW() - ...
                         ^

2025-01-23 01:17:04,482 - ERROR - Error in retry logic: column "last_retry" does not exist
LINE 4:             AND (last_retry IS NULL OR last_retry < NOW() - ...
                         ^

2025-01-23 01:18:04,480 - ERROR - Error in retry logic: column "last_retry" does not exist
LINE 4:             AND (last_retry IS NULL OR last_retry < NOW() - ...
                         ^

2025-01-23 01:19:04,480 - ERROR - Error in retry logic: column "last_retry" does not exist
LINE 4:             AND (last_retry IS NULL OR last_retry < NOW() - ...
                         ^

2025-01-23 01:20:04,480 - ERROR - Error in retry logic: column "last_retry" does not exist
LINE 4:             AND (last_retry IS NULL OR last_retry < NOW() - ...
                         ^

2025-01-23 01:21:04,480 - ERROR - Error in retry logic: column "last_retry" does not exist
LINE 4:             AND (last_retry IS NULL OR last_retry < NOW() - ...
                         ^

2025-01-23 01:22:04,481 - ERROR - Error in retry logic: column "last_retry" does not exist
LINE 4:             AND (last_retry IS NULL OR last_retry < NOW() - ...
                         ^

2025-01-23 01:23:04,480 - ERROR - Error in retry logic: column "last_retry" does not exist
LINE 4:             AND (last_retry IS NULL OR last_retry < NOW() - ...
                         ^

2025-01-23 01:24:04,480 - ERROR - Error in retry logic: column "last_retry" does not exist
LINE 4:             AND (last_retry IS NULL OR last_retry < NOW() - ...
                         ^

2025-01-23 01:25:04,480 - ERROR - Error in retry logic: column "last_retry" does not exist
LINE 4:             AND (last_retry IS NULL OR last_retry < NOW() - ...
                         ^

2025-01-23 01:26:04,481 - ERROR - Error in retry logic: column "last_retry" does not exist
LINE 4:             AND (last_retry IS NULL OR last_retry < NOW() - ...
                         ^

2025-01-23 01:27:04,480 - ERROR - Error in retry logic: column "last_retry" does not exist
LINE 4:             AND (last_retry IS NULL OR last_retry < NOW() - ...
                         ^

2025-01-23 01:28:04,480 - ERROR - Error in retry logic: column "last_retry" does not exist
LINE 4:             AND (last_retry IS NULL OR last_retry < NOW() - ...
                         ^

2025-01-23 01:29:04,480 - ERROR - Error in retry logic: column "last_retry" does not exist
LINE 4:             AND (last_retry IS NULL OR last_retry < NOW() - ...
                         ^

2025-01-23 01:30:04,480 - ERROR - Error in retry logic: column "last_retry" does not exist
LINE 4:             AND (last_retry IS NULL OR last_retry < NOW() - ...
                         ^

2025-01-23 01:31:04,480 - ERROR - Error in retry logic: column "last_retry" does not exist
LINE 4:             AND (last_retry IS NULL OR last_retry < NOW() - ...
                         ^

2025-01-23 01:32:04,480 - ERROR - Error in retry logic: column "last_retry" does not exist
LINE 4:             AND (last_retry IS NULL OR last_retry < NOW() - ...
                         ^

2025-01-23 01:33:04,485 - ERROR - Error in retry logic: column "last_retry" does not exist
LINE 4:             AND (last_retry IS NULL OR last_retry < NOW() - ...
                         ^

2025-01-23 01:34:04,480 - ERROR - Error in retry logic: column "last_retry" does not exist
LINE 4:             AND (last_retry IS NULL OR last_retry < NOW() - ...
                         ^

2025-01-23 01:35:04,481 - ERROR - Error in retry logic: column "last_retry" does not exist
LINE 4:             AND (last_retry IS NULL OR last_retry < NOW() - ...
                         ^

2025-01-23 01:36:04,486 - ERROR - Error in retry logic: column "last_retry" does not exist
LINE 4:             AND (last_retry IS NULL OR last_retry < NOW() - ...
                         ^

2025-01-23 01:37:04,482 - ERROR - Error in retry logic: column "last_retry" does not exist
LINE 4:             AND (last_retry IS NULL OR last_retry < NOW() - ...
                         ^

2025-01-23 01:38:04,482 - ERROR - Error in retry logic: column "last_retry" does not exist
LINE 4:             AND (last_retry IS NULL OR last_retry < NOW() - ...
                         ^

2025-01-23 01:39:04,485 - ERROR - Error in retry logic: column "last_retry" does not exist
LINE 4:             AND (last_retry IS NULL OR last_retry < NOW() - ...
                         ^

2025-01-23 01:40:04,480 - ERROR - Error in retry logic: column "last_retry" does not exist
LINE 4:             AND (last_retry IS NULL OR last_retry < NOW() - ...
                         ^

2025-01-23 01:41:04,481 - ERROR - Error in retry logic: column "last_retry" does not exist
LINE 4:             AND (last_retry IS NULL OR last_retry < NOW() - ...
                         ^

2025-01-23 01:42:04,481 - ERROR - Error in retry logic: column "last_retry" does not exist
LINE 4:             AND (last_retry IS NULL OR last_retry < NOW() - ...
                         ^

2025-01-23 01:43:04,480 - ERROR - Error in retry logic: column "last_retry" does not exist
LINE 4:             AND (last_retry IS NULL OR last_retry < NOW() - ...
                         ^

2025-01-23 01:44:04,480 - ERROR - Error in retry logic: column "last_retry" does not exist
LINE 4:             AND (last_retry IS NULL OR last_retry < NOW() - ...
                         ^

2025-01-23 01:45:04,480 - ERROR - Error in retry logic: column "last_retry" does not exist
LINE 4:             AND (last_retry IS NULL OR last_retry < NOW() - ...
                         ^

2025-01-23 01:46:04,481 - ERROR - Error in retry logic: column "last_retry" does not exist
LINE 4:             AND (last_retry IS NULL OR last_retry < NOW() - ...
                         ^

2025-01-23 01:47:04,480 - ERROR - Error in retry logic: column "last_retry" does not exist
LINE 4:             AND (last_retry IS NULL OR last_retry < NOW() - ...
                         ^

2025-01-23 01:48:04,481 - ERROR - Error in retry logic: column "last_retry" does not exist
LINE 4:             AND (last_retry IS NULL OR last_retry < NOW() - ...
                         ^

2025-01-23 01:49:04,481 - ERROR - Error in retry logic: column "last_retry" does not exist
LINE 4:             AND (last_retry IS NULL OR last_retry < NOW() - ...
                         ^

2025-01-23 01:50:04,481 - ERROR - Error in retry logic: column "last_retry" does not exist
LINE 4:             AND (last_retry IS NULL OR last_retry < NOW() - ...
                         ^

2025-01-23 01:51:04,481 - ERROR - Error in retry logic: column "last_retry" does not exist
LINE 4:             AND (last_retry IS NULL OR last_retry < NOW() - ...
                         ^

2025-01-23 01:52:04,481 - ERROR - Error in retry logic: column "last_retry" does not exist
LINE 4:             AND (last_retry IS NULL OR last_retry < NOW() - ...
                         ^

2025-01-23 01:53:04,481 - ERROR - Error in retry logic: column "last_retry" does not exist
LINE 4:             AND (last_retry IS NULL OR last_retry < NOW() - ...
                         ^

2025-01-23 01:54:04,480 - ERROR - Error in retry logic: column "last_retry" does not exist
LINE 4:             AND (last_retry IS NULL OR last_retry < NOW() - ...
                         ^

2025-01-23 01:55:04,480 - ERROR - Error in retry logic: column "last_retry" does not exist
LINE 4:             AND (last_retry IS NULL OR last_retry < NOW() - ...
                         ^

2025-01-23 01:56:04,485 - ERROR - Error in retry logic: column "last_retry" does not exist
LINE 4:             AND (last_retry IS NULL OR last_retry < NOW() - ...
                         ^

2025-01-23 01:57:04,481 - ERROR - Error in retry logic: column "last_retry" does not exist
LINE 4:             AND (last_retry IS NULL OR last_retry < NOW() - ...
                         ^

2025-01-23 01:58:04,481 - ERROR - Error in retry logic: column "last_retry" does not exist
LINE 4:             AND (last_retry IS NULL OR last_retry < NOW() - ...
                         ^

2025-01-23 01:59:04,480 - ERROR - Error in retry logic: column "last_retry" does not exist
LINE 4:             AND (last_retry IS NULL OR last_retry < NOW() - ...
                         ^

2025-01-23 02:00:04,480 - ERROR - Error in retry logic: column "last_retry" does not exist
LINE 4:             AND (last_retry IS NULL OR last_retry < NOW() - ...
                         ^

2025-01-23 02:01:04,480 - ERROR - Error in retry logic: column "last_retry" does not exist
LINE 4:             AND (last_retry IS NULL OR last_retry < NOW() - ...
                         ^

2025-01-23 02:02:04,486 - ERROR - Error in retry logic: column "last_retry" does not exist
LINE 4:             AND (last_retry IS NULL OR last_retry < NOW() - ...
                         ^

2025-01-23 02:03:04,481 - ERROR - Error in retry logic: column "last_retry" does not exist
LINE 4:             AND (last_retry IS NULL OR last_retry < NOW() - ...
                         ^

2025-01-23 02:04:04,481 - ERROR - Error in retry logic: column "last_retry" does not exist
LINE 4:             AND (last_retry IS NULL OR last_retry < NOW() - ...
                         ^

2025-01-23 02:05:04,481 - ERROR - Error in retry logic: column "last_retry" does not exist
LINE 4:             AND (last_retry IS NULL OR last_retry < NOW() - ...
                         ^

2025-01-23 02:06:04,486 - ERROR - Error in retry logic: column "last_retry" does not exist
LINE 4:             AND (last_retry IS NULL OR last_retry < NOW() - ...
                         ^

2025-01-23 02:07:04,481 - ERROR - Error in retry logic: column "last_retry" does not exist
LINE 4:             AND (last_retry IS NULL OR last_retry < NOW() - ...
                         ^

2025-01-23 02:08:04,481 - ERROR - Error in retry logic: column "last_retry" does not exist
LINE 4:             AND (last_retry IS NULL OR last_retry < NOW() - ...
                         ^

2025-01-23 02:09:04,482 - ERROR - Error in retry logic: column "last_retry" does not exist
LINE 4:             AND (last_retry IS NULL OR last_retry < NOW() - ...
                         ^

2025-01-23 02:10:04,481 - ERROR - Error in retry logic: column "last_retry" does not exist
LINE 4:             AND (last_retry IS NULL OR last_retry < NOW() - ...
                         ^

2025-01-23 02:11:04,481 - ERROR - Error in retry logic: column "last_retry" does not exist
LINE 4:             AND (last_retry IS NULL OR last_retry < NOW() - ...
                         ^

2025-01-23 02:12:04,480 - ERROR - Error in retry logic: column "last_retry" does not exist
LINE 4:             AND (last_retry IS NULL OR last_retry < NOW() - ...
                         ^

2025-01-23 02:13:04,481 - ERROR - Error in retry logic: column "last_retry" does not exist
LINE 4:             AND (last_retry IS NULL OR last_retry < NOW() - ...
                         ^

2025-01-23 02:14:04,480 - ERROR - Error in retry logic: column "last_retry" does not exist
LINE 4:             AND (last_retry IS NULL OR last_retry < NOW() - ...
                         ^

2025-01-23 02:15:04,480 - ERROR - Error in retry logic: column "last_retry" does not exist
LINE 4:             AND (last_retry IS NULL OR last_retry < NOW() - ...
                         ^

2025-01-23 02:16:04,481 - ERROR - Error in retry logic: column "last_retry" does not exist
LINE 4:             AND (last_retry IS NULL OR last_retry < NOW() - ...
                         ^

2025-01-23 02:17:04,481 - ERROR - Error in retry logic: column "last_retry" does not exist
LINE 4:             AND (last_retry IS NULL OR last_retry < NOW() - ...
                         ^

2025-01-23 02:18:04,480 - ERROR - Error in retry logic: column "last_retry" does not exist
LINE 4:             AND (last_retry IS NULL OR last_retry < NOW() - ...
                         ^

2025-01-23 02:19:04,483 - ERROR - Error in retry logic: column "last_retry" does not exist
LINE 4:             AND (last_retry IS NULL OR last_retry < NOW() - ...
                         ^

2025-01-23 02:20:04,483 - ERROR - Error in retry logic: column "last_retry" does not exist
LINE 4:             AND (last_retry IS NULL OR last_retry < NOW() - ...
                         ^

2025-01-23 02:21:04,481 - ERROR - Error in retry logic: column "last_retry" does not exist
LINE 4:             AND (last_retry IS NULL OR last_retry < NOW() - ...
                         ^

2025-01-23 02:22:04,480 - ERROR - Error in retry logic: column "last_retry" does not exist
LINE 4:             AND (last_retry IS NULL OR last_retry < NOW() - ...
                         ^

2025-01-23 02:23:04,481 - ERROR - Error in retry logic: column "last_retry" does not exist
LINE 4:             AND (last_retry IS NULL OR last_retry < NOW() - ...
                         ^

2025-01-23 02:24:04,481 - ERROR - Error in retry logic: column "last_retry" does not exist
LINE 4:             AND (last_retry IS NULL OR last_retry < NOW() - ...
                         ^

2025-01-23 02:25:04,480 - ERROR - Error in retry logic: column "last_retry" does not exist
LINE 4:             AND (last_retry IS NULL OR last_retry < NOW() - ...
                         ^

2025-01-23 02:26:04,481 - ERROR - Error in retry logic: column "last_retry" does not exist
LINE 4:             AND (last_retry IS NULL OR last_retry < NOW() - ...
                         ^

2025-01-23 02:27:04,481 - ERROR - Error in retry logic: column "last_retry" does not exist
LINE 4:             AND (last_retry IS NULL OR last_retry < NOW() - ...
                         ^

2025-01-23 02:28:04,480 - ERROR - Error in retry logic: column "last_retry" does not exist
LINE 4:             AND (last_retry IS NULL OR last_retry < NOW() - ...
                         ^

2025-01-23 02:29:04,480 - ERROR - Error in retry logic: column "last_retry" does not exist
LINE 4:             AND (last_retry IS NULL OR last_retry < NOW() - ...
                         ^

2025-01-23 02:30:04,485 - ERROR - Error in retry logic: column "last_retry" does not exist
LINE 4:             AND (last_retry IS NULL OR last_retry < NOW() - ...
                         ^

2025-01-23 02:31:04,481 - ERROR - Error in retry logic: column "last_retry" does not exist
LINE 4:             AND (last_retry IS NULL OR last_retry < NOW() - ...
                         ^

2025-01-23 02:32:04,481 - ERROR - Error in retry logic: column "last_retry" does not exist
LINE 4:             AND (last_retry IS NULL OR last_retry < NOW() - ...
                         ^

2025-01-23 02:33:04,481 - ERROR - Error in retry logic: column "last_retry" does not exist
LINE 4:             AND (last_retry IS NULL OR last_retry < NOW() - ...
                         ^

2025-01-23 02:34:04,481 - ERROR - Error in retry logic: column "last_retry" does not exist
LINE 4:             AND (last_retry IS NULL OR last_retry < NOW() - ...
                         ^

2025-01-23 02:35:04,480 - ERROR - Error in retry logic: column "last_retry" does not exist
LINE 4:             AND (last_retry IS NULL OR last_retry < NOW() - ...
                         ^

2025-01-23 02:36:04,480 - ERROR - Error in retry logic: column "last_retry" does not exist
LINE 4:             AND (last_retry IS NULL OR last_retry < NOW() - ...
                         ^

2025-01-23 02:37:04,481 - ERROR - Error in retry logic: column "last_retry" does not exist
LINE 4:             AND (last_retry IS NULL OR last_retry < NOW() - ...
                         ^

2025-01-23 02:38:04,481 - ERROR - Error in retry logic: column "last_retry" does not exist
LINE 4:             AND (last_retry IS NULL OR last_retry < NOW() - ...
                         ^

2025-01-23 02:39:04,480 - ERROR - Error in retry logic: column "last_retry" does not exist
LINE 4:             AND (last_retry IS NULL OR last_retry < NOW() - ...
                         ^

2025-01-23 02:40:04,481 - ERROR - Error in retry logic: column "last_retry" does not exist
LINE 4:             AND (last_retry IS NULL OR last_retry < NOW() - ...
                         ^

2025-01-23 02:41:04,480 - ERROR - Error in retry logic: column "last_retry" does not exist
LINE 4:             AND (last_retry IS NULL OR last_retry < NOW() - ...
                         ^

2025-01-23 02:42:04,481 - ERROR - Error in retry logic: column "last_retry" does not exist
LINE 4:             AND (last_retry IS NULL OR last_retry < NOW() - ...
                         ^

2025-01-23 02:43:04,481 - ERROR - Error in retry logic: column "last_retry" does not exist
LINE 4:             AND (last_retry IS NULL OR last_retry < NOW() - ...
                         ^

2025-01-23 02:44:04,481 - ERROR - Error in retry logic: column "last_retry" does not exist
LINE 4:             AND (last_retry IS NULL OR last_retry < NOW() - ...
                         ^

2025-01-23 02:45:04,481 - ERROR - Error in retry logic: column "last_retry" does not exist
LINE 4:             AND (last_retry IS NULL OR last_retry < NOW() - ...
                         ^

2025-01-23 02:46:04,481 - ERROR - Error in retry logic: column "last_retry" does not exist
LINE 4:             AND (last_retry IS NULL OR last_retry < NOW() - ...
                         ^

2025-01-23 02:47:04,481 - ERROR - Error in retry logic: column "last_retry" does not exist
LINE 4:             AND (last_retry IS NULL OR last_retry < NOW() - ...
                         ^

2025-01-23 02:48:04,481 - ERROR - Error in retry logic: column "last_retry" does not exist
LINE 4:             AND (last_retry IS NULL OR last_retry < NOW() - ...
                         ^

2025-01-23 02:49:04,481 - ERROR - Error in retry logic: column "last_retry" does not exist
LINE 4:             AND (last_retry IS NULL OR last_retry < NOW() - ...
                         ^

2025-01-23 02:50:04,480 - ERROR - Error in retry logic: column "last_retry" does not exist
LINE 4:             AND (last_retry IS NULL OR last_retry < NOW() - ...
                         ^

2025-01-23 02:51:04,481 - ERROR - Error in retry logic: column "last_retry" does not exist
LINE 4:             AND (last_retry IS NULL OR last_retry < NOW() - ...
                         ^

2025-01-23 02:52:04,481 - ERROR - Error in retry logic: column "last_retry" does not exist
LINE 4:             AND (last_retry IS NULL OR last_retry < NOW() - ...
                         ^

2025-01-23 02:53:04,481 - ERROR - Error in retry logic: column "last_retry" does not exist
LINE 4:             AND (last_retry IS NULL OR last_retry < NOW() - ...
                         ^

2025-01-23 02:54:04,480 - ERROR - Error in retry logic: column "last_retry" does not exist
LINE 4:             AND (last_retry IS NULL OR last_retry < NOW() - ...
                         ^

2025-01-23 02:55:04,481 - ERROR - Error in retry logic: column "last_retry" does not exist
LINE 4:             AND (last_retry IS NULL OR last_retry < NOW() - ...
                         ^

2025-01-23 02:56:04,486 - ERROR - Error in retry logic: column "last_retry" does not exist
LINE 4:             AND (last_retry IS NULL OR last_retry < NOW() - ...
                         ^

2025-01-23 02:57:04,481 - ERROR - Error in retry logic: column "last_retry" does not exist
LINE 4:             AND (last_retry IS NULL OR last_retry < NOW() - ...
                         ^

2025-01-23 02:58:04,481 - ERROR - Error in retry logic: column "last_retry" does not exist
LINE 4:             AND (last_retry IS NULL OR last_retry < NOW() - ...
                         ^

2025-01-23 02:59:04,481 - ERROR - Error in retry logic: column "last_retry" does not exist
LINE 4:             AND (last_retry IS NULL OR last_retry < NOW() - ...
                         ^

2025-01-23 03:00:04,481 - ERROR - Error in retry logic: column "last_retry" does not exist
LINE 4:             AND (last_retry IS NULL OR last_retry < NOW() - ...
                         ^

2025-01-23 03:01:04,481 - ERROR - Error in retry logic: column "last_retry" does not exist
LINE 4:             AND (last_retry IS NULL OR last_retry < NOW() - ...
                         ^

2025-01-23 03:02:04,481 - ERROR - Error in retry logic: column "last_retry" does not exist
LINE 4:             AND (last_retry IS NULL OR last_retry < NOW() - ...
                         ^

2025-01-23 03:03:04,481 - ERROR - Error in retry logic: column "last_retry" does not exist
LINE 4:             AND (last_retry IS NULL OR last_retry < NOW() - ...
                         ^

2025-01-23 03:04:04,481 - ERROR - Error in retry logic: column "last_retry" does not exist
LINE 4:             AND (last_retry IS NULL OR last_retry < NOW() - ...
                         ^

2025-01-23 03:05:04,481 - ERROR - Error in retry logic: column "last_retry" does not exist
LINE 4:             AND (last_retry IS NULL OR last_retry < NOW() - ...
                         ^

2025-01-23 03:06:04,481 - ERROR - Error in retry logic: column "last_retry" does not exist
LINE 4:             AND (last_retry IS NULL OR last_retry < NOW() - ...
                         ^

2025-01-23 03:07:04,481 - ERROR - Error in retry logic: column "last_retry" does not exist
LINE 4:             AND (last_retry IS NULL OR last_retry < NOW() - ...
                         ^

2025-01-23 03:08:04,481 - ERROR - Error in retry logic: column "last_retry" does not exist
LINE 4:             AND (last_retry IS NULL OR last_retry < NOW() - ...
                         ^

2025-01-23 03:09:04,480 - ERROR - Error in retry logic: column "last_retry" does not exist
LINE 4:             AND (last_retry IS NULL OR last_retry < NOW() - ...
                         ^

2025-01-23 03:10:04,481 - ERROR - Error in retry logic: column "last_retry" does not exist
LINE 4:             AND (last_retry IS NULL OR last_retry < NOW() - ...
                         ^

2025-01-23 03:11:04,480 - ERROR - Error in retry logic: column "last_retry" does not exist
LINE 4:             AND (last_retry IS NULL OR last_retry < NOW() - ...
                         ^

2025-01-23 03:12:04,481 - ERROR - Error in retry logic: column "last_retry" does not exist
LINE 4:             AND (last_retry IS NULL OR last_retry < NOW() - ...
                         ^

2025-01-23 03:13:04,484 - ERROR - Error in retry logic: column "last_retry" does not exist
LINE 4:             AND (last_retry IS NULL OR last_retry < NOW() - ...
                         ^

2025-01-23 03:14:04,481 - ERROR - Error in retry logic: column "last_retry" does not exist
LINE 4:             AND (last_retry IS NULL OR last_retry < NOW() - ...
                         ^

2025-01-23 03:15:04,481 - ERROR - Error in retry logic: column "last_retry" does not exist
LINE 4:             AND (last_retry IS NULL OR last_retry < NOW() - ...
                         ^

2025-01-23 03:16:04,482 - ERROR - Error in retry logic: column "last_retry" does not exist
LINE 4:             AND (last_retry IS NULL OR last_retry < NOW() - ...
                         ^

2025-01-23 03:17:04,481 - ERROR - Error in retry logic: column "last_retry" does not exist
LINE 4:             AND (last_retry IS NULL OR last_retry < NOW() - ...
                         ^

2025-01-23 03:18:04,481 - ERROR - Error in retry logic: column "last_retry" does not exist
LINE 4:             AND (last_retry IS NULL OR last_retry < NOW() - ...
                         ^

2025-01-23 03:19:04,481 - ERROR - Error in retry logic: column "last_retry" does not exist
LINE 4:             AND (last_retry IS NULL OR last_retry < NOW() - ...
                         ^

2025-01-23 03:20:04,481 - ERROR - Error in retry logic: column "last_retry" does not exist
LINE 4:             AND (last_retry IS NULL OR last_retry < NOW() - ...
                         ^

2025-01-23 03:21:04,481 - ERROR - Error in retry logic: column "last_retry" does not exist
LINE 4:             AND (last_retry IS NULL OR last_retry < NOW() - ...
                         ^

2025-01-23 03:22:04,480 - ERROR - Error in retry logic: column "last_retry" does not exist
LINE 4:             AND (last_retry IS NULL OR last_retry < NOW() - ...
                         ^

2025-01-23 03:23:04,482 - ERROR - Error in retry logic: column "last_retry" does not exist
LINE 4:             AND (last_retry IS NULL OR last_retry < NOW() - ...
                         ^

2025-01-23 03:24:04,480 - ERROR - Error in retry logic: column "last_retry" does not exist
LINE 4:             AND (last_retry IS NULL OR last_retry < NOW() - ...
                         ^

2025-01-23 03:25:04,486 - ERROR - Error in retry logic: column "last_retry" does not exist
LINE 4:             AND (last_retry IS NULL OR last_retry < NOW() - ...
                         ^

2025-01-23 03:26:04,481 - ERROR - Error in retry logic: column "last_retry" does not exist
LINE 4:             AND (last_retry IS NULL OR last_retry < NOW() - ...
                         ^

2025-01-23 03:27:04,480 - ERROR - Error in retry logic: column "last_retry" does not exist
LINE 4:             AND (last_retry IS NULL OR last_retry < NOW() - ...
                         ^

2025-01-23 03:28:04,481 - ERROR - Error in retry logic: column "last_retry" does not exist
LINE 4:             AND (last_retry IS NULL OR last_retry < NOW() - ...
                         ^

2025-01-23 03:29:04,481 - ERROR - Error in retry logic: column "last_retry" does not exist
LINE 4:             AND (last_retry IS NULL OR last_retry < NOW() - ...
                         ^

2025-01-23 03:30:04,481 - ERROR - Error in retry logic: column "last_retry" does not exist
LINE 4:             AND (last_retry IS NULL OR last_retry < NOW() - ...
                         ^

2025-01-23 03:31:04,481 - ERROR - Error in retry logic: column "last_retry" does not exist
LINE 4:             AND (last_retry IS NULL OR last_retry < NOW() - ...
                         ^

2025-01-23 03:32:04,481 - ERROR - Error in retry logic: column "last_retry" does not exist
LINE 4:             AND (last_retry IS NULL OR last_retry < NOW() - ...
                         ^

2025-01-23 03:33:04,481 - ERROR - Error in retry logic: column "last_retry" does not exist
LINE 4:             AND (last_retry IS NULL OR last_retry < NOW() - ...
                         ^

2025-01-23 03:34:04,481 - ERROR - Error in retry logic: column "last_retry" does not exist
LINE 4:             AND (last_retry IS NULL OR last_retry < NOW() - ...
                         ^

2025-01-23 03:35:04,481 - ERROR - Error in retry logic: column "last_retry" does not exist
LINE 4:             AND (last_retry IS NULL OR last_retry < NOW() - ...
                         ^

2025-01-23 03:36:04,481 - ERROR - Error in retry logic: column "last_retry" does not exist
LINE 4:             AND (last_retry IS NULL OR last_retry < NOW() - ...
                         ^

2025-01-23 03:37:04,481 - ERROR - Error in retry logic: column "last_retry" does not exist
LINE 4:             AND (last_retry IS NULL OR last_retry < NOW() - ...
                         ^

2025-01-23 03:38:04,481 - ERROR - Error in retry logic: column "last_retry" does not exist
LINE 4:             AND (last_retry IS NULL OR last_retry < NOW() - ...
                         ^

2025-01-23 03:39:04,481 - ERROR - Error in retry logic: column "last_retry" does not exist
LINE 4:             AND (last_retry IS NULL OR last_retry < NOW() - ...
                         ^

2025-01-23 03:40:04,481 - ERROR - Error in retry logic: column "last_retry" does not exist
LINE 4:             AND (last_retry IS NULL OR last_retry < NOW() - ...
                         ^

2025-01-23 03:41:04,481 - ERROR - Error in retry logic: column "last_retry" does not exist
LINE 4:             AND (last_retry IS NULL OR last_retry < NOW() - ...
                         ^

2025-01-23 03:42:04,481 - ERROR - Error in retry logic: column "last_retry" does not exist
LINE 4:             AND (last_retry IS NULL OR last_retry < NOW() - ...
                         ^

2025-01-23 03:43:04,481 - ERROR - Error in retry logic: column "last_retry" does not exist
LINE 4:             AND (last_retry IS NULL OR last_retry < NOW() - ...
                         ^

2025-01-23 03:44:04,481 - ERROR - Error in retry logic: column "last_retry" does not exist
LINE 4:             AND (last_retry IS NULL OR last_retry < NOW() - ...
                         ^

2025-01-23 03:45:04,482 - ERROR - Error in retry logic: column "last_retry" does not exist
LINE 4:             AND (last_retry IS NULL OR last_retry < NOW() - ...
                         ^

2025-01-23 03:46:04,481 - ERROR - Error in retry logic: column "last_retry" does not exist
LINE 4:             AND (last_retry IS NULL OR last_retry < NOW() - ...
                         ^

2025-01-23 03:47:04,481 - ERROR - Error in retry logic: column "last_retry" does not exist
LINE 4:             AND (last_retry IS NULL OR last_retry < NOW() - ...
                         ^

2025-01-23 03:48:04,485 - ERROR - Error in retry logic: column "last_retry" does not exist
LINE 4:             AND (last_retry IS NULL OR last_retry < NOW() - ...
                         ^

2025-01-23 03:49:04,481 - ERROR - Error in retry logic: column "last_retry" does not exist
LINE 4:             AND (last_retry IS NULL OR last_retry < NOW() - ...
                         ^

2025-01-23 03:50:04,481 - ERROR - Error in retry logic: column "last_retry" does not exist
LINE 4:             AND (last_retry IS NULL OR last_retry < NOW() - ...
                         ^

2025-01-23 03:51:04,481 - ERROR - Error in retry logic: column "last_retry" does not exist
LINE 4:             AND (last_retry IS NULL OR last_retry < NOW() - ...
                         ^

2025-01-23 03:52:04,481 - ERROR - Error in retry logic: column "last_retry" does not exist
LINE 4:             AND (last_retry IS NULL OR last_retry < NOW() - ...
                         ^

2025-01-23 03:53:04,480 - ERROR - Error in retry logic: column "last_retry" does not exist
LINE 4:             AND (last_retry IS NULL OR last_retry < NOW() - ...
                         ^

2025-01-23 03:54:04,480 - ERROR - Error in retry logic: column "last_retry" does not exist
LINE 4:             AND (last_retry IS NULL OR last_retry < NOW() - ...
                         ^

2025-01-23 03:55:04,481 - ERROR - Error in retry logic: column "last_retry" does not exist
LINE 4:             AND (last_retry IS NULL OR last_retry < NOW() - ...
                         ^

2025-01-23 03:56:04,486 - ERROR - Error in retry logic: column "last_retry" does not exist
LINE 4:             AND (last_retry IS NULL OR last_retry < NOW() - ...
                         ^

2025-01-23 03:57:04,481 - ERROR - Error in retry logic: column "last_retry" does not exist
LINE 4:             AND (last_retry IS NULL OR last_retry < NOW() - ...
                         ^

2025-01-23 03:58:04,481 - ERROR - Error in retry logic: column "last_retry" does not exist
LINE 4:             AND (last_retry IS NULL OR last_retry < NOW() - ...
                         ^

2025-01-23 03:59:04,481 - ERROR - Error in retry logic: column "last_retry" does not exist
LINE 4:             AND (last_retry IS NULL OR last_retry < NOW() - ...
                         ^

2025-01-23 04:00:04,481 - ERROR - Error in retry logic: column "last_retry" does not exist
LINE 4:             AND (last_retry IS NULL OR last_retry < NOW() - ...
                         ^

2025-01-23 04:01:04,482 - ERROR - Error in retry logic: column "last_retry" does not exist
LINE 4:             AND (last_retry IS NULL OR last_retry < NOW() - ...
                         ^

2025-01-23 04:02:04,481 - ERROR - Error in retry logic: column "last_retry" does not exist
LINE 4:             AND (last_retry IS NULL OR last_retry < NOW() - ...
                         ^

2025-01-23 04:03:04,481 - ERROR - Error in retry logic: column "last_retry" does not exist
LINE 4:             AND (last_retry IS NULL OR last_retry < NOW() - ...
                         ^

2025-01-23 04:04:04,481 - ERROR - Error in retry logic: column "last_retry" does not exist
LINE 4:             AND (last_retry IS NULL OR last_retry < NOW() - ...
                         ^

2025-01-23 04:05:04,481 - ERROR - Error in retry logic: column "last_retry" does not exist
LINE 4:             AND (last_retry IS NULL OR last_retry < NOW() - ...
                         ^

2025-01-23 04:06:04,485 - ERROR - Error in retry logic: column "last_retry" does not exist
LINE 4:             AND (last_retry IS NULL OR last_retry < NOW() - ...
                         ^

2025-01-23 04:07:04,481 - ERROR - Error in retry logic: column "last_retry" does not exist
LINE 4:             AND (last_retry IS NULL OR last_retry < NOW() - ...
                         ^

2025-01-23 04:08:04,481 - ERROR - Error in retry logic: column "last_retry" does not exist
LINE 4:             AND (last_retry IS NULL OR last_retry < NOW() - ...
                         ^

2025-01-23 04:09:04,483 - ERROR - Error in retry logic: column "last_retry" does not exist
LINE 4:             AND (last_retry IS NULL OR last_retry < NOW() - ...
                         ^

2025-01-23 04:10:04,481 - ERROR - Error in retry logic: column "last_retry" does not exist
LINE 4:             AND (last_retry IS NULL OR last_retry < NOW() - ...
                         ^

2025-01-23 04:11:04,481 - ERROR - Error in retry logic: column "last_retry" does not exist
LINE 4:             AND (last_retry IS NULL OR last_retry < NOW() - ...
                         ^

2025-01-23 04:12:04,481 - ERROR - Error in retry logic: column "last_retry" does not exist
LINE 4:             AND (last_retry IS NULL OR last_retry < NOW() - ...
                         ^

2025-01-23 04:13:04,481 - ERROR - Error in retry logic: column "last_retry" does not exist
LINE 4:             AND (last_retry IS NULL OR last_retry < NOW() - ...
                         ^

2025-01-23 04:14:04,482 - ERROR - Error in retry logic: column "last_retry" does not exist
LINE 4:             AND (last_retry IS NULL OR last_retry < NOW() - ...
                         ^

2025-01-23 04:15:04,481 - ERROR - Error in retry logic: column "last_retry" does not exist
LINE 4:             AND (last_retry IS NULL OR last_retry < NOW() - ...
                         ^

2025-01-23 04:16:04,481 - ERROR - Error in retry logic: column "last_retry" does not exist
LINE 4:             AND (last_retry IS NULL OR last_retry < NOW() - ...
                         ^

2025-01-23 04:17:04,481 - ERROR - Error in retry logic: column "last_retry" does not exist
LINE 4:             AND (last_retry IS NULL OR last_retry < NOW() - ...
                         ^

2025-01-23 04:18:04,480 - ERROR - Error in retry logic: column "last_retry" does not exist
LINE 4:             AND (last_retry IS NULL OR last_retry < NOW() - ...
                         ^

2025-01-23 04:19:04,481 - ERROR - Error in retry logic: column "last_retry" does not exist
LINE 4:             AND (last_retry IS NULL OR last_retry < NOW() - ...
                         ^

2025-01-23 04:20:04,481 - ERROR - Error in retry logic: column "last_retry" does not exist
LINE 4:             AND (last_retry IS NULL OR last_retry < NOW() - ...
                         ^

2025-01-23 04:21:04,481 - ERROR - Error in retry logic: column "last_retry" does not exist
LINE 4:             AND (last_retry IS NULL OR last_retry < NOW() - ...
                         ^

2025-01-23 04:22:04,481 - ERROR - Error in retry logic: column "last_retry" does not exist
LINE 4:             AND (last_retry IS NULL OR last_retry < NOW() - ...
                         ^

2025-01-23 04:23:04,481 - ERROR - Error in retry logic: column "last_retry" does not exist
LINE 4:             AND (last_retry IS NULL OR last_retry < NOW() - ...
                         ^

2025-01-23 04:24:04,481 - ERROR - Error in retry logic: column "last_retry" does not exist
LINE 4:             AND (last_retry IS NULL OR last_retry < NOW() - ...
                         ^

2025-01-23 04:25:04,481 - ERROR - Error in retry logic: column "last_retry" does not exist
LINE 4:             AND (last_retry IS NULL OR last_retry < NOW() - ...
                         ^

2025-01-23 04:26:04,481 - ERROR - Error in retry logic: column "last_retry" does not exist
LINE 4:             AND (last_retry IS NULL OR last_retry < NOW() - ...
                         ^

2025-01-23 04:27:04,481 - ERROR - Error in retry logic: column "last_retry" does not exist
LINE 4:             AND (last_retry IS NULL OR last_retry < NOW() - ...
                         ^

2025-01-23 04:28:04,481 - ERROR - Error in retry logic: column "last_retry" does not exist
LINE 4:             AND (last_retry IS NULL OR last_retry < NOW() - ...
                         ^

2025-01-23 04:29:04,481 - ERROR - Error in retry logic: column "last_retry" does not exist
LINE 4:             AND (last_retry IS NULL OR last_retry < NOW() - ...
                         ^

2025-01-23 04:30:04,481 - ERROR - Error in retry logic: column "last_retry" does not exist
LINE 4:             AND (last_retry IS NULL OR last_retry < NOW() - ...
                         ^

2025-01-23 04:31:04,481 - ERROR - Error in retry logic: column "last_retry" does not exist
LINE 4:             AND (last_retry IS NULL OR last_retry < NOW() - ...
                         ^

2025-01-23 04:32:04,481 - ERROR - Error in retry logic: column "last_retry" does not exist
LINE 4:             AND (last_retry IS NULL OR last_retry < NOW() - ...
                         ^

2025-01-23 04:33:04,485 - ERROR - Error in retry logic: column "last_retry" does not exist
LINE 4:             AND (last_retry IS NULL OR last_retry < NOW() - ...
                         ^

2025-01-23 04:34:04,481 - ERROR - Error in retry logic: column "last_retry" does not exist
LINE 4:             AND (last_retry IS NULL OR last_retry < NOW() - ...
                         ^

2025-01-23 04:35:04,481 - ERROR - Error in retry logic: column "last_retry" does not exist
LINE 4:             AND (last_retry IS NULL OR last_retry < NOW() - ...
                         ^

2025-01-23 04:36:04,481 - ERROR - Error in retry logic: column "last_retry" does not exist
LINE 4:             AND (last_retry IS NULL OR last_retry < NOW() - ...
                         ^

2025-01-23 04:37:04,481 - ERROR - Error in retry logic: column "last_retry" does not exist
LINE 4:             AND (last_retry IS NULL OR last_retry < NOW() - ...
                         ^

2025-01-23 04:38:04,481 - ERROR - Error in retry logic: column "last_retry" does not exist
LINE 4:             AND (last_retry IS NULL OR last_retry < NOW() - ...
                         ^

2025-01-23 04:39:04,481 - ERROR - Error in retry logic: column "last_retry" does not exist
LINE 4:             AND (last_retry IS NULL OR last_retry < NOW() - ...
                         ^

2025-01-23 04:40:04,481 - ERROR - Error in retry logic: column "last_retry" does not exist
LINE 4:             AND (last_retry IS NULL OR last_retry < NOW() - ...
                         ^

2025-01-23 04:41:04,481 - ERROR - Error in retry logic: column "last_retry" does not exist
LINE 4:             AND (last_retry IS NULL OR last_retry < NOW() - ...
                         ^

2025-01-23 04:42:04,485 - ERROR - Error in retry logic: column "last_retry" does not exist
LINE 4:             AND (last_retry IS NULL OR last_retry < NOW() - ...
                         ^

2025-01-23 04:43:04,481 - ERROR - Error in retry logic: column "last_retry" does not exist
LINE 4:             AND (last_retry IS NULL OR last_retry < NOW() - ...
                         ^

2025-01-23 04:44:04,481 - ERROR - Error in retry logic: column "last_retry" does not exist
LINE 4:             AND (last_retry IS NULL OR last_retry < NOW() - ...
                         ^

2025-01-23 04:45:04,481 - ERROR - Error in retry logic: column "last_retry" does not exist
LINE 4:             AND (last_retry IS NULL OR last_retry < NOW() - ...
                         ^

2025-01-23 04:46:04,481 - ERROR - Error in retry logic: column "last_retry" does not exist
LINE 4:             AND (last_retry IS NULL OR last_retry < NOW() - ...
                         ^

2025-01-23 04:47:04,481 - ERROR - Error in retry logic: column "last_retry" does not exist
LINE 4:             AND (last_retry IS NULL OR last_retry < NOW() - ...
                         ^

2025-01-23 04:48:04,481 - ERROR - Error in retry logic: column "last_retry" does not exist
LINE 4:             AND (last_retry IS NULL OR last_retry < NOW() - ...
                         ^

2025-01-23 04:49:04,481 - ERROR - Error in retry logic: column "last_retry" does not exist
LINE 4:             AND (last_retry IS NULL OR last_retry < NOW() - ...
                         ^

2025-01-23 04:50:04,481 - ERROR - Error in retry logic: column "last_retry" does not exist
LINE 4:             AND (last_retry IS NULL OR last_retry < NOW() - ...
                         ^

2025-01-23 04:51:04,481 - ERROR - Error in retry logic: column "last_retry" does not exist
LINE 4:             AND (last_retry IS NULL OR last_retry < NOW() - ...
                         ^

2025-01-23 04:52:04,487 - ERROR - Error in retry logic: column "last_retry" does not exist
LINE 4:             AND (last_retry IS NULL OR last_retry < NOW() - ...
                         ^

2025-01-23 04:53:04,481 - ERROR - Error in retry logic: column "last_retry" does not exist
LINE 4:             AND (last_retry IS NULL OR last_retry < NOW() - ...
                         ^

2025-01-23 04:54:04,486 - ERROR - Error in retry logic: column "last_retry" does not exist
LINE 4:             AND (last_retry IS NULL OR last_retry < NOW() - ...
                         ^

2025-01-23 04:55:04,481 - ERROR - Error in retry logic: column "last_retry" does not exist
LINE 4:             AND (last_retry IS NULL OR last_retry < NOW() - ...
                         ^

2025-01-23 04:56:04,481 - ERROR - Error in retry logic: column "last_retry" does not exist
LINE 4:             AND (last_retry IS NULL OR last_retry < NOW() - ...
                         ^

2025-01-23 04:57:04,481 - ERROR - Error in retry logic: column "last_retry" does not exist
LINE 4:             AND (last_retry IS NULL OR last_retry < NOW() - ...
                         ^

2025-01-23 04:58:04,481 - ERROR - Error in retry logic: column "last_retry" does not exist
LINE 4:             AND (last_retry IS NULL OR last_retry < NOW() - ...
                         ^

2025-01-23 04:59:04,481 - ERROR - Error in retry logic: column "last_retry" does not exist
LINE 4:             AND (last_retry IS NULL OR last_retry < NOW() - ...
                         ^

2025-01-23 05:00:04,481 - ERROR - Error in retry logic: column "last_retry" does not exist
LINE 4:             AND (last_retry IS NULL OR last_retry < NOW() - ...
                         ^

2025-01-23 05:01:04,481 - ERROR - Error in retry logic: column "last_retry" does not exist
LINE 4:             AND (last_retry IS NULL OR last_retry < NOW() - ...
                         ^

2025-01-23 05:02:04,481 - ERROR - Error in retry logic: column "last_retry" does not exist
LINE 4:             AND (last_retry IS NULL OR last_retry < NOW() - ...
                         ^

2025-01-23 05:03:04,481 - ERROR - Error in retry logic: column "last_retry" does not exist
LINE 4:             AND (last_retry IS NULL OR last_retry < NOW() - ...
                         ^

2025-01-23 05:04:04,481 - ERROR - Error in retry logic: column "last_retry" does not exist
LINE 4:             AND (last_retry IS NULL OR last_retry < NOW() - ...
                         ^

2025-01-23 05:05:04,481 - ERROR - Error in retry logic: column "last_retry" does not exist
LINE 4:             AND (last_retry IS NULL OR last_retry < NOW() - ...
                         ^

2025-01-23 05:06:04,481 - ERROR - Error in retry logic: column "last_retry" does not exist
LINE 4:             AND (last_retry IS NULL OR last_retry < NOW() - ...
                         ^

2025-01-23 05:07:04,481 - ERROR - Error in retry logic: column "last_retry" does not exist
LINE 4:             AND (last_retry IS NULL OR last_retry < NOW() - ...
                         ^

2025-01-23 05:08:04,481 - ERROR - Error in retry logic: column "last_retry" does not exist
LINE 4:             AND (last_retry IS NULL OR last_retry < NOW() - ...
                         ^

2025-01-23 05:09:04,481 - ERROR - Error in retry logic: column "last_retry" does not exist
LINE 4:             AND (last_retry IS NULL OR last_retry < NOW() - ...
                         ^

2025-01-23 05:10:04,481 - ERROR - Error in retry logic: column "last_retry" does not exist
LINE 4:             AND (last_retry IS NULL OR last_retry < NOW() - ...
                         ^

2025-01-23 05:11:04,487 - ERROR - Error in retry logic: column "last_retry" does not exist
LINE 4:             AND (last_retry IS NULL OR last_retry < NOW() - ...
                         ^

2025-01-23 05:12:04,488 - ERROR - Error in retry logic: column "last_retry" does not exist
LINE 4:             AND (last_retry IS NULL OR last_retry < NOW() - ...
                         ^

2025-01-23 05:13:04,487 - ERROR - Error in retry logic: column "last_retry" does not exist
LINE 4:             AND (last_retry IS NULL OR last_retry < NOW() - ...
                         ^

2025-01-23 05:14:04,487 - ERROR - Error in retry logic: column "last_retry" does not exist
LINE 4:             AND (last_retry IS NULL OR last_retry < NOW() - ...
                         ^

2025-01-23 05:15:04,487 - ERROR - Error in retry logic: column "last_retry" does not exist
LINE 4:             AND (last_retry IS NULL OR last_retry < NOW() - ...
                         ^

2025-01-23 05:16:04,487 - ERROR - Error in retry logic: column "last_retry" does not exist
LINE 4:             AND (last_retry IS NULL OR last_retry < NOW() - ...
                         ^

2025-01-23 05:17:04,487 - ERROR - Error in retry logic: column "last_retry" does not exist
LINE 4:             AND (last_retry IS NULL OR last_retry < NOW() - ...
                         ^

2025-01-23 05:18:04,487 - ERROR - Error in retry logic: column "last_retry" does not exist
LINE 4:             AND (last_retry IS NULL OR last_retry < NOW() - ...
                         ^

2025-01-23 05:19:04,487 - ERROR - Error in retry logic: column "last_retry" does not exist
LINE 4:             AND (last_retry IS NULL OR last_retry < NOW() - ...
                         ^

2025-01-23 05:20:04,487 - ERROR - Error in retry logic: column "last_retry" does not exist
LINE 4:             AND (last_retry IS NULL OR last_retry < NOW() - ...
                         ^

2025-01-23 05:21:04,487 - ERROR - Error in retry logic: column "last_retry" does not exist
LINE 4:             AND (last_retry IS NULL OR last_retry < NOW() - ...
                         ^

2025-01-23 05:22:04,487 - ERROR - Error in retry logic: column "last_retry" does not exist
LINE 4:             AND (last_retry IS NULL OR last_retry < NOW() - ...
                         ^

2025-01-23 05:23:04,487 - ERROR - Error in retry logic: column "last_retry" does not exist
LINE 4:             AND (last_retry IS NULL OR last_retry < NOW() - ...
                         ^

2025-01-23 05:24:04,487 - ERROR - Error in retry logic: column "last_retry" does not exist
LINE 4:             AND (last_retry IS NULL OR last_retry < NOW() - ...
                         ^

2025-01-23 05:25:04,487 - ERROR - Error in retry logic: column "last_retry" does not exist
LINE 4:             AND (last_retry IS NULL OR last_retry < NOW() - ...
                         ^

2025-01-23 05:26:04,487 - ERROR - Error in retry logic: column "last_retry" does not exist
LINE 4:             AND (last_retry IS NULL OR last_retry < NOW() - ...
                         ^

2025-01-23 05:27:04,487 - ERROR - Error in retry logic: column "last_retry" does not exist
LINE 4:             AND (last_retry IS NULL OR last_retry < NOW() - ...
                         ^

2025-01-23 05:28:04,487 - ERROR - Error in retry logic: column "last_retry" does not exist
LINE 4:             AND (last_retry IS NULL OR last_retry < NOW() - ...
                         ^

2025-01-23 05:29:04,487 - ERROR - Error in retry logic: column "last_retry" does not exist
LINE 4:             AND (last_retry IS NULL OR last_retry < NOW() - ...
                         ^

2025-01-23 05:30:04,488 - ERROR - Error in retry logic: column "last_retry" does not exist
LINE 4:             AND (last_retry IS NULL OR last_retry < NOW() - ...
                         ^

2025-01-23 05:31:04,487 - ERROR - Error in retry logic: column "last_retry" does not exist
LINE 4:             AND (last_retry IS NULL OR last_retry < NOW() - ...
                         ^

2025-01-23 05:32:04,487 - ERROR - Error in retry logic: column "last_retry" does not exist
LINE 4:             AND (last_retry IS NULL OR last_retry < NOW() - ...
                         ^

2025-01-23 05:33:04,487 - ERROR - Error in retry logic: column "last_retry" does not exist
LINE 4:             AND (last_retry IS NULL OR last_retry < NOW() - ...
                         ^

2025-01-23 05:34:04,487 - ERROR - Error in retry logic: column "last_retry" does not exist
LINE 4:             AND (last_retry IS NULL OR last_retry < NOW() - ...
                         ^

2025-01-23 05:35:04,487 - ERROR - Error in retry logic: column "last_retry" does not exist
LINE 4:             AND (last_retry IS NULL OR last_retry < NOW() - ...
                         ^

2025-01-23 05:36:04,487 - ERROR - Error in retry logic: column "last_retry" does not exist
LINE 4:             AND (last_retry IS NULL OR last_retry < NOW() - ...
                         ^

2025-01-23 05:37:04,487 - ERROR - Error in retry logic: column "last_retry" does not exist
LINE 4:             AND (last_retry IS NULL OR last_retry < NOW() - ...
                         ^

2025-01-23 05:38:04,487 - ERROR - Error in retry logic: column "last_retry" does not exist
LINE 4:             AND (last_retry IS NULL OR last_retry < NOW() - ...
                         ^

2025-01-23 05:39:04,487 - ERROR - Error in retry logic: column "last_retry" does not exist
LINE 4:             AND (last_retry IS NULL OR last_retry < NOW() - ...
                         ^

2025-01-23 05:40:04,487 - ERROR - Error in retry logic: column "last_retry" does not exist
LINE 4:             AND (last_retry IS NULL OR last_retry < NOW() - ...
                         ^

2025-01-23 05:41:04,490 - ERROR - Error in retry logic: column "last_retry" does not exist
LINE 4:             AND (last_retry IS NULL OR last_retry < NOW() - ...
                         ^

2025-01-23 05:42:04,487 - ERROR - Error in retry logic: column "last_retry" does not exist
LINE 4:             AND (last_retry IS NULL OR last_retry < NOW() - ...
                         ^

2025-01-23 05:43:04,487 - ERROR - Error in retry logic: column "last_retry" does not exist
LINE 4:             AND (last_retry IS NULL OR last_retry < NOW() - ...
                         ^

2025-01-23 05:44:04,487 - ERROR - Error in retry logic: column "last_retry" does not exist
LINE 4:             AND (last_retry IS NULL OR last_retry < NOW() - ...
                         ^

2025-01-23 05:45:04,487 - ERROR - Error in retry logic: column "last_retry" does not exist
LINE 4:             AND (last_retry IS NULL OR last_retry < NOW() - ...
                         ^

2025-01-23 05:46:04,487 - ERROR - Error in retry logic: column "last_retry" does not exist
LINE 4:             AND (last_retry IS NULL OR last_retry < NOW() - ...
                         ^

2025-01-23 05:47:04,487 - ERROR - Error in retry logic: column "last_retry" does not exist
LINE 4:             AND (last_retry IS NULL OR last_retry < NOW() - ...
                         ^

2025-01-23 05:48:04,491 - ERROR - Error in retry logic: column "last_retry" does not exist
LINE 4:             AND (last_retry IS NULL OR last_retry < NOW() - ...
                         ^

2025-01-23 05:49:04,487 - ERROR - Error in retry logic: column "last_retry" does not exist
LINE 4:             AND (last_retry IS NULL OR last_retry < NOW() - ...
                         ^

2025-01-23 05:50:04,487 - ERROR - Error in retry logic: column "last_retry" does not exist
LINE 4:             AND (last_retry IS NULL OR last_retry < NOW() - ...
                         ^

2025-01-23 05:51:04,487 - ERROR - Error in retry logic: column "last_retry" does not exist
LINE 4:             AND (last_retry IS NULL OR last_retry < NOW() - ...
                         ^

2025-01-23 05:52:04,487 - ERROR - Error in retry logic: column "last_retry" does not exist
LINE 4:             AND (last_retry IS NULL OR last_retry < NOW() - ...
                         ^

2025-01-23 05:53:04,487 - ERROR - Error in retry logic: column "last_retry" does not exist
LINE 4:             AND (last_retry IS NULL OR last_retry < NOW() - ...
                         ^

2025-01-23 05:54:04,487 - ERROR - Error in retry logic: column "last_retry" does not exist
LINE 4:             AND (last_retry IS NULL OR last_retry < NOW() - ...
                         ^

2025-01-23 05:55:04,487 - ERROR - Error in retry logic: column "last_retry" does not exist
LINE 4:             AND (last_retry IS NULL OR last_retry < NOW() - ...
                         ^

2025-01-23 05:56:04,487 - ERROR - Error in retry logic: column "last_retry" does not exist
LINE 4:             AND (last_retry IS NULL OR last_retry < NOW() - ...
                         ^

2025-01-23 05:57:04,487 - ERROR - Error in retry logic: column "last_retry" does not exist
LINE 4:             AND (last_retry IS NULL OR last_retry < NOW() - ...
                         ^

2025-01-23 05:58:04,487 - ERROR - Error in retry logic: column "last_retry" does not exist
LINE 4:             AND (last_retry IS NULL OR last_retry < NOW() - ...
                         ^

2025-01-23 05:59:04,487 - ERROR - Error in retry logic: column "last_retry" does not exist
LINE 4:             AND (last_retry IS NULL OR last_retry < NOW() - ...
                         ^

2025-01-23 06:00:04,487 - ERROR - Error in retry logic: column "last_retry" does not exist
LINE 4:             AND (last_retry IS NULL OR last_retry < NOW() - ...
                         ^

2025-01-23 06:01:04,487 - ERROR - Error in retry logic: column "last_retry" does not exist
LINE 4:             AND (last_retry IS NULL OR last_retry < NOW() - ...
                         ^

2025-01-23 06:02:04,487 - ERROR - Error in retry logic: column "last_retry" does not exist
LINE 4:             AND (last_retry IS NULL OR last_retry < NOW() - ...
                         ^

2025-01-23 06:03:04,490 - ERROR - Error in retry logic: column "last_retry" does not exist
LINE 4:             AND (last_retry IS NULL OR last_retry < NOW() - ...
                         ^

2025-01-23 06:04:04,490 - ERROR - Error in retry logic: column "last_retry" does not exist
LINE 4:             AND (last_retry IS NULL OR last_retry < NOW() - ...
                         ^

2025-01-23 06:05:04,487 - ERROR - Error in retry logic: column "last_retry" does not exist
LINE 4:             AND (last_retry IS NULL OR last_retry < NOW() - ...
                         ^

2025-01-23 06:06:04,490 - ERROR - Error in retry logic: column "last_retry" does not exist
LINE 4:             AND (last_retry IS NULL OR last_retry < NOW() - ...
                         ^

2025-01-23 06:08:39,679 - ERROR - General error: Could not connect to the endpoint URL: "https://dynamodb.ap-south-1.amazonaws.com/"
2025-01-23 06:09:34,971 - ERROR - General error: Could not connect to the endpoint URL: "https://dynamodb.ap-south-1.amazonaws.com/"
2025-01-23 06:10:27,195 - ERROR - General error: Could not connect to the endpoint URL: "https://dynamodb.ap-south-1.amazonaws.com/"
2025-01-23 06:11:19,419 - ERROR - General error: Could not connect to the endpoint URL: "https://dynamodb.ap-south-1.amazonaws.com/"
2025-01-23 06:11:29,190 - ERROR - Error in retry logic: column "last_retry" does not exist
LINE 4:             AND (last_retry IS NULL OR last_retry < NOW() - ...
                         ^

2025-01-23 06:12:29,190 - ERROR - Error in retry logic: column "last_retry" does not exist
LINE 4:             AND (last_retry IS NULL OR last_retry < NOW() - ...
                         ^

2025-01-23 06:13:29,190 - ERROR - Error in retry logic: column "last_retry" does not exist
LINE 4:             AND (last_retry IS NULL OR last_retry < NOW() - ...
                         ^

2025-01-23 06:14:29,190 - ERROR - Error in retry logic: column "last_retry" does not exist
LINE 4:             AND (last_retry IS NULL OR last_retry < NOW() - ...
                         ^

2025-01-23 06:15:29,190 - ERROR - Error in retry logic: column "last_retry" does not exist
LINE 4:             AND (last_retry IS NULL OR last_retry < NOW() - ...
                         ^

2025-01-23 06:16:29,192 - ERROR - Error in retry logic: column "last_retry" does not exist
LINE 4:             AND (last_retry IS NULL OR last_retry < NOW() - ...
                         ^

2025-01-23 06:17:29,190 - ERROR - Error in retry logic: column "last_retry" does not exist
LINE 4:             AND (last_retry IS NULL OR last_retry < NOW() - ...
                         ^

2025-01-23 06:18:29,190 - ERROR - Error in retry logic: column "last_retry" does not exist
LINE 4:             AND (last_retry IS NULL OR last_retry < NOW() - ...
                         ^

2025-01-23 06:19:29,190 - ERROR - Error in retry logic: column "last_retry" does not exist
LINE 4:             AND (last_retry IS NULL OR last_retry < NOW() - ...
                         ^

2025-01-23 06:20:29,190 - ERROR - Error in retry logic: column "last_retry" does not exist
LINE 4:             AND (last_retry IS NULL OR last_retry < NOW() - ...
                         ^

2025-01-23 06:21:29,190 - ERROR - Error in retry logic: column "last_retry" does not exist
LINE 4:             AND (last_retry IS NULL OR last_retry < NOW() - ...
                         ^

2025-01-23 06:22:29,190 - ERROR - Error in retry logic: column "last_retry" does not exist
LINE 4:             AND (last_retry IS NULL OR last_retry < NOW() - ...
                         ^

2025-01-23 06:23:29,190 - ERROR - Error in retry logic: column "last_retry" does not exist
LINE 4:             AND (last_retry IS NULL OR last_retry < NOW() - ...
                         ^

2025-01-23 06:24:29,191 - ERROR - Error in retry logic: column "last_retry" does not exist
LINE 4:             AND (last_retry IS NULL OR last_retry < NOW() - ...
                         ^

2025-01-23 06:25:29,190 - ERROR - Error in retry logic: column "last_retry" does not exist
LINE 4:             AND (last_retry IS NULL OR last_retry < NOW() - ...
                         ^

2025-01-23 06:26:29,190 - ERROR - Error in retry logic: column "last_retry" does not exist
LINE 4:             AND (last_retry IS NULL OR last_retry < NOW() - ...
                         ^

2025-01-23 06:27:29,190 - ERROR - Error in retry logic: column "last_retry" does not exist
LINE 4:             AND (last_retry IS NULL OR last_retry < NOW() - ...
                         ^

2025-01-23 06:28:29,190 - ERROR - Error in retry logic: column "last_retry" does not exist
LINE 4:             AND (last_retry IS NULL OR last_retry < NOW() - ...
                         ^

2025-01-23 06:29:29,190 - ERROR - Error in retry logic: column "last_retry" does not exist
LINE 4:             AND (last_retry IS NULL OR last_retry < NOW() - ...
                         ^

2025-01-23 06:30:29,191 - ERROR - Error in retry logic: column "last_retry" does not exist
LINE 4:             AND (last_retry IS NULL OR last_retry < NOW() - ...
                         ^

2025-01-23 06:31:29,190 - ERROR - Error in retry logic: column "last_retry" does not exist
LINE 4:             AND (last_retry IS NULL OR last_retry < NOW() - ...
                         ^

2025-01-23 06:32:29,190 - ERROR - Error in retry logic: column "last_retry" does not exist
LINE 4:             AND (last_retry IS NULL OR last_retry < NOW() - ...
                         ^

2025-01-23 06:33:29,190 - ERROR - Error in retry logic: column "last_retry" does not exist
LINE 4:             AND (last_retry IS NULL OR last_retry < NOW() - ...
                         ^

2025-01-23 06:34:29,190 - ERROR - Error in retry logic: column "last_retry" does not exist
LINE 4:             AND (last_retry IS NULL OR last_retry < NOW() - ...
                         ^

2025-01-23 06:35:29,190 - ERROR - Error in retry logic: column "last_retry" does not exist
LINE 4:             AND (last_retry IS NULL OR last_retry < NOW() - ...
                         ^

2025-01-23 06:36:29,190 - ERROR - Error in retry logic: column "last_retry" does not exist
LINE 4:             AND (last_retry IS NULL OR last_retry < NOW() - ...
                         ^

2025-01-23 06:37:29,190 - ERROR - Error in retry logic: column "last_retry" does not exist
LINE 4:             AND (last_retry IS NULL OR last_retry < NOW() - ...
                         ^

2025-01-23 06:38:29,190 - ERROR - Error in retry logic: column "last_retry" does not exist
LINE 4:             AND (last_retry IS NULL OR last_retry < NOW() - ...
                         ^

2025-01-23 06:39:29,190 - ERROR - Error in retry logic: column "last_retry" does not exist
LINE 4:             AND (last_retry IS NULL OR last_retry < NOW() - ...
                         ^

2025-01-23 06:40:29,190 - ERROR - Error in retry logic: column "last_retry" does not exist
LINE 4:             AND (last_retry IS NULL OR last_retry < NOW() - ...
                         ^

2025-01-23 06:41:29,190 - ERROR - Error in retry logic: column "last_retry" does not exist
LINE 4:             AND (last_retry IS NULL OR last_retry < NOW() - ...
                         ^

2025-01-23 06:42:29,194 - ERROR - Error in retry logic: column "last_retry" does not exist
LINE 4:             AND (last_retry IS NULL OR last_retry < NOW() - ...
                         ^

2025-01-23 06:43:29,190 - ERROR - Error in retry logic: column "last_retry" does not exist
LINE 4:             AND (last_retry IS NULL OR last_retry < NOW() - ...
                         ^

2025-01-23 06:44:29,190 - ERROR - Error in retry logic: column "last_retry" does not exist
LINE 4:             AND (last_retry IS NULL OR last_retry < NOW() - ...
                         ^

2025-01-23 06:45:29,190 - ERROR - Error in retry logic: column "last_retry" does not exist
LINE 4:             AND (last_retry IS NULL OR last_retry < NOW() - ...
                         ^

2025-01-23 06:46:29,190 - ERROR - Error in retry logic: column "last_retry" does not exist
LINE 4:             AND (last_retry IS NULL OR last_retry < NOW() - ...
                         ^

2025-01-23 06:47:29,190 - ERROR - Error in retry logic: column "last_retry" does not exist
LINE 4:             AND (last_retry IS NULL OR last_retry < NOW() - ...
                         ^

2025-01-23 06:48:29,190 - ERROR - Error in retry logic: column "last_retry" does not exist
LINE 4:             AND (last_retry IS NULL OR last_retry < NOW() - ...
                         ^

2025-01-23 06:49:29,190 - ERROR - Error in retry logic: column "last_retry" does not exist
LINE 4:             AND (last_retry IS NULL OR last_retry < NOW() - ...
                         ^

2025-01-23 06:50:29,190 - ERROR - Error in retry logic: column "last_retry" does not exist
LINE 4:             AND (last_retry IS NULL OR last_retry < NOW() - ...
                         ^

2025-01-23 06:51:29,190 - ERROR - Error in retry logic: column "last_retry" does not exist
LINE 4:             AND (last_retry IS NULL OR last_retry < NOW() - ...
                         ^

2025-01-23 06:52:29,190 - ERROR - Error in retry logic: column "last_retry" does not exist
LINE 4:             AND (last_retry IS NULL OR last_retry < NOW() - ...
                         ^

2025-01-23 06:53:29,194 - ERROR - Error in retry logic: column "last_retry" does not exist
LINE 4:             AND (last_retry IS NULL OR last_retry < NOW() - ...
                         ^

2025-01-23 06:54:29,190 - ERROR - Error in retry logic: column "last_retry" does not exist
LINE 4:             AND (last_retry IS NULL OR last_retry < NOW() - ...
                         ^

2025-01-23 06:55:29,190 - ERROR - Error in retry logic: column "last_retry" does not exist
LINE 4:             AND (last_retry IS NULL OR last_retry < NOW() - ...
                         ^

2025-01-23 06:56:29,190 - ERROR - Error in retry logic: column "last_retry" does not exist
LINE 4:             AND (last_retry IS NULL OR last_retry < NOW() - ...
                         ^

2025-01-23 06:57:29,190 - ERROR - Error in retry logic: column "last_retry" does not exist
LINE 4:             AND (last_retry IS NULL OR last_retry < NOW() - ...
                         ^

2025-01-23 06:58:29,190 - ERROR - Error in retry logic: column "last_retry" does not exist
LINE 4:             AND (last_retry IS NULL OR last_retry < NOW() - ...
                         ^

2025-01-23 06:59:29,190 - ERROR - Error in retry logic: column "last_retry" does not exist
LINE 4:             AND (last_retry IS NULL OR last_retry < NOW() - ...
                         ^

2025-01-23 07:00:29,190 - ERROR - Error in retry logic: column "last_retry" does not exist
LINE 4:             AND (last_retry IS NULL OR last_retry < NOW() - ...
                         ^

2025-01-23 07:01:29,190 - ERROR - Error in retry logic: column "last_retry" does not exist
LINE 4:             AND (last_retry IS NULL OR last_retry < NOW() - ...
                         ^

2025-01-23 07:02:29,190 - ERROR - Error in retry logic: column "last_retry" does not exist
LINE 4:             AND (last_retry IS NULL OR last_retry < NOW() - ...
                         ^

2025-01-23 07:03:29,190 - ERROR - Error in retry logic: column "last_retry" does not exist
LINE 4:             AND (last_retry IS NULL OR last_retry < NOW() - ...
                         ^

2025-01-23 07:04:29,190 - ERROR - Error in retry logic: column "last_retry" does not exist
LINE 4:             AND (last_retry IS NULL OR last_retry < NOW() - ...
                         ^

2025-01-23 07:05:29,190 - ERROR - Error in retry logic: column "last_retry" does not exist
LINE 4:             AND (last_retry IS NULL OR last_retry < NOW() - ...
                         ^

2025-01-23 07:06:29,190 - ERROR - Error in retry logic: column "last_retry" does not exist
LINE 4:             AND (last_retry IS NULL OR last_retry < NOW() - ...
                         ^

2025-01-23 07:07:29,190 - ERROR - Error in retry logic: column "last_retry" does not exist
LINE 4:             AND (last_retry IS NULL OR last_retry < NOW() - ...
                         ^

2025-01-23 07:08:29,190 - ERROR - Error in retry logic: column "last_retry" does not exist
LINE 4:             AND (last_retry IS NULL OR last_retry < NOW() - ...
                         ^

2025-01-23 07:09:29,190 - ERROR - Error in retry logic: column "last_retry" does not exist
LINE 4:             AND (last_retry IS NULL OR last_retry < NOW() - ...
                         ^

2025-01-23 07:10:29,190 - ERROR - Error in retry logic: column "last_retry" does not exist
LINE 4:             AND (last_retry IS NULL OR last_retry < NOW() - ...
                         ^

2025-01-23 07:11:29,190 - ERROR - Error in retry logic: column "last_retry" does not exist
LINE 4:             AND (last_retry IS NULL OR last_retry < NOW() - ...
                         ^

2025-01-23 07:12:29,190 - ERROR - Error in retry logic: column "last_retry" does not exist
LINE 4:             AND (last_retry IS NULL OR last_retry < NOW() - ...
                         ^

2025-01-23 07:13:29,195 - ERROR - Error in retry logic: column "last_retry" does not exist
LINE 4:             AND (last_retry IS NULL OR last_retry < NOW() - ...
                         ^

2025-01-23 07:14:29,190 - ERROR - Error in retry logic: column "last_retry" does not exist
LINE 4:             AND (last_retry IS NULL OR last_retry < NOW() - ...
                         ^

2025-01-23 07:15:29,190 - ERROR - Error in retry logic: column "last_retry" does not exist
LINE 4:             AND (last_retry IS NULL OR last_retry < NOW() - ...
                         ^

2025-01-23 07:16:29,190 - ERROR - Error in retry logic: column "last_retry" does not exist
LINE 4:             AND (last_retry IS NULL OR last_retry < NOW() - ...
                         ^

2025-01-23 07:17:29,190 - ERROR - Error in retry logic: column "last_retry" does not exist
LINE 4:             AND (last_retry IS NULL OR last_retry < NOW() - ...
                         ^

2025-01-23 07:18:29,190 - ERROR - Error in retry logic: column "last_retry" does not exist
LINE 4:             AND (last_retry IS NULL OR last_retry < NOW() - ...
                         ^

2025-01-23 07:19:29,190 - ERROR - Error in retry logic: column "last_retry" does not exist
LINE 4:             AND (last_retry IS NULL OR last_retry < NOW() - ...
                         ^

2025-01-23 07:20:29,194 - ERROR - Error in retry logic: column "last_retry" does not exist
LINE 4:             AND (last_retry IS NULL OR last_retry < NOW() - ...
                         ^

2025-01-23 07:21:29,190 - ERROR - Error in retry logic: column "last_retry" does not exist
LINE 4:             AND (last_retry IS NULL OR last_retry < NOW() - ...
                         ^

2025-01-23 07:22:29,190 - ERROR - Error in retry logic: column "last_retry" does not exist
LINE 4:             AND (last_retry IS NULL OR last_retry < NOW() - ...
                         ^

2025-01-23 07:23:29,190 - ERROR - Error in retry logic: column "last_retry" does not exist
LINE 4:             AND (last_retry IS NULL OR last_retry < NOW() - ...
                         ^

2025-01-23 07:24:29,190 - ERROR - Error in retry logic: column "last_retry" does not exist
LINE 4:             AND (last_retry IS NULL OR last_retry < NOW() - ...
                         ^

2025-01-23 07:25:29,190 - ERROR - Error in retry logic: column "last_retry" does not exist
LINE 4:             AND (last_retry IS NULL OR last_retry < NOW() - ...
                         ^

2025-01-23 07:26:29,190 - ERROR - Error in retry logic: column "last_retry" does not exist
LINE 4:             AND (last_retry IS NULL OR last_retry < NOW() - ...
                         ^

2025-01-23 07:27:29,190 - ERROR - Error in retry logic: column "last_retry" does not exist
LINE 4:             AND (last_retry IS NULL OR last_retry < NOW() - ...
                         ^

2025-01-23 07:28:29,190 - ERROR - Error in retry logic: column "last_retry" does not exist
LINE 4:             AND (last_retry IS NULL OR last_retry < NOW() - ...
                         ^

2025-01-23 07:29:29,190 - ERROR - Error in retry logic: column "last_retry" does not exist
LINE 4:             AND (last_retry IS NULL OR last_retry < NOW() - ...
                         ^

2025-01-23 07:30:29,190 - ERROR - Error in retry logic: column "last_retry" does not exist
LINE 4:             AND (last_retry IS NULL OR last_retry < NOW() - ...
                         ^

2025-01-23 07:31:29,190 - ERROR - Error in retry logic: column "last_retry" does not exist
LINE 4:             AND (last_retry IS NULL OR last_retry < NOW() - ...
                         ^

2025-01-23 07:32:29,190 - ERROR - Error in retry logic: column "last_retry" does not exist
LINE 4:             AND (last_retry IS NULL OR last_retry < NOW() - ...
                         ^

2025-01-23 07:33:29,190 - ERROR - Error in retry logic: column "last_retry" does not exist
LINE 4:             AND (last_retry IS NULL OR last_retry < NOW() - ...
                         ^

2025-01-23 07:34:29,190 - ERROR - Error in retry logic: column "last_retry" does not exist
LINE 4:             AND (last_retry IS NULL OR last_retry < NOW() - ...
                         ^

2025-01-23 07:35:29,190 - ERROR - Error in retry logic: column "last_retry" does not exist
LINE 4:             AND (last_retry IS NULL OR last_retry < NOW() - ...
                         ^

2025-01-23 07:36:29,191 - ERROR - Error in retry logic: column "last_retry" does not exist
LINE 4:             AND (last_retry IS NULL OR last_retry < NOW() - ...
                         ^

2025-01-23 07:37:29,190 - ERROR - Error in retry logic: column "last_retry" does not exist
LINE 4:             AND (last_retry IS NULL OR last_retry < NOW() - ...
                         ^

2025-01-23 07:38:29,194 - ERROR - Error in retry logic: column "last_retry" does not exist
LINE 4:             AND (last_retry IS NULL OR last_retry < NOW() - ...
                         ^

2025-01-23 07:39:29,190 - ERROR - Error in retry logic: column "last_retry" does not exist
LINE 4:             AND (last_retry IS NULL OR last_retry < NOW() - ...
                         ^

2025-01-23 07:40:29,190 - ERROR - Error in retry logic: column "last_retry" does not exist
LINE 4:             AND (last_retry IS NULL OR last_retry < NOW() - ...
                         ^

2025-01-23 07:41:29,191 - ERROR - Error in retry logic: column "last_retry" does not exist
LINE 4:             AND (last_retry IS NULL OR last_retry < NOW() - ...
                         ^

2025-01-23 07:42:29,191 - ERROR - Error in retry logic: column "last_retry" does not exist
LINE 4:             AND (last_retry IS NULL OR last_retry < NOW() - ...
                         ^

2025-01-23 07:43:29,190 - ERROR - Error in retry logic: column "last_retry" does not exist
LINE 4:             AND (last_retry IS NULL OR last_retry < NOW() - ...
                         ^

2025-01-23 07:44:29,190 - ERROR - Error in retry logic: column "last_retry" does not exist
LINE 4:             AND (last_retry IS NULL OR last_retry < NOW() - ...
                         ^

2025-01-23 07:45:29,191 - ERROR - Error in retry logic: column "last_retry" does not exist
LINE 4:             AND (last_retry IS NULL OR last_retry < NOW() - ...
                         ^

2025-01-23 07:46:29,190 - ERROR - Error in retry logic: column "last_retry" does not exist
LINE 4:             AND (last_retry IS NULL OR last_retry < NOW() - ...
                         ^

2025-01-23 07:47:29,190 - ERROR - Error in retry logic: column "last_retry" does not exist
LINE 4:             AND (last_retry IS NULL OR last_retry < NOW() - ...
                         ^

2025-01-23 07:48:29,190 - ERROR - Error in retry logic: column "last_retry" does not exist
LINE 4:             AND (last_retry IS NULL OR last_retry < NOW() - ...
                         ^

2025-01-23 07:49:29,190 - ERROR - Error in retry logic: column "last_retry" does not exist
LINE 4:             AND (last_retry IS NULL OR last_retry < NOW() - ...
                         ^

2025-01-23 07:50:29,191 - ERROR - Error in retry logic: column "last_retry" does not exist
LINE 4:             AND (last_retry IS NULL OR last_retry < NOW() - ...
                         ^

2025-01-23 07:51:29,190 - ERROR - Error in retry logic: column "last_retry" does not exist
LINE 4:             AND (last_retry IS NULL OR last_retry < NOW() - ...
                         ^

2025-01-23 07:52:29,190 - ERROR - Error in retry logic: column "last_retry" does not exist
LINE 4:             AND (last_retry IS NULL OR last_retry < NOW() - ...
                         ^

2025-01-23 07:53:29,190 - ERROR - Error in retry logic: column "last_retry" does not exist
LINE 4:             AND (last_retry IS NULL OR last_retry < NOW() - ...
                         ^

2025-01-23 07:54:29,190 - ERROR - Error in retry logic: column "last_retry" does not exist
LINE 4:             AND (last_retry IS NULL OR last_retry < NOW() - ...
                         ^

2025-01-23 07:55:29,190 - ERROR - Error in retry logic: column "last_retry" does not exist
LINE 4:             AND (last_retry IS NULL OR last_retry < NOW() - ...
                         ^

2025-01-23 07:56:29,190 - ERROR - Error in retry logic: column "last_retry" does not exist
LINE 4:             AND (last_retry IS NULL OR last_retry < NOW() - ...
                         ^

2025-01-23 07:57:29,190 - ERROR - Error in retry logic: column "last_retry" does not exist
LINE 4:             AND (last_retry IS NULL OR last_retry < NOW() - ...
                         ^

2025-01-23 07:58:29,190 - ERROR - Error in retry logic: column "last_retry" does not exist
LINE 4:             AND (last_retry IS NULL OR last_retry < NOW() - ...
                         ^

2025-01-23 07:59:29,190 - ERROR - Error in retry logic: column "last_retry" does not exist
LINE 4:             AND (last_retry IS NULL OR last_retry < NOW() - ...
                         ^

2025-01-23 08:00:29,190 - ERROR - Error in retry logic: column "last_retry" does not exist
LINE 4:             AND (last_retry IS NULL OR last_retry < NOW() - ...
                         ^

2025-01-23 08:01:29,190 - ERROR - Error in retry logic: column "last_retry" does not exist
LINE 4:             AND (last_retry IS NULL OR last_retry < NOW() - ...
                         ^

2025-01-23 08:02:29,190 - ERROR - Error in retry logic: column "last_retry" does not exist
LINE 4:             AND (last_retry IS NULL OR last_retry < NOW() - ...
                         ^

2025-01-23 08:03:29,190 - ERROR - Error in retry logic: column "last_retry" does not exist
LINE 4:             AND (last_retry IS NULL OR last_retry < NOW() - ...
                         ^

2025-01-23 08:04:29,190 - ERROR - Error in retry logic: column "last_retry" does not exist
LINE 4:             AND (last_retry IS NULL OR last_retry < NOW() - ...
                         ^

2025-01-23 08:05:29,190 - ERROR - Error in retry logic: column "last_retry" does not exist
LINE 4:             AND (last_retry IS NULL OR last_retry < NOW() - ...
                         ^

2025-01-23 08:06:29,191 - ERROR - Error in retry logic: column "last_retry" does not exist
LINE 4:             AND (last_retry IS NULL OR last_retry < NOW() - ...
                         ^

2025-01-23 08:07:29,190 - ERROR - Error in retry logic: column "last_retry" does not exist
LINE 4:             AND (last_retry IS NULL OR last_retry < NOW() - ...
                         ^

2025-01-23 08:08:29,190 - ERROR - Error in retry logic: column "last_retry" does not exist
LINE 4:             AND (last_retry IS NULL OR last_retry < NOW() - ...
                         ^

2025-01-23 08:09:29,190 - ERROR - Error in retry logic: column "last_retry" does not exist
LINE 4:             AND (last_retry IS NULL OR last_retry < NOW() - ...
                         ^

2025-01-23 08:10:29,190 - ERROR - Error in retry logic: column "last_retry" does not exist
LINE 4:             AND (last_retry IS NULL OR last_retry < NOW() - ...
                         ^

2025-01-23 08:11:29,191 - ERROR - Error in retry logic: column "last_retry" does not exist
LINE 4:             AND (last_retry IS NULL OR last_retry < NOW() - ...
                         ^

2025-01-23 08:12:29,191 - ERROR - Error in retry logic: column "last_retry" does not exist
LINE 4:             AND (last_retry IS NULL OR last_retry < NOW() - ...
                         ^

2025-01-23 08:13:29,192 - ERROR - Error in retry logic: column "last_retry" does not exist
LINE 4:             AND (last_retry IS NULL OR last_retry < NOW() - ...
                         ^

2025-01-23 08:14:29,190 - ERROR - Error in retry logic: column "last_retry" does not exist
LINE 4:             AND (last_retry IS NULL OR last_retry < NOW() - ...
                         ^

2025-01-23 08:15:29,192 - ERROR - Error in retry logic: column "last_retry" does not exist
LINE 4:             AND (last_retry IS NULL OR last_retry < NOW() - ...
                         ^

2025-01-23 08:16:29,190 - ERROR - Error in retry logic: column "last_retry" does not exist
LINE 4:             AND (last_retry IS NULL OR last_retry < NOW() - ...
                         ^

2025-01-23 08:17:29,192 - ERROR - Error in retry logic: column "last_retry" does not exist
LINE 4:             AND (last_retry IS NULL OR last_retry < NOW() - ...
                         ^

2025-01-23 08:18:29,190 - ERROR - Error in retry logic: column "last_retry" does not exist
LINE 4:             AND (last_retry IS NULL OR last_retry < NOW() - ...
                         ^

2025-01-23 08:19:29,190 - ERROR - Error in retry logic: column "last_retry" does not exist
LINE 4:             AND (last_retry IS NULL OR last_retry < NOW() - ...
                         ^

2025-01-23 08:20:29,190 - ERROR - Error in retry logic: column "last_retry" does not exist
LINE 4:             AND (last_retry IS NULL OR last_retry < NOW() - ...
                         ^

2025-01-23 08:21:29,191 - ERROR - Error in retry logic: column "last_retry" does not exist
LINE 4:             AND (last_retry IS NULL OR last_retry < NOW() - ...
                         ^

2025-01-23 08:22:29,190 - ERROR - Error in retry logic: column "last_retry" does not exist
LINE 4:             AND (last_retry IS NULL OR last_retry < NOW() - ...
                         ^

2025-01-23 08:23:29,190 - ERROR - Error in retry logic: column "last_retry" does not exist
LINE 4:             AND (last_retry IS NULL OR last_retry < NOW() - ...
                         ^

2025-01-23 08:24:29,190 - ERROR - Error in retry logic: column "last_retry" does not exist
LINE 4:             AND (last_retry IS NULL OR last_retry < NOW() - ...
                         ^

2025-01-23 08:25:29,191 - ERROR - Error in retry logic: column "last_retry" does not exist
LINE 4:             AND (last_retry IS NULL OR last_retry < NOW() - ...
                         ^

2025-01-23 08:26:29,190 - ERROR - Error in retry logic: column "last_retry" does not exist
LINE 4:             AND (last_retry IS NULL OR last_retry < NOW() - ...
                         ^

2025-01-23 08:27:29,190 - ERROR - Error in retry logic: column "last_retry" does not exist
LINE 4:             AND (last_retry IS NULL OR last_retry < NOW() - ...
                         ^

2025-01-23 08:28:29,190 - ERROR - Error in retry logic: column "last_retry" does not exist
LINE 4:             AND (last_retry IS NULL OR last_retry < NOW() - ...
                         ^

2025-01-23 08:29:29,190 - ERROR - Error in retry logic: column "last_retry" does not exist
LINE 4:             AND (last_retry IS NULL OR last_retry < NOW() - ...
                         ^

2025-01-23 08:30:29,190 - ERROR - Error in retry logic: column "last_retry" does not exist
LINE 4:             AND (last_retry IS NULL OR last_retry < NOW() - ...
                         ^

2025-01-23 08:31:29,194 - ERROR - Error in retry logic: column "last_retry" does not exist
LINE 4:             AND (last_retry IS NULL OR last_retry < NOW() - ...
                         ^

2025-01-23 08:32:29,191 - ERROR - Error in retry logic: column "last_retry" does not exist
LINE 4:             AND (last_retry IS NULL OR last_retry < NOW() - ...
                         ^

2025-01-23 08:33:29,194 - ERROR - Error in retry logic: column "last_retry" does not exist
LINE 4:             AND (last_retry IS NULL OR last_retry < NOW() - ...
                         ^

2025-01-23 08:34:29,190 - ERROR - Error in retry logic: column "last_retry" does not exist
LINE 4:             AND (last_retry IS NULL OR last_retry < NOW() - ...
                         ^

2025-01-23 08:35:29,190 - ERROR - Error in retry logic: column "last_retry" does not exist
LINE 4:             AND (last_retry IS NULL OR last_retry < NOW() - ...
                         ^

2025-01-23 08:36:29,190 - ERROR - Error in retry logic: column "last_retry" does not exist
LINE 4:             AND (last_retry IS NULL OR last_retry < NOW() - ...
                         ^

2025-01-23 08:37:29,194 - ERROR - Error in retry logic: column "last_retry" does not exist
LINE 4:             AND (last_retry IS NULL OR last_retry < NOW() - ...
                         ^

2025-01-23 08:38:29,190 - ERROR - Error in retry logic: column "last_retry" does not exist
LINE 4:             AND (last_retry IS NULL OR last_retry < NOW() - ...
                         ^

2025-01-23 08:39:29,191 - ERROR - Error in retry logic: column "last_retry" does not exist
LINE 4:             AND (last_retry IS NULL OR last_retry < NOW() - ...
                         ^

2025-01-23 08:40:29,194 - ERROR - Error in retry logic: column "last_retry" does not exist
LINE 4:             AND (last_retry IS NULL OR last_retry < NOW() - ...
                         ^

2025-01-23 08:41:29,191 - ERROR - Error in retry logic: column "last_retry" does not exist
LINE 4:             AND (last_retry IS NULL OR last_retry < NOW() - ...
                         ^

2025-01-23 08:42:29,190 - ERROR - Error in retry logic: column "last_retry" does not exist
LINE 4:             AND (last_retry IS NULL OR last_retry < NOW() - ...
                         ^

2025-01-23 08:43:29,191 - ERROR - Error in retry logic: column "last_retry" does not exist
LINE 4:             AND (last_retry IS NULL OR last_retry < NOW() - ...
                         ^

2025-01-23 08:44:29,190 - ERROR - Error in retry logic: column "last_retry" does not exist
LINE 4:             AND (last_retry IS NULL OR last_retry < NOW() - ...
                         ^

2025-01-23 08:45:29,195 - ERROR - Error in retry logic: column "last_retry" does not exist
LINE 4:             AND (last_retry IS NULL OR last_retry < NOW() - ...
                         ^

2025-01-23 08:46:29,190 - ERROR - Error in retry logic: column "last_retry" does not exist
LINE 4:             AND (last_retry IS NULL OR last_retry < NOW() - ...
                         ^

2025-01-23 08:47:29,191 - ERROR - Error in retry logic: column "last_retry" does not exist
LINE 4:             AND (last_retry IS NULL OR last_retry < NOW() - ...
                         ^

2025-01-23 08:48:29,190 - ERROR - Error in retry logic: column "last_retry" does not exist
LINE 4:             AND (last_retry IS NULL OR last_retry < NOW() - ...
                         ^

2025-01-23 08:49:29,190 - ERROR - Error in retry logic: column "last_retry" does not exist
LINE 4:             AND (last_retry IS NULL OR last_retry < NOW() - ...
                         ^

2025-01-23 08:50:29,191 - ERROR - Error in retry logic: column "last_retry" does not exist
LINE 4:             AND (last_retry IS NULL OR last_retry < NOW() - ...
                         ^

2025-01-23 08:51:29,191 - ERROR - Error in retry logic: column "last_retry" does not exist
LINE 4:             AND (last_retry IS NULL OR last_retry < NOW() - ...
                         ^

2025-01-23 08:52:29,190 - ERROR - Error in retry logic: column "last_retry" does not exist
LINE 4:             AND (last_retry IS NULL OR last_retry < NOW() - ...
                         ^

2025-01-23 08:53:29,190 - ERROR - Error in retry logic: column "last_retry" does not exist
LINE 4:             AND (last_retry IS NULL OR last_retry < NOW() - ...
                         ^

2025-01-23 08:54:29,191 - ERROR - Error in retry logic: column "last_retry" does not exist
LINE 4:             AND (last_retry IS NULL OR last_retry < NOW() - ...
                         ^

2025-01-23 08:55:29,191 - ERROR - Error in retry logic: column "last_retry" does not exist
LINE 4:             AND (last_retry IS NULL OR last_retry < NOW() - ...
                         ^

2025-01-23 08:56:29,190 - ERROR - Error in retry logic: column "last_retry" does not exist
LINE 4:             AND (last_retry IS NULL OR last_retry < NOW() - ...
                         ^

2025-01-23 08:57:29,190 - ERROR - Error in retry logic: column "last_retry" does not exist
LINE 4:             AND (last_retry IS NULL OR last_retry < NOW() - ...
                         ^

2025-01-23 08:58:29,190 - ERROR - Error in retry logic: column "last_retry" does not exist
LINE 4:             AND (last_retry IS NULL OR last_retry < NOW() - ...
                         ^

2025-01-23 08:59:29,190 - ERROR - Error in retry logic: column "last_retry" does not exist
LINE 4:             AND (last_retry IS NULL OR last_retry < NOW() - ...
                         ^

2025-01-23 09:00:29,191 - ERROR - Error in retry logic: column "last_retry" does not exist
LINE 4:             AND (last_retry IS NULL OR last_retry < NOW() - ...
                         ^

2025-01-23 09:01:29,194 - ERROR - Error in retry logic: column "last_retry" does not exist
LINE 4:             AND (last_retry IS NULL OR last_retry < NOW() - ...
                         ^

2025-01-23 09:02:29,190 - ERROR - Error in retry logic: column "last_retry" does not exist
LINE 4:             AND (last_retry IS NULL OR last_retry < NOW() - ...
                         ^

2025-01-23 09:03:29,190 - ERROR - Error in retry logic: column "last_retry" does not exist
LINE 4:             AND (last_retry IS NULL OR last_retry < NOW() - ...
                         ^

2025-01-23 09:04:29,190 - ERROR - Error in retry logic: column "last_retry" does not exist
LINE 4:             AND (last_retry IS NULL OR last_retry < NOW() - ...
                         ^

2025-01-23 09:05:29,195 - ERROR - Error in retry logic: column "last_retry" does not exist
LINE 4:             AND (last_retry IS NULL OR last_retry < NOW() - ...
                         ^

2025-01-23 09:06:29,190 - ERROR - Error in retry logic: column "last_retry" does not exist
LINE 4:             AND (last_retry IS NULL OR last_retry < NOW() - ...
                         ^

2025-01-23 09:07:29,199 - ERROR - Error in retry logic: column "last_retry" does not exist
LINE 4:             AND (last_retry IS NULL OR last_retry < NOW() - ...
                         ^

2025-01-23 09:08:29,190 - ERROR - Error in retry logic: column "last_retry" does not exist
LINE 4:             AND (last_retry IS NULL OR last_retry < NOW() - ...
                         ^

2025-01-23 09:09:29,191 - ERROR - Error in retry logic: column "last_retry" does not exist
LINE 4:             AND (last_retry IS NULL OR last_retry < NOW() - ...
                         ^

2025-01-23 09:10:29,198 - ERROR - Error in retry logic: column "last_retry" does not exist
LINE 4:             AND (last_retry IS NULL OR last_retry < NOW() - ...
                         ^

2025-01-23 09:11:29,190 - ERROR - Error in retry logic: column "last_retry" does not exist
LINE 4:             AND (last_retry IS NULL OR last_retry < NOW() - ...
                         ^

2025-01-23 09:12:29,190 - ERROR - Error in retry logic: column "last_retry" does not exist
LINE 4:             AND (last_retry IS NULL OR last_retry < NOW() - ...
                         ^

2025-01-23 09:13:29,190 - ERROR - Error in retry logic: column "last_retry" does not exist
LINE 4:             AND (last_retry IS NULL OR last_retry < NOW() - ...
                         ^

2025-01-23 09:14:29,191 - ERROR - Error in retry logic: column "last_retry" does not exist
LINE 4:             AND (last_retry IS NULL OR last_retry < NOW() - ...
                         ^

2025-01-23 09:15:29,191 - ERROR - Error in retry logic: column "last_retry" does not exist
LINE 4:             AND (last_retry IS NULL OR last_retry < NOW() - ...
                         ^

2025-01-23 09:16:29,190 - ERROR - Error in retry logic: column "last_retry" does not exist
LINE 4:             AND (last_retry IS NULL OR last_retry < NOW() - ...
                         ^

2025-01-23 09:17:29,191 - ERROR - Error in retry logic: column "last_retry" does not exist
LINE 4:             AND (last_retry IS NULL OR last_retry < NOW() - ...
                         ^

2025-01-23 09:18:29,190 - ERROR - Error in retry logic: column "last_retry" does not exist
LINE 4:             AND (last_retry IS NULL OR last_retry < NOW() - ...
                         ^

2025-01-23 09:19:29,190 - ERROR - Error in retry logic: column "last_retry" does not exist
LINE 4:             AND (last_retry IS NULL OR last_retry < NOW() - ...
                         ^

2025-01-23 09:20:29,190 - ERROR - Error in retry logic: column "last_retry" does not exist
LINE 4:             AND (last_retry IS NULL OR last_retry < NOW() - ...
                         ^

2025-01-23 09:21:29,191 - ERROR - Error in retry logic: column "last_retry" does not exist
LINE 4:             AND (last_retry IS NULL OR last_retry < NOW() - ...
                         ^

2025-01-23 09:22:29,191 - ERROR - Error in retry logic: column "last_retry" does not exist
LINE 4:             AND (last_retry IS NULL OR last_retry < NOW() - ...
                         ^

2025-01-23 09:25:16,435 - ERROR - General error: Could not connect to the endpoint URL: "https://dynamodb.ap-south-1.amazonaws.com/"
2025-01-23 09:27:22,125 - ERROR - General error: Could not connect to the endpoint URL: "https://dynamodb.ap-south-1.amazonaws.com/"
2025-01-23 09:29:27,826 - ERROR - General error: Could not connect to the endpoint URL: "https://dynamodb.ap-south-1.amazonaws.com/"
2025-01-23 09:29:27,831 - ERROR - Error in retry logic: column "last_retry" does not exist
LINE 4:             AND (last_retry IS NULL OR last_retry < NOW() - ...
                         ^

2025-01-23 09:30:27,831 - ERROR - Error in retry logic: column "last_retry" does not exist
LINE 4:             AND (last_retry IS NULL OR last_retry < NOW() - ...
                         ^

2025-01-23 09:31:27,831 - ERROR - Error in retry logic: column "last_retry" does not exist
LINE 4:             AND (last_retry IS NULL OR last_retry < NOW() - ...
                         ^

2025-01-23 09:34:10,108 - ERROR - General error: Could not connect to the endpoint URL: "https://dynamodb.ap-south-1.amazonaws.com/"
2025-01-23 09:34:10,111 - ERROR - Error in retry logic: column "last_retry" does not exist
LINE 4:             AND (last_retry IS NULL OR last_retry < NOW() - ...
                         ^

2025-01-23 09:35:10,112 - ERROR - Error in retry logic: column "last_retry" does not exist
LINE 4:             AND (last_retry IS NULL OR last_retry < NOW() - ...
                         ^

2025-01-23 09:36:10,112 - ERROR - Error in retry logic: column "last_retry" does not exist
LINE 4:             AND (last_retry IS NULL OR last_retry < NOW() - ...
                         ^

2025-01-23 09:37:10,112 - ERROR - Error in retry logic: column "last_retry" does not exist
LINE 4:             AND (last_retry IS NULL OR last_retry < NOW() - ...
                         ^

2025-01-23 09:38:10,111 - ERROR - Error in retry logic: column "last_retry" does not exist
LINE 4:             AND (last_retry IS NULL OR last_retry < NOW() - ...
                         ^

2025-01-23 09:41:12,681 - ERROR - General error: Could not connect to the endpoint URL: "https://dynamodb.ap-south-1.amazonaws.com/"
2025-01-23 09:43:18,373 - ERROR - General error: Could not connect to the endpoint URL: "https://dynamodb.ap-south-1.amazonaws.com/"
2025-01-23 09:43:18,377 - ERROR - Error in retry logic: column "last_retry" does not exist
LINE 4:             AND (last_retry IS NULL OR last_retry < NOW() - ...
                         ^

2025-01-23 09:44:18,377 - ERROR - Error in retry logic: column "last_retry" does not exist
LINE 4:             AND (last_retry IS NULL OR last_retry < NOW() - ...
                         ^

2025-01-23 09:45:18,377 - ERROR - Error in retry logic: column "last_retry" does not exist
LINE 4:             AND (last_retry IS NULL OR last_retry < NOW() - ...
                         ^

2025-01-23 09:46:18,377 - ERROR - Error in retry logic: column "last_retry" does not exist
LINE 4:             AND (last_retry IS NULL OR last_retry < NOW() - ...
                         ^

2025-01-23 09:47:18,377 - ERROR - Error in retry logic: column "last_retry" does not exist
LINE 4:             AND (last_retry IS NULL OR last_retry < NOW() - ...
                         ^

2025-01-23 09:48:18,377 - ERROR - Error in retry logic: column "last_retry" does not exist
LINE 4:             AND (last_retry IS NULL OR last_retry < NOW() - ...
                         ^

2025-01-23 09:50:46,428 - ERROR - General error: Could not connect to the endpoint URL: "https://dynamodb.ap-south-1.amazonaws.com/"
2025-01-23 09:50:46,432 - ERROR - Error in retry logic: column "last_retry" does not exist
LINE 4:             AND (last_retry IS NULL OR last_retry < NOW() - ...
                         ^

2025-01-23 09:51:46,432 - ERROR - Error in retry logic: column "last_retry" does not exist
LINE 4:             AND (last_retry IS NULL OR last_retry < NOW() - ...
                         ^

2025-01-23 09:52:46,432 - ERROR - Error in retry logic: column "last_retry" does not exist
LINE 4:             AND (last_retry IS NULL OR last_retry < NOW() - ...
                         ^

2025-01-23 09:53:46,432 - ERROR - Error in retry logic: column "last_retry" does not exist
LINE 4:             AND (last_retry IS NULL OR last_retry < NOW() - ...
                         ^

2025-01-23 09:54:46,432 - ERROR - Error in retry logic: column "last_retry" does not exist
LINE 4:             AND (last_retry IS NULL OR last_retry < NOW() - ...
                         ^

2025-01-23 09:55:46,432 - ERROR - Error in retry logic: column "last_retry" does not exist
LINE 4:             AND (last_retry IS NULL OR last_retry < NOW() - ...
                         ^

2025-01-23 09:56:46,432 - ERROR - Error in retry logic: column "last_retry" does not exist
LINE 4:             AND (last_retry IS NULL OR last_retry < NOW() - ...
                         ^

2025-01-23 09:57:46,432 - ERROR - Error in retry logic: column "last_retry" does not exist
LINE 4:             AND (last_retry IS NULL OR last_retry < NOW() - ...
                         ^

2025-01-23 09:58:46,432 - ERROR - Error in retry logic: column "last_retry" does not exist
LINE 4:             AND (last_retry IS NULL OR last_retry < NOW() - ...
                         ^

2025-01-23 09:59:46,432 - ERROR - Error in retry logic: column "last_retry" does not exist
LINE 4:             AND (last_retry IS NULL OR last_retry < NOW() - ...
                         ^

2025-01-23 10:02:06,455 - ERROR - General error: Could not connect to the endpoint URL: "https://dynamodb.ap-south-1.amazonaws.com/"
2025-01-23 10:02:06,459 - ERROR - Error in retry logic: column "last_retry" does not exist
LINE 4:             AND (last_retry IS NULL OR last_retry < NOW() - ...
                         ^

2025-01-23 10:03:06,459 - ERROR - Error in retry logic: column "last_retry" does not exist
LINE 4:             AND (last_retry IS NULL OR last_retry < NOW() - ...
                         ^

2025-01-23 10:04:06,459 - ERROR - Error in retry logic: column "last_retry" does not exist
LINE 4:             AND (last_retry IS NULL OR last_retry < NOW() - ...
                         ^

2025-01-23 10:05:06,459 - ERROR - Error in retry logic: column "last_retry" does not exist
LINE 4:             AND (last_retry IS NULL OR last_retry < NOW() - ...
                         ^

2025-01-23 10:06:06,459 - ERROR - Error in retry logic: column "last_retry" does not exist
LINE 4:             AND (last_retry IS NULL OR last_retry < NOW() - ...
                         ^

2025-01-23 10:08:22,622 - ERROR - General error: Could not connect to the endpoint URL: "https://dynamodb.ap-south-1.amazonaws.com/"
2025-01-23 10:10:28,324 - ERROR - General error: Could not connect to the endpoint URL: "https://dynamodb.ap-south-1.amazonaws.com/"
2025-01-23 10:10:28,328 - ERROR - Error in retry logic: column "last_retry" does not exist
LINE 4:             AND (last_retry IS NULL OR last_retry < NOW() - ...
                         ^

2025-01-23 10:11:28,328 - ERROR - Error in retry logic: column "last_retry" does not exist
LINE 4:             AND (last_retry IS NULL OR last_retry < NOW() - ...
                         ^

2025-01-23 10:12:28,328 - ERROR - Error in retry logic: column "last_retry" does not exist
LINE 4:             AND (last_retry IS NULL OR last_retry < NOW() - ...
                         ^

2025-01-23 10:13:28,329 - ERROR - Error in retry logic: column "last_retry" does not exist
LINE 4:             AND (last_retry IS NULL OR last_retry < NOW() - ...
                         ^

2025-01-23 10:14:28,328 - ERROR - Error in retry logic: column "last_retry" does not exist
LINE 4:             AND (last_retry IS NULL OR last_retry < NOW() - ...
                         ^

2025-01-23 10:16:40,720 - ERROR - General error: Could not connect to the endpoint URL: "https://dynamodb.ap-south-1.amazonaws.com/"
2025-01-23 10:18:46,420 - ERROR - General error: Could not connect to the endpoint URL: "https://dynamodb.ap-south-1.amazonaws.com/"
2025-01-23 10:18:46,423 - ERROR - Error in retry logic: column "last_retry" does not exist
LINE 4:             AND (last_retry IS NULL OR last_retry < NOW() - ...
                         ^

2025-01-23 10:19:46,424 - ERROR - Error in retry logic: column "last_retry" does not exist
LINE 4:             AND (last_retry IS NULL OR last_retry < NOW() - ...
                         ^

2025-01-23 10:20:46,424 - ERROR - Error in retry logic: column "last_retry" does not exist
LINE 4:             AND (last_retry IS NULL OR last_retry < NOW() - ...
                         ^

2025-01-23 10:21:46,423 - ERROR - Error in retry logic: column "last_retry" does not exist
LINE 4:             AND (last_retry IS NULL OR last_retry < NOW() - ...
                         ^

2025-01-23 10:22:46,423 - ERROR - Error in retry logic: column "last_retry" does not exist
LINE 4:             AND (last_retry IS NULL OR last_retry < NOW() - ...
                         ^

2025-01-23 10:23:46,428 - ERROR - Error in retry logic: column "last_retry" does not exist
LINE 4:             AND (last_retry IS NULL OR last_retry < NOW() - ...
                         ^

2025-01-23 10:24:46,423 - ERROR - Error in retry logic: column "last_retry" does not exist
LINE 4:             AND (last_retry IS NULL OR last_retry < NOW() - ...
                         ^

2025-01-23 10:25:46,423 - ERROR - Error in retry logic: column "last_retry" does not exist
LINE 4:             AND (last_retry IS NULL OR last_retry < NOW() - ...
                         ^

2025-01-23 10:26:46,423 - ERROR - Error in retry logic: column "last_retry" does not exist
LINE 4:             AND (last_retry IS NULL OR last_retry < NOW() - ...
                         ^

2025-01-23 10:27:46,423 - ERROR - Error in retry logic: column "last_retry" does not exist
LINE 4:             AND (last_retry IS NULL OR last_retry < NOW() - ...
                         ^

2025-01-23 10:28:46,425 - ERROR - Error in retry logic: column "last_retry" does not exist
LINE 4:             AND (last_retry IS NULL OR last_retry < NOW() - ...
                         ^

2025-01-23 10:29:46,424 - ERROR - Error in retry logic: column "last_retry" does not exist
LINE 4:             AND (last_retry IS NULL OR last_retry < NOW() - ...
                         ^

2025-01-23 10:30:46,424 - ERROR - Error in retry logic: column "last_retry" does not exist
LINE 4:             AND (last_retry IS NULL OR last_retry < NOW() - ...
                         ^

2025-01-23 10:31:46,424 - ERROR - Error in retry logic: column "last_retry" does not exist
LINE 4:             AND (last_retry IS NULL OR last_retry < NOW() - ...
                         ^

2025-01-23 10:32:46,423 - ERROR - Error in retry logic: column "last_retry" does not exist
LINE 4:             AND (last_retry IS NULL OR last_retry < NOW() - ...
                         ^

2025-01-23 10:33:46,423 - ERROR - Error in retry logic: column "last_retry" does not exist
LINE 4:             AND (last_retry IS NULL OR last_retry < NOW() - ...
                         ^

2025-01-23 10:34:46,424 - ERROR - Error in retry logic: column "last_retry" does not exist
LINE 4:             AND (last_retry IS NULL OR last_retry < NOW() - ...
                         ^

2025-01-23 10:35:46,423 - ERROR - Error in retry logic: column "last_retry" does not exist
LINE 4:             AND (last_retry IS NULL OR last_retry < NOW() - ...
                         ^

2025-01-23 10:36:46,423 - ERROR - Error in retry logic: column "last_retry" does not exist
LINE 4:             AND (last_retry IS NULL OR last_retry < NOW() - ...
                         ^

2025-01-23 10:37:46,424 - ERROR - Error in retry logic: column "last_retry" does not exist
LINE 4:             AND (last_retry IS NULL OR last_retry < NOW() - ...
                         ^

2025-01-23 10:38:46,424 - ERROR - Error in retry logic: column "last_retry" does not exist
LINE 4:             AND (last_retry IS NULL OR last_retry < NOW() - ...
                         ^

2025-01-23 10:39:46,424 - ERROR - Error in retry logic: column "last_retry" does not exist
LINE 4:             AND (last_retry IS NULL OR last_retry < NOW() - ...
                         ^

2025-01-23 10:40:46,424 - ERROR - Error in retry logic: column "last_retry" does not exist
LINE 4:             AND (last_retry IS NULL OR last_retry < NOW() - ...
                         ^

2025-01-23 10:41:46,423 - ERROR - Error in retry logic: column "last_retry" does not exist
LINE 4:             AND (last_retry IS NULL OR last_retry < NOW() - ...
                         ^

2025-01-23 10:42:46,423 - ERROR - Error in retry logic: column "last_retry" does not exist
LINE 4:             AND (last_retry IS NULL OR last_retry < NOW() - ...
                         ^

2025-01-23 10:43:46,424 - ERROR - Error in retry logic: column "last_retry" does not exist
LINE 4:             AND (last_retry IS NULL OR last_retry < NOW() - ...
                         ^

2025-01-23 10:44:46,423 - ERROR - Error in retry logic: column "last_retry" does not exist
LINE 4:             AND (last_retry IS NULL OR last_retry < NOW() - ...
                         ^

2025-01-23 10:45:46,423 - ERROR - Error in retry logic: column "last_retry" does not exist
LINE 4:             AND (last_retry IS NULL OR last_retry < NOW() - ...
                         ^

2025-01-23 10:46:46,424 - ERROR - Error in retry logic: column "last_retry" does not exist
LINE 4:             AND (last_retry IS NULL OR last_retry < NOW() - ...
                         ^

2025-01-23 10:47:46,423 - ERROR - Error in retry logic: column "last_retry" does not exist
LINE 4:             AND (last_retry IS NULL OR last_retry < NOW() - ...
                         ^

2025-01-23 10:48:46,424 - ERROR - Error in retry logic: column "last_retry" does not exist
LINE 4:             AND (last_retry IS NULL OR last_retry < NOW() - ...
                         ^

2025-01-23 10:49:46,424 - ERROR - Error in retry logic: column "last_retry" does not exist
LINE 4:             AND (last_retry IS NULL OR last_retry < NOW() - ...
                         ^

2025-01-23 10:50:46,424 - ERROR - Error in retry logic: column "last_retry" does not exist
LINE 4:             AND (last_retry IS NULL OR last_retry < NOW() - ...
                         ^

2025-01-23 10:51:46,424 - ERROR - Error in retry logic: column "last_retry" does not exist
LINE 4:             AND (last_retry IS NULL OR last_retry < NOW() - ...
                         ^

2025-01-23 10:52:46,423 - ERROR - Error in retry logic: column "last_retry" does not exist
LINE 4:             AND (last_retry IS NULL OR last_retry < NOW() - ...
                         ^

2025-01-23 10:53:46,427 - ERROR - Error in retry logic: column "last_retry" does not exist
LINE 4:             AND (last_retry IS NULL OR last_retry < NOW() - ...
                         ^

2025-01-23 10:54:46,424 - ERROR - Error in retry logic: column "last_retry" does not exist
LINE 4:             AND (last_retry IS NULL OR last_retry < NOW() - ...
                         ^

2025-01-23 10:55:46,423 - ERROR - Error in retry logic: column "last_retry" does not exist
LINE 4:             AND (last_retry IS NULL OR last_retry < NOW() - ...
                         ^

2025-01-23 10:56:46,423 - ERROR - Error in retry logic: column "last_retry" does not exist
LINE 4:             AND (last_retry IS NULL OR last_retry < NOW() - ...
                         ^

2025-01-23 10:57:46,428 - ERROR - Error in retry logic: column "last_retry" does not exist
LINE 4:             AND (last_retry IS NULL OR last_retry < NOW() - ...
                         ^

2025-01-23 10:58:46,424 - ERROR - Error in retry logic: column "last_retry" does not exist
LINE 4:             AND (last_retry IS NULL OR last_retry < NOW() - ...
                         ^

2025-01-23 10:59:46,424 - ERROR - Error in retry logic: column "last_retry" does not exist
LINE 4:             AND (last_retry IS NULL OR last_retry < NOW() - ...
                         ^

2025-01-23 11:00:46,424 - ERROR - Error in retry logic: column "last_retry" does not exist
LINE 4:             AND (last_retry IS NULL OR last_retry < NOW() - ...
                         ^

2025-01-23 11:01:46,423 - ERROR - Error in retry logic: column "last_retry" does not exist
LINE 4:             AND (last_retry IS NULL OR last_retry < NOW() - ...
                         ^

2025-01-23 11:02:46,424 - ERROR - Error in retry logic: column "last_retry" does not exist
LINE 4:             AND (last_retry IS NULL OR last_retry < NOW() - ...
                         ^

2025-01-23 11:03:46,431 - ERROR - Error in retry logic: column "last_retry" does not exist
LINE 4:             AND (last_retry IS NULL OR last_retry < NOW() - ...
                         ^

2025-01-23 11:04:46,424 - ERROR - Error in retry logic: column "last_retry" does not exist
LINE 4:             AND (last_retry IS NULL OR last_retry < NOW() - ...
                         ^

2025-01-23 11:05:46,424 - ERROR - Error in retry logic: column "last_retry" does not exist
LINE 4:             AND (last_retry IS NULL OR last_retry < NOW() - ...
                         ^

2025-01-23 11:06:46,424 - ERROR - Error in retry logic: column "last_retry" does not exist
LINE 4:             AND (last_retry IS NULL OR last_retry < NOW() - ...
                         ^

2025-01-23 11:07:46,424 - ERROR - Error in retry logic: column "last_retry" does not exist
LINE 4:             AND (last_retry IS NULL OR last_retry < NOW() - ...
                         ^

2025-01-23 11:08:46,423 - ERROR - Error in retry logic: column "last_retry" does not exist
LINE 4:             AND (last_retry IS NULL OR last_retry < NOW() - ...
                         ^

2025-01-23 11:09:46,424 - ERROR - Error in retry logic: column "last_retry" does not exist
LINE 4:             AND (last_retry IS NULL OR last_retry < NOW() - ...
                         ^

2025-01-23 11:10:46,424 - ERROR - Error in retry logic: column "last_retry" does not exist
LINE 4:             AND (last_retry IS NULL OR last_retry < NOW() - ...
                         ^

2025-01-23 11:11:46,424 - ERROR - Error in retry logic: column "last_retry" does not exist
LINE 4:             AND (last_retry IS NULL OR last_retry < NOW() - ...
                         ^

2025-01-23 11:12:46,425 - ERROR - Error in retry logic: column "last_retry" does not exist
LINE 4:             AND (last_retry IS NULL OR last_retry < NOW() - ...
                         ^

2025-01-23 11:13:46,424 - ERROR - Error in retry logic: column "last_retry" does not exist
LINE 4:             AND (last_retry IS NULL OR last_retry < NOW() - ...
                         ^

2025-01-23 11:14:46,424 - ERROR - Error in retry logic: column "last_retry" does not exist
LINE 4:             AND (last_retry IS NULL OR last_retry < NOW() - ...
                         ^

2025-01-23 11:15:46,424 - ERROR - Error in retry logic: column "last_retry" does not exist
LINE 4:             AND (last_retry IS NULL OR last_retry < NOW() - ...
                         ^

2025-01-23 11:16:46,424 - ERROR - Error in retry logic: column "last_retry" does not exist
LINE 4:             AND (last_retry IS NULL OR last_retry < NOW() - ...
                         ^

2025-01-23 11:17:46,424 - ERROR - Error in retry logic: column "last_retry" does not exist
LINE 4:             AND (last_retry IS NULL OR last_retry < NOW() - ...
                         ^

2025-01-23 11:18:46,423 - ERROR - Error in retry logic: column "last_retry" does not exist
LINE 4:             AND (last_retry IS NULL OR last_retry < NOW() - ...
                         ^

2025-01-23 11:19:46,426 - ERROR - Error in retry logic: column "last_retry" does not exist
LINE 4:             AND (last_retry IS NULL OR last_retry < NOW() - ...
                         ^

2025-01-23 11:20:46,424 - ERROR - Error in retry logic: column "last_retry" does not exist
LINE 4:             AND (last_retry IS NULL OR last_retry < NOW() - ...
                         ^

2025-01-23 11:21:46,424 - ERROR - Error in retry logic: column "last_retry" does not exist
LINE 4:             AND (last_retry IS NULL OR last_retry < NOW() - ...
                         ^

2025-01-23 11:22:46,424 - ERROR - Error in retry logic: column "last_retry" does not exist
LINE 4:             AND (last_retry IS NULL OR last_retry < NOW() - ...
                         ^

2025-01-23 11:23:46,424 - ERROR - Error in retry logic: column "last_retry" does not exist
LINE 4:             AND (last_retry IS NULL OR last_retry < NOW() - ...
                         ^

2025-01-23 11:24:46,424 - ERROR - Error in retry logic: column "last_retry" does not exist
LINE 4:             AND (last_retry IS NULL OR last_retry < NOW() - ...
                         ^

2025-01-23 11:25:46,424 - ERROR - Error in retry logic: column "last_retry" does not exist
LINE 4:             AND (last_retry IS NULL OR last_retry < NOW() - ...
                         ^

2025-01-23 11:26:46,424 - ERROR - Error in retry logic: column "last_retry" does not exist
LINE 4:             AND (last_retry IS NULL OR last_retry < NOW() - ...
                         ^

2025-01-23 11:27:46,424 - ERROR - Error in retry logic: column "last_retry" does not exist
LINE 4:             AND (last_retry IS NULL OR last_retry < NOW() - ...
                         ^

2025-01-23 11:28:46,424 - ERROR - Error in retry logic: column "last_retry" does not exist
LINE 4:             AND (last_retry IS NULL OR last_retry < NOW() - ...
                         ^

2025-01-23 11:29:46,424 - ERROR - Error in retry logic: column "last_retry" does not exist
LINE 4:             AND (last_retry IS NULL OR last_retry < NOW() - ...
                         ^

2025-01-23 11:30:46,425 - ERROR - Error in retry logic: column "last_retry" does not exist
LINE 4:             AND (last_retry IS NULL OR last_retry < NOW() - ...
                         ^

2025-01-23 11:31:46,424 - ERROR - Error in retry logic: column "last_retry" does not exist
LINE 4:             AND (last_retry IS NULL OR last_retry < NOW() - ...
                         ^

2025-01-23 11:32:46,424 - ERROR - Error in retry logic: column "last_retry" does not exist
LINE 4:             AND (last_retry IS NULL OR last_retry < NOW() - ...
                         ^

2025-01-23 11:33:46,424 - ERROR - Error in retry logic: column "last_retry" does not exist
LINE 4:             AND (last_retry IS NULL OR last_retry < NOW() - ...
                         ^

2025-01-23 11:34:46,424 - ERROR - Error in retry logic: column "last_retry" does not exist
LINE 4:             AND (last_retry IS NULL OR last_retry < NOW() - ...
                         ^

2025-01-23 11:35:46,426 - ERROR - Error in retry logic: column "last_retry" does not exist
LINE 4:             AND (last_retry IS NULL OR last_retry < NOW() - ...
                         ^

2025-01-23 11:36:46,424 - ERROR - Error in retry logic: column "last_retry" does not exist
LINE 4:             AND (last_retry IS NULL OR last_retry < NOW() - ...
                         ^

2025-01-23 11:37:46,424 - ERROR - Error in retry logic: column "last_retry" does not exist
LINE 4:             AND (last_retry IS NULL OR last_retry < NOW() - ...
                         ^

2025-01-23 11:38:46,424 - ERROR - Error in retry logic: column "last_retry" does not exist
LINE 4:             AND (last_retry IS NULL OR last_retry < NOW() - ...
                         ^

2025-01-23 11:39:46,423 - ERROR - Error in retry logic: column "last_retry" does not exist
LINE 4:             AND (last_retry IS NULL OR last_retry < NOW() - ...
                         ^

2025-01-23 11:40:46,424 - ERROR - Error in retry logic: column "last_retry" does not exist
LINE 4:             AND (last_retry IS NULL OR last_retry < NOW() - ...
                         ^

2025-01-23 11:41:46,424 - ERROR - Error in retry logic: column "last_retry" does not exist
LINE 4:             AND (last_retry IS NULL OR last_retry < NOW() - ...
                         ^

2025-01-23 11:42:46,430 - ERROR - Error in retry logic: column "last_retry" does not exist
LINE 4:             AND (last_retry IS NULL OR last_retry < NOW() - ...
                         ^

2025-01-23 11:43:46,424 - ERROR - Error in retry logic: column "last_retry" does not exist
LINE 4:             AND (last_retry IS NULL OR last_retry < NOW() - ...
                         ^

2025-01-23 11:44:46,424 - ERROR - Error in retry logic: column "last_retry" does not exist
LINE 4:             AND (last_retry IS NULL OR last_retry < NOW() - ...
                         ^

2025-01-23 11:45:46,428 - ERROR - Error in retry logic: column "last_retry" does not exist
LINE 4:             AND (last_retry IS NULL OR last_retry < NOW() - ...
                         ^

2025-01-23 11:46:46,426 - ERROR - Error in retry logic: column "last_retry" does not exist
LINE 4:             AND (last_retry IS NULL OR last_retry < NOW() - ...
                         ^

2025-01-23 11:47:46,424 - ERROR - Error in retry logic: column "last_retry" does not exist
LINE 4:             AND (last_retry IS NULL OR last_retry < NOW() - ...
                         ^

2025-01-23 11:48:46,424 - ERROR - Error in retry logic: column "last_retry" does not exist
LINE 4:             AND (last_retry IS NULL OR last_retry < NOW() - ...
                         ^

2025-01-23 11:49:46,424 - ERROR - Error in retry logic: column "last_retry" does not exist
LINE 4:             AND (last_retry IS NULL OR last_retry < NOW() - ...
                         ^

2025-01-23 11:50:46,423 - ERROR - Error in retry logic: column "last_retry" does not exist
LINE 4:             AND (last_retry IS NULL OR last_retry < NOW() - ...
                         ^

2025-01-23 11:51:46,424 - ERROR - Error in retry logic: column "last_retry" does not exist
LINE 4:             AND (last_retry IS NULL OR last_retry < NOW() - ...
                         ^

2025-01-23 11:52:46,424 - ERROR - Error in retry logic: column "last_retry" does not exist
LINE 4:             AND (last_retry IS NULL OR last_retry < NOW() - ...
                         ^

2025-01-23 11:53:46,424 - ERROR - Error in retry logic: column "last_retry" does not exist
LINE 4:             AND (last_retry IS NULL OR last_retry < NOW() - ...
                         ^

2025-01-23 11:54:46,424 - ERROR - Error in retry logic: column "last_retry" does not exist
LINE 4:             AND (last_retry IS NULL OR last_retry < NOW() - ...
                         ^

2025-01-23 11:55:46,424 - ERROR - Error in retry logic: column "last_retry" does not exist
LINE 4:             AND (last_retry IS NULL OR last_retry < NOW() - ...
                         ^

2025-01-23 11:56:46,424 - ERROR - Error in retry logic: column "last_retry" does not exist
LINE 4:             AND (last_retry IS NULL OR last_retry < NOW() - ...
                         ^

2025-01-23 11:57:46,426 - ERROR - Error in retry logic: column "last_retry" does not exist
LINE 4:             AND (last_retry IS NULL OR last_retry < NOW() - ...
                         ^

2025-01-23 11:58:46,424 - ERROR - Error in retry logic: column "last_retry" does not exist
LINE 4:             AND (last_retry IS NULL OR last_retry < NOW() - ...
                         ^

2025-01-23 11:59:46,424 - ERROR - Error in retry logic: column "last_retry" does not exist
LINE 4:             AND (last_retry IS NULL OR last_retry < NOW() - ...
                         ^

2025-01-23 12:00:46,424 - ERROR - Error in retry logic: column "last_retry" does not exist
LINE 4:             AND (last_retry IS NULL OR last_retry < NOW() - ...
                         ^

2025-01-23 12:01:46,424 - ERROR - Error in retry logic: column "last_retry" does not exist
LINE 4:             AND (last_retry IS NULL OR last_retry < NOW() - ...
                         ^

2025-01-23 12:02:46,424 - ERROR - Error in retry logic: column "last_retry" does not exist
LINE 4:             AND (last_retry IS NULL OR last_retry < NOW() - ...
                         ^

2025-01-23 12:03:46,424 - ERROR - Error in retry logic: column "last_retry" does not exist
LINE 4:             AND (last_retry IS NULL OR last_retry < NOW() - ...
                         ^

2025-01-23 12:04:46,424 - ERROR - Error in retry logic: column "last_retry" does not exist
LINE 4:             AND (last_retry IS NULL OR last_retry < NOW() - ...
                         ^

2025-01-23 12:05:46,423 - ERROR - Error in retry logic: column "last_retry" does not exist
LINE 4:             AND (last_retry IS NULL OR last_retry < NOW() - ...
                         ^

2025-01-23 12:06:46,424 - ERROR - Error in retry logic: column "last_retry" does not exist
LINE 4:             AND (last_retry IS NULL OR last_retry < NOW() - ...
                         ^

2025-01-23 12:07:46,424 - ERROR - Error in retry logic: column "last_retry" does not exist
LINE 4:             AND (last_retry IS NULL OR last_retry < NOW() - ...
                         ^

2025-01-23 12:08:46,424 - ERROR - Error in retry logic: column "last_retry" does not exist
LINE 4:             AND (last_retry IS NULL OR last_retry < NOW() - ...
                         ^

2025-01-23 12:09:46,424 - ERROR - Error in retry logic: column "last_retry" does not exist
LINE 4:             AND (last_retry IS NULL OR last_retry < NOW() - ...
                         ^

2025-01-23 12:10:46,424 - ERROR - Error in retry logic: column "last_retry" does not exist
LINE 4:             AND (last_retry IS NULL OR last_retry < NOW() - ...
                         ^

2025-01-23 12:11:46,424 - ERROR - Error in retry logic: column "last_retry" does not exist
LINE 4:             AND (last_retry IS NULL OR last_retry < NOW() - ...
                         ^

2025-01-23 12:12:46,424 - ERROR - Error in retry logic: column "last_retry" does not exist
LINE 4:             AND (last_retry IS NULL OR last_retry < NOW() - ...
                         ^

2025-01-23 12:13:46,424 - ERROR - Error in retry logic: column "last_retry" does not exist
LINE 4:             AND (last_retry IS NULL OR last_retry < NOW() - ...
                         ^

2025-01-23 12:14:46,424 - ERROR - Error in retry logic: column "last_retry" does not exist
LINE 4:             AND (last_retry IS NULL OR last_retry < NOW() - ...
                         ^

2025-01-23 12:15:46,424 - ERROR - Error in retry logic: column "last_retry" does not exist
LINE 4:             AND (last_retry IS NULL OR last_retry < NOW() - ...
                         ^

2025-01-23 12:16:46,425 - ERROR - Error in retry logic: column "last_retry" does not exist
LINE 4:             AND (last_retry IS NULL OR last_retry < NOW() - ...
                         ^

2025-01-23 12:17:46,424 - ERROR - Error in retry logic: column "last_retry" does not exist
LINE 4:             AND (last_retry IS NULL OR last_retry < NOW() - ...
                         ^

2025-01-23 12:18:46,424 - ERROR - Error in retry logic: column "last_retry" does not exist
LINE 4:             AND (last_retry IS NULL OR last_retry < NOW() - ...
                         ^

2025-01-23 12:19:46,424 - ERROR - Error in retry logic: column "last_retry" does not exist
LINE 4:             AND (last_retry IS NULL OR last_retry < NOW() - ...
                         ^

2025-01-23 12:20:46,424 - ERROR - Error in retry logic: column "last_retry" does not exist
LINE 4:             AND (last_retry IS NULL OR last_retry < NOW() - ...
                         ^

2025-01-23 12:21:46,423 - ERROR - Error in retry logic: column "last_retry" does not exist
LINE 4:             AND (last_retry IS NULL OR last_retry < NOW() - ...
                         ^

2025-01-23 12:22:46,424 - ERROR - Error in retry logic: column "last_retry" does not exist
LINE 4:             AND (last_retry IS NULL OR last_retry < NOW() - ...
                         ^

2025-01-23 12:23:46,424 - ERROR - Error in retry logic: column "last_retry" does not exist
LINE 4:             AND (last_retry IS NULL OR last_retry < NOW() - ...
                         ^

2025-01-23 12:24:46,424 - ERROR - Error in retry logic: column "last_retry" does not exist
LINE 4:             AND (last_retry IS NULL OR last_retry < NOW() - ...
                         ^

2025-01-23 12:25:46,424 - ERROR - Error in retry logic: column "last_retry" does not exist
LINE 4:             AND (last_retry IS NULL OR last_retry < NOW() - ...
                         ^

2025-01-23 12:26:46,427 - ERROR - Error in retry logic: column "last_retry" does not exist
LINE 4:             AND (last_retry IS NULL OR last_retry < NOW() - ...
                         ^

2025-01-23 12:27:46,424 - ERROR - Error in retry logic: column "last_retry" does not exist
LINE 4:             AND (last_retry IS NULL OR last_retry < NOW() - ...
                         ^

2025-01-23 12:28:46,424 - ERROR - Error in retry logic: column "last_retry" does not exist
LINE 4:             AND (last_retry IS NULL OR last_retry < NOW() - ...
                         ^

2025-01-23 12:29:46,423 - ERROR - Error in retry logic: column "last_retry" does not exist
LINE 4:             AND (last_retry IS NULL OR last_retry < NOW() - ...
                         ^

2025-01-23 12:30:46,424 - ERROR - Error in retry logic: column "last_retry" does not exist
LINE 4:             AND (last_retry IS NULL OR last_retry < NOW() - ...
                         ^

2025-01-23 12:31:46,424 - ERROR - Error in retry logic: column "last_retry" does not exist
LINE 4:             AND (last_retry IS NULL OR last_retry < NOW() - ...
                         ^

2025-01-23 12:32:46,424 - ERROR - Error in retry logic: column "last_retry" does not exist
LINE 4:             AND (last_retry IS NULL OR last_retry < NOW() - ...
                         ^

2025-01-23 12:33:46,424 - ERROR - Error in retry logic: column "last_retry" does not exist
LINE 4:             AND (last_retry IS NULL OR last_retry < NOW() - ...
                         ^

2025-01-23 12:34:46,425 - ERROR - Error in retry logic: column "last_retry" does not exist
LINE 4:             AND (last_retry IS NULL OR last_retry < NOW() - ...
                         ^

2025-01-23 12:35:46,424 - ERROR - Error in retry logic: column "last_retry" does not exist
LINE 4:             AND (last_retry IS NULL OR last_retry < NOW() - ...
                         ^

2025-01-23 12:36:46,424 - ERROR - Error in retry logic: column "last_retry" does not exist
LINE 4:             AND (last_retry IS NULL OR last_retry < NOW() - ...
                         ^

2025-01-23 12:37:46,424 - ERROR - Error in retry logic: column "last_retry" does not exist
LINE 4:             AND (last_retry IS NULL OR last_retry < NOW() - ...
                         ^

2025-01-23 12:38:46,424 - ERROR - Error in retry logic: column "last_retry" does not exist
LINE 4:             AND (last_retry IS NULL OR last_retry < NOW() - ...
                         ^

2025-01-23 12:39:46,427 - ERROR - Error in retry logic: column "last_retry" does not exist
LINE 4:             AND (last_retry IS NULL OR last_retry < NOW() - ...
                         ^

2025-01-23 12:40:46,424 - ERROR - Error in retry logic: column "last_retry" does not exist
LINE 4:             AND (last_retry IS NULL OR last_retry < NOW() - ...
                         ^

2025-01-23 12:41:46,424 - ERROR - Error in retry logic: column "last_retry" does not exist
LINE 4:             AND (last_retry IS NULL OR last_retry < NOW() - ...
                         ^

2025-01-23 12:42:46,424 - ERROR - Error in retry logic: column "last_retry" does not exist
LINE 4:             AND (last_retry IS NULL OR last_retry < NOW() - ...
                         ^

2025-01-23 12:43:46,424 - ERROR - Error in retry logic: column "last_retry" does not exist
LINE 4:             AND (last_retry IS NULL OR last_retry < NOW() - ...
                         ^

2025-01-23 12:44:46,424 - ERROR - Error in retry logic: column "last_retry" does not exist
LINE 4:             AND (last_retry IS NULL OR last_retry < NOW() - ...
                         ^

2025-01-23 12:45:46,424 - ERROR - Error in retry logic: column "last_retry" does not exist
LINE 4:             AND (last_retry IS NULL OR last_retry < NOW() - ...
                         ^

2025-01-23 12:46:46,424 - ERROR - Error in retry logic: column "last_retry" does not exist
LINE 4:             AND (last_retry IS NULL OR last_retry < NOW() - ...
                         ^

2025-01-23 12:47:46,424 - ERROR - Error in retry logic: column "last_retry" does not exist
LINE 4:             AND (last_retry IS NULL OR last_retry < NOW() - ...
                         ^

2025-01-23 12:48:46,424 - ERROR - Error in retry logic: column "last_retry" does not exist
LINE 4:             AND (last_retry IS NULL OR last_retry < NOW() - ...
                         ^

2025-01-23 12:49:46,424 - ERROR - Error in retry logic: column "last_retry" does not exist
LINE 4:             AND (last_retry IS NULL OR last_retry < NOW() - ...
                         ^

2025-01-23 12:50:46,424 - ERROR - Error in retry logic: column "last_retry" does not exist
LINE 4:             AND (last_retry IS NULL OR last_retry < NOW() - ...
                         ^

2025-01-23 12:51:46,424 - ERROR - Error in retry logic: column "last_retry" does not exist
LINE 4:             AND (last_retry IS NULL OR last_retry < NOW() - ...
                         ^

2025-01-23 12:52:46,424 - ERROR - Error in retry logic: column "last_retry" does not exist
LINE 4:             AND (last_retry IS NULL OR last_retry < NOW() - ...
                         ^

2025-01-23 12:53:46,424 - ERROR - Error in retry logic: column "last_retry" does not exist
LINE 4:             AND (last_retry IS NULL OR last_retry < NOW() - ...
                         ^

2025-01-23 12:54:46,424 - ERROR - Error in retry logic: column "last_retry" does not exist
LINE 4:             AND (last_retry IS NULL OR last_retry < NOW() - ...
                         ^

2025-01-23 12:55:46,424 - ERROR - Error in retry logic: column "last_retry" does not exist
LINE 4:             AND (last_retry IS NULL OR last_retry < NOW() - ...
                         ^

2025-01-23 12:56:46,424 - ERROR - Error in retry logic: column "last_retry" does not exist
LINE 4:             AND (last_retry IS NULL OR last_retry < NOW() - ...
                         ^

2025-01-23 12:57:46,424 - ERROR - Error in retry logic: column "last_retry" does not exist
LINE 4:             AND (last_retry IS NULL OR last_retry < NOW() - ...
                         ^

2025-01-23 12:58:46,430 - ERROR - Error in retry logic: column "last_retry" does not exist
LINE 4:             AND (last_retry IS NULL OR last_retry < NOW() - ...
                         ^

2025-01-23 12:59:46,424 - ERROR - Error in retry logic: column "last_retry" does not exist
LINE 4:             AND (last_retry IS NULL OR last_retry < NOW() - ...
                         ^

2025-01-23 13:00:46,424 - ERROR - Error in retry logic: column "last_retry" does not exist
LINE 4:             AND (last_retry IS NULL OR last_retry < NOW() - ...
                         ^

2025-01-23 13:01:46,424 - ERROR - Error in retry logic: column "last_retry" does not exist
LINE 4:             AND (last_retry IS NULL OR last_retry < NOW() - ...
                         ^

2025-01-23 13:02:46,424 - ERROR - Error in retry logic: column "last_retry" does not exist
LINE 4:             AND (last_retry IS NULL OR last_retry < NOW() - ...
                         ^

2025-01-23 13:03:46,424 - ERROR - Error in retry logic: column "last_retry" does not exist
LINE 4:             AND (last_retry IS NULL OR last_retry < NOW() - ...
                         ^

2025-01-23 13:04:46,426 - ERROR - Error in retry logic: column "last_retry" does not exist
LINE 4:             AND (last_retry IS NULL OR last_retry < NOW() - ...
                         ^

2025-01-23 13:05:46,424 - ERROR - Error in retry logic: column "last_retry" does not exist
LINE 4:             AND (last_retry IS NULL OR last_retry < NOW() - ...
                         ^

2025-01-23 13:06:46,424 - ERROR - Error in retry logic: column "last_retry" does not exist
LINE 4:             AND (last_retry IS NULL OR last_retry < NOW() - ...
                         ^

2025-01-23 13:07:46,424 - ERROR - Error in retry logic: column "last_retry" does not exist
LINE 4:             AND (last_retry IS NULL OR last_retry < NOW() - ...
                         ^

2025-01-23 13:08:46,424 - ERROR - Error in retry logic: column "last_retry" does not exist
LINE 4:             AND (last_retry IS NULL OR last_retry < NOW() - ...
                         ^

2025-01-23 13:09:46,429 - ERROR - Error in retry logic: column "last_retry" does not exist
LINE 4:             AND (last_retry IS NULL OR last_retry < NOW() - ...
                         ^

2025-01-23 13:10:46,424 - ERROR - Error in retry logic: column "last_retry" does not exist
LINE 4:             AND (last_retry IS NULL OR last_retry < NOW() - ...
                         ^

2025-01-23 13:11:46,424 - ERROR - Error in retry logic: column "last_retry" does not exist
LINE 4:             AND (last_retry IS NULL OR last_retry < NOW() - ...
                         ^

2025-01-23 13:12:46,424 - ERROR - Error in retry logic: column "last_retry" does not exist
LINE 4:             AND (last_retry IS NULL OR last_retry < NOW() - ...
                         ^

2025-01-23 13:13:46,424 - ERROR - Error in retry logic: column "last_retry" does not exist
LINE 4:             AND (last_retry IS NULL OR last_retry < NOW() - ...
                         ^

2025-01-23 13:14:46,424 - ERROR - Error in retry logic: column "last_retry" does not exist
LINE 4:             AND (last_retry IS NULL OR last_retry < NOW() - ...
                         ^

2025-01-23 13:15:46,430 - ERROR - Error in retry logic: column "last_retry" does not exist
LINE 4:             AND (last_retry IS NULL OR last_retry < NOW() - ...
                         ^

2025-01-23 13:16:46,424 - ERROR - Error in retry logic: column "last_retry" does not exist
LINE 4:             AND (last_retry IS NULL OR last_retry < NOW() - ...
                         ^

2025-01-23 13:17:46,424 - ERROR - Error in retry logic: column "last_retry" does not exist
LINE 4:             AND (last_retry IS NULL OR last_retry < NOW() - ...
                         ^

2025-01-23 13:18:46,424 - ERROR - Error in retry logic: column "last_retry" does not exist
LINE 4:             AND (last_retry IS NULL OR last_retry < NOW() - ...
                         ^

2025-01-23 13:19:46,425 - ERROR - Error in retry logic: column "last_retry" does not exist
LINE 4:             AND (last_retry IS NULL OR last_retry < NOW() - ...
                         ^

2025-01-23 13:20:46,424 - ERROR - Error in retry logic: column "last_retry" does not exist
LINE 4:             AND (last_retry IS NULL OR last_retry < NOW() - ...
                         ^

2025-01-23 13:21:46,425 - ERROR - Error in retry logic: column "last_retry" does not exist
LINE 4:             AND (last_retry IS NULL OR last_retry < NOW() - ...
                         ^

2025-01-23 13:22:46,424 - ERROR - Error in retry logic: column "last_retry" does not exist
LINE 4:             AND (last_retry IS NULL OR last_retry < NOW() - ...
                         ^

2025-01-23 13:23:46,424 - ERROR - Error in retry logic: column "last_retry" does not exist
LINE 4:             AND (last_retry IS NULL OR last_retry < NOW() - ...
                         ^

2025-01-23 13:24:46,424 - ERROR - Error in retry logic: column "last_retry" does not exist
LINE 4:             AND (last_retry IS NULL OR last_retry < NOW() - ...
                         ^

2025-01-23 13:25:46,424 - ERROR - Error in retry logic: column "last_retry" does not exist
LINE 4:             AND (last_retry IS NULL OR last_retry < NOW() - ...
                         ^

2025-01-23 13:26:46,427 - ERROR - Error in retry logic: column "last_retry" does not exist
LINE 4:             AND (last_retry IS NULL OR last_retry < NOW() - ...
                         ^

2025-01-23 13:27:46,424 - ERROR - Error in retry logic: column "last_retry" does not exist
LINE 4:             AND (last_retry IS NULL OR last_retry < NOW() - ...
                         ^

2025-01-23 13:28:46,424 - ERROR - Error in retry logic: column "last_retry" does not exist
LINE 4:             AND (last_retry IS NULL OR last_retry < NOW() - ...
                         ^

2025-01-23 13:29:46,429 - ERROR - Error in retry logic: column "last_retry" does not exist
LINE 4:             AND (last_retry IS NULL OR last_retry < NOW() - ...
                         ^

2025-01-23 13:30:46,424 - ERROR - Error in retry logic: column "last_retry" does not exist
LINE 4:             AND (last_retry IS NULL OR last_retry < NOW() - ...
                         ^

2025-01-23 13:31:46,426 - ERROR - Error in retry logic: column "last_retry" does not exist
LINE 4:             AND (last_retry IS NULL OR last_retry < NOW() - ...
                         ^

2025-01-23 13:32:46,424 - ERROR - Error in retry logic: column "last_retry" does not exist
LINE 4:             AND (last_retry IS NULL OR last_retry < NOW() - ...
                         ^

2025-01-23 13:33:46,424 - ERROR - Error in retry logic: column "last_retry" does not exist
LINE 4:             AND (last_retry IS NULL OR last_retry < NOW() - ...
                         ^

2025-01-23 13:34:46,424 - ERROR - Error in retry logic: column "last_retry" does not exist
LINE 4:             AND (last_retry IS NULL OR last_retry < NOW() - ...
                         ^

2025-01-23 13:35:46,424 - ERROR - Error in retry logic: column "last_retry" does not exist
LINE 4:             AND (last_retry IS NULL OR last_retry < NOW() - ...
                         ^

2025-01-23 13:36:46,424 - ERROR - Error in retry logic: column "last_retry" does not exist
LINE 4:             AND (last_retry IS NULL OR last_retry < NOW() - ...
                         ^

2025-01-23 13:37:46,424 - ERROR - Error in retry logic: column "last_retry" does not exist
LINE 4:             AND (last_retry IS NULL OR last_retry < NOW() - ...
                         ^

2025-01-23 13:38:46,424 - ERROR - Error in retry logic: column "last_retry" does not exist
LINE 4:             AND (last_retry IS NULL OR last_retry < NOW() - ...
                         ^

2025-01-23 13:39:46,424 - ERROR - Error in retry logic: column "last_retry" does not exist
LINE 4:             AND (last_retry IS NULL OR last_retry < NOW() - ...
                         ^

2025-01-23 13:40:46,428 - ERROR - Error in retry logic: column "last_retry" does not exist
LINE 4:             AND (last_retry IS NULL OR last_retry < NOW() - ...
                         ^

2025-01-23 13:41:46,424 - ERROR - Error in retry logic: column "last_retry" does not exist
LINE 4:             AND (last_retry IS NULL OR last_retry < NOW() - ...
                         ^

2025-01-23 13:42:46,424 - ERROR - Error in retry logic: column "last_retry" does not exist
LINE 4:             AND (last_retry IS NULL OR last_retry < NOW() - ...
                         ^

2025-01-23 13:43:46,424 - ERROR - Error in retry logic: column "last_retry" does not exist
LINE 4:             AND (last_retry IS NULL OR last_retry < NOW() - ...
                         ^

2025-01-23 13:44:46,424 - ERROR - Error in retry logic: column "last_retry" does not exist
LINE 4:             AND (last_retry IS NULL OR last_retry < NOW() - ...
                         ^

2025-01-23 13:45:46,424 - ERROR - Error in retry logic: column "last_retry" does not exist
LINE 4:             AND (last_retry IS NULL OR last_retry < NOW() - ...
                         ^

2025-01-23 13:46:46,424 - ERROR - Error in retry logic: column "last_retry" does not exist
LINE 4:             AND (last_retry IS NULL OR last_retry < NOW() - ...
                         ^

2025-01-23 13:47:46,424 - ERROR - Error in retry logic: column "last_retry" does not exist
LINE 4:             AND (last_retry IS NULL OR last_retry < NOW() - ...
                         ^

2025-01-23 13:48:46,425 - ERROR - Error in retry logic: column "last_retry" does not exist
LINE 4:             AND (last_retry IS NULL OR last_retry < NOW() - ...
                         ^

2025-01-23 13:49:46,424 - ERROR - Error in retry logic: column "last_retry" does not exist
LINE 4:             AND (last_retry IS NULL OR last_retry < NOW() - ...
                         ^

2025-01-23 13:50:46,424 - ERROR - Error in retry logic: column "last_retry" does not exist
LINE 4:             AND (last_retry IS NULL OR last_retry < NOW() - ...
                         ^

2025-01-23 13:51:46,424 - ERROR - Error in retry logic: column "last_retry" does not exist
LINE 4:             AND (last_retry IS NULL OR last_retry < NOW() - ...
                         ^

2025-01-23 13:52:46,427 - ERROR - Error in retry logic: column "last_retry" does not exist
LINE 4:             AND (last_retry IS NULL OR last_retry < NOW() - ...
                         ^

2025-01-23 13:53:46,424 - ERROR - Error in retry logic: column "last_retry" does not exist
LINE 4:             AND (last_retry IS NULL OR last_retry < NOW() - ...
                         ^

2025-01-23 13:54:46,424 - ERROR - Error in retry logic: column "last_retry" does not exist
LINE 4:             AND (last_retry IS NULL OR last_retry < NOW() - ...
                         ^

2025-01-23 13:55:46,429 - ERROR - Error in retry logic: column "last_retry" does not exist
LINE 4:             AND (last_retry IS NULL OR last_retry < NOW() - ...
                         ^

2025-01-23 13:56:46,424 - ERROR - Error in retry logic: column "last_retry" does not exist
LINE 4:             AND (last_retry IS NULL OR last_retry < NOW() - ...
                         ^

2025-01-23 13:57:46,430 - ERROR - Error in retry logic: column "last_retry" does not exist
LINE 4:             AND (last_retry IS NULL OR last_retry < NOW() - ...
                         ^

2025-01-23 13:58:46,430 - ERROR - Error in retry logic: column "last_retry" does not exist
LINE 4:             AND (last_retry IS NULL OR last_retry < NOW() - ...
                         ^

2025-01-23 13:59:46,428 - ERROR - Error in retry logic: column "last_retry" does not exist
LINE 4:             AND (last_retry IS NULL OR last_retry < NOW() - ...
                         ^

2025-01-23 14:00:46,428 - ERROR - Error in retry logic: column "last_retry" does not exist
LINE 4:             AND (last_retry IS NULL OR last_retry < NOW() - ...
                         ^

2025-01-23 14:01:46,428 - ERROR - Error in retry logic: column "last_retry" does not exist
LINE 4:             AND (last_retry IS NULL OR last_retry < NOW() - ...
                         ^

2025-01-23 14:02:46,430 - ERROR - Error in retry logic: column "last_retry" does not exist
LINE 4:             AND (last_retry IS NULL OR last_retry < NOW() - ...
                         ^

2025-01-23 14:03:46,428 - ERROR - Error in retry logic: column "last_retry" does not exist
LINE 4:             AND (last_retry IS NULL OR last_retry < NOW() - ...
                         ^

2025-01-23 14:04:46,428 - ERROR - Error in retry logic: column "last_retry" does not exist
LINE 4:             AND (last_retry IS NULL OR last_retry < NOW() - ...
                         ^

2025-01-23 14:05:46,428 - ERROR - Error in retry logic: column "last_retry" does not exist
LINE 4:             AND (last_retry IS NULL OR last_retry < NOW() - ...
                         ^

2025-01-23 14:06:46,439 - ERROR - Error in retry logic: column "last_retry" does not exist
LINE 4:             AND (last_retry IS NULL OR last_retry < NOW() - ...
                         ^

2025-01-23 14:07:46,428 - ERROR - Error in retry logic: column "last_retry" does not exist
LINE 4:             AND (last_retry IS NULL OR last_retry < NOW() - ...
                         ^

2025-01-23 14:08:46,428 - ERROR - Error in retry logic: column "last_retry" does not exist
LINE 4:             AND (last_retry IS NULL OR last_retry < NOW() - ...
                         ^

2025-01-23 14:09:46,428 - ERROR - Error in retry logic: column "last_retry" does not exist
LINE 4:             AND (last_retry IS NULL OR last_retry < NOW() - ...
                         ^

2025-01-23 14:10:46,432 - ERROR - Error in retry logic: column "last_retry" does not exist
LINE 4:             AND (last_retry IS NULL OR last_retry < NOW() - ...
                         ^

2025-01-23 14:11:46,439 - ERROR - Error in retry logic: column "last_retry" does not exist
LINE 4:             AND (last_retry IS NULL OR last_retry < NOW() - ...
                         ^

2025-01-23 14:12:46,429 - ERROR - Error in retry logic: column "last_retry" does not exist
LINE 4:             AND (last_retry IS NULL OR last_retry < NOW() - ...
                         ^

2025-01-23 14:13:46,428 - ERROR - Error in retry logic: column "last_retry" does not exist
LINE 4:             AND (last_retry IS NULL OR last_retry < NOW() - ...
                         ^

2025-01-23 14:14:46,431 - ERROR - Error in retry logic: column "last_retry" does not exist
LINE 4:             AND (last_retry IS NULL OR last_retry < NOW() - ...
                         ^

2025-01-23 14:15:46,428 - ERROR - Error in retry logic: column "last_retry" does not exist
LINE 4:             AND (last_retry IS NULL OR last_retry < NOW() - ...
                         ^

2025-01-23 14:16:46,428 - ERROR - Error in retry logic: column "last_retry" does not exist
LINE 4:             AND (last_retry IS NULL OR last_retry < NOW() - ...
                         ^

2025-01-23 14:17:46,428 - ERROR - Error in retry logic: column "last_retry" does not exist
LINE 4:             AND (last_retry IS NULL OR last_retry < NOW() - ...
                         ^

2025-01-23 14:18:46,428 - ERROR - Error in retry logic: column "last_retry" does not exist
LINE 4:             AND (last_retry IS NULL OR last_retry < NOW() - ...
                         ^

2025-01-23 14:19:46,428 - ERROR - Error in retry logic: column "last_retry" does not exist
LINE 4:             AND (last_retry IS NULL OR last_retry < NOW() - ...
                         ^

2025-01-23 14:20:46,433 - ERROR - Error in retry logic: column "last_retry" does not exist
LINE 4:             AND (last_retry IS NULL OR last_retry < NOW() - ...
                         ^

2025-01-23 14:21:46,428 - ERROR - Error in retry logic: column "last_retry" does not exist
LINE 4:             AND (last_retry IS NULL OR last_retry < NOW() - ...
                         ^

2025-01-23 14:22:46,431 - ERROR - Error in retry logic: column "last_retry" does not exist
LINE 4:             AND (last_retry IS NULL OR last_retry < NOW() - ...
                         ^

2025-01-23 14:23:46,428 - ERROR - Error in retry logic: column "last_retry" does not exist
LINE 4:             AND (last_retry IS NULL OR last_retry < NOW() - ...
                         ^

2025-01-23 14:24:46,428 - ERROR - Error in retry logic: column "last_retry" does not exist
LINE 4:             AND (last_retry IS NULL OR last_retry < NOW() - ...
                         ^

2025-01-23 14:25:46,434 - ERROR - Error in retry logic: column "last_retry" does not exist
LINE 4:             AND (last_retry IS NULL OR last_retry < NOW() - ...
                         ^

2025-01-23 14:26:46,428 - ERROR - Error in retry logic: column "last_retry" does not exist
LINE 4:             AND (last_retry IS NULL OR last_retry < NOW() - ...
                         ^

2025-01-23 14:27:46,428 - ERROR - Error in retry logic: column "last_retry" does not exist
LINE 4:             AND (last_retry IS NULL OR last_retry < NOW() - ...
                         ^

2025-01-23 14:28:46,428 - ERROR - Error in retry logic: column "last_retry" does not exist
LINE 4:             AND (last_retry IS NULL OR last_retry < NOW() - ...
                         ^

2025-01-23 14:29:46,428 - ERROR - Error in retry logic: column "last_retry" does not exist
LINE 4:             AND (last_retry IS NULL OR last_retry < NOW() - ...
                         ^

2025-01-23 14:30:46,429 - ERROR - Error in retry logic: column "last_retry" does not exist
LINE 4:             AND (last_retry IS NULL OR last_retry < NOW() - ...
                         ^

2025-01-23 14:31:46,429 - ERROR - Error in retry logic: column "last_retry" does not exist
LINE 4:             AND (last_retry IS NULL OR last_retry < NOW() - ...
                         ^

2025-01-23 14:32:46,428 - ERROR - Error in retry logic: column "last_retry" does not exist
LINE 4:             AND (last_retry IS NULL OR last_retry < NOW() - ...
                         ^

2025-01-23 14:33:46,428 - ERROR - Error in retry logic: column "last_retry" does not exist
LINE 4:             AND (last_retry IS NULL OR last_retry < NOW() - ...
                         ^

2025-01-23 14:34:46,428 - ERROR - Error in retry logic: column "last_retry" does not exist
LINE 4:             AND (last_retry IS NULL OR last_retry < NOW() - ...
                         ^

2025-01-23 14:35:46,429 - ERROR - Error in retry logic: column "last_retry" does not exist
LINE 4:             AND (last_retry IS NULL OR last_retry < NOW() - ...
                         ^

2025-01-23 14:36:46,428 - ERROR - Error in retry logic: column "last_retry" does not exist
LINE 4:             AND (last_retry IS NULL OR last_retry < NOW() - ...
                         ^

2025-01-23 14:37:46,428 - ERROR - Error in retry logic: column "last_retry" does not exist
LINE 4:             AND (last_retry IS NULL OR last_retry < NOW() - ...
                         ^

2025-01-23 14:38:46,428 - ERROR - Error in retry logic: column "last_retry" does not exist
LINE 4:             AND (last_retry IS NULL OR last_retry < NOW() - ...
                         ^

2025-01-23 14:39:46,430 - ERROR - Error in retry logic: column "last_retry" does not exist
LINE 4:             AND (last_retry IS NULL OR last_retry < NOW() - ...
                         ^

2025-01-23 14:40:46,428 - ERROR - Error in retry logic: column "last_retry" does not exist
LINE 4:             AND (last_retry IS NULL OR last_retry < NOW() - ...
                         ^

2025-01-23 14:41:46,428 - ERROR - Error in retry logic: column "last_retry" does not exist
LINE 4:             AND (last_retry IS NULL OR last_retry < NOW() - ...
                         ^

2025-01-23 14:42:46,428 - ERROR - Error in retry logic: column "last_retry" does not exist
LINE 4:             AND (last_retry IS NULL OR last_retry < NOW() - ...
                         ^

2025-01-23 14:43:46,428 - ERROR - Error in retry logic: column "last_retry" does not exist
LINE 4:             AND (last_retry IS NULL OR last_retry < NOW() - ...
                         ^

2025-01-23 14:44:46,428 - ERROR - Error in retry logic: column "last_retry" does not exist
LINE 4:             AND (last_retry IS NULL OR last_retry < NOW() - ...
                         ^

2025-01-23 14:45:46,428 - ERROR - Error in retry logic: column "last_retry" does not exist
LINE 4:             AND (last_retry IS NULL OR last_retry < NOW() - ...
                         ^

2025-01-23 14:46:46,428 - ERROR - Error in retry logic: column "last_retry" does not exist
LINE 4:             AND (last_retry IS NULL OR last_retry < NOW() - ...
                         ^

2025-01-23 14:47:46,434 - ERROR - Error in retry logic: column "last_retry" does not exist
LINE 4:             AND (last_retry IS NULL OR last_retry < NOW() - ...
                         ^

2025-01-23 14:48:46,428 - ERROR - Error in retry logic: column "last_retry" does not exist
LINE 4:             AND (last_retry IS NULL OR last_retry < NOW() - ...
                         ^

2025-01-23 14:49:46,428 - ERROR - Error in retry logic: column "last_retry" does not exist
LINE 4:             AND (last_retry IS NULL OR last_retry < NOW() - ...
                         ^

2025-01-23 14:50:46,429 - ERROR - Error in retry logic: column "last_retry" does not exist
LINE 4:             AND (last_retry IS NULL OR last_retry < NOW() - ...
                         ^

2025-01-23 14:51:46,428 - ERROR - Error in retry logic: column "last_retry" does not exist
LINE 4:             AND (last_retry IS NULL OR last_retry < NOW() - ...
                         ^

2025-01-23 14:52:46,431 - ERROR - Error in retry logic: column "last_retry" does not exist
LINE 4:             AND (last_retry IS NULL OR last_retry < NOW() - ...
                         ^

2025-01-23 14:53:46,431 - ERROR - Error in retry logic: column "last_retry" does not exist
LINE 4:             AND (last_retry IS NULL OR last_retry < NOW() - ...
                         ^

2025-01-23 14:54:46,435 - ERROR - Error in retry logic: column "last_retry" does not exist
LINE 4:             AND (last_retry IS NULL OR last_retry < NOW() - ...
                         ^

2025-01-23 14:55:46,428 - ERROR - Error in retry logic: column "last_retry" does not exist
LINE 4:             AND (last_retry IS NULL OR last_retry < NOW() - ...
                         ^

2025-01-23 14:56:46,428 - ERROR - Error in retry logic: column "last_retry" does not exist
LINE 4:             AND (last_retry IS NULL OR last_retry < NOW() - ...
                         ^

2025-01-23 14:57:46,428 - ERROR - Error in retry logic: column "last_retry" does not exist
LINE 4:             AND (last_retry IS NULL OR last_retry < NOW() - ...
                         ^

2025-01-23 14:58:46,428 - ERROR - Error in retry logic: column "last_retry" does not exist
LINE 4:             AND (last_retry IS NULL OR last_retry < NOW() - ...
                         ^

2025-01-23 14:59:46,428 - ERROR - Error in retry logic: column "last_retry" does not exist
LINE 4:             AND (last_retry IS NULL OR last_retry < NOW() - ...
                         ^

2025-01-23 15:00:46,428 - ERROR - Error in retry logic: column "last_retry" does not exist
LINE 4:             AND (last_retry IS NULL OR last_retry < NOW() - ...
                         ^

2025-01-23 15:01:46,428 - ERROR - Error in retry logic: column "last_retry" does not exist
LINE 4:             AND (last_retry IS NULL OR last_retry < NOW() - ...
                         ^

2025-01-23 15:02:46,429 - ERROR - Error in retry logic: column "last_retry" does not exist
LINE 4:             AND (last_retry IS NULL OR last_retry < NOW() - ...
                         ^

2025-01-23 15:03:46,428 - ERROR - Error in retry logic: column "last_retry" does not exist
LINE 4:             AND (last_retry IS NULL OR last_retry < NOW() - ...
                         ^

2025-01-23 15:04:46,429 - ERROR - Error in retry logic: column "last_retry" does not exist
LINE 4:             AND (last_retry IS NULL OR last_retry < NOW() - ...
                         ^

2025-01-23 15:05:46,428 - ERROR - Error in retry logic: column "last_retry" does not exist
LINE 4:             AND (last_retry IS NULL OR last_retry < NOW() - ...
                         ^

2025-01-23 15:06:46,428 - ERROR - Error in retry logic: column "last_retry" does not exist
LINE 4:             AND (last_retry IS NULL OR last_retry < NOW() - ...
                         ^

2025-01-23 15:07:46,428 - ERROR - Error in retry logic: column "last_retry" does not exist
LINE 4:             AND (last_retry IS NULL OR last_retry < NOW() - ...
                         ^

2025-01-23 15:08:46,428 - ERROR - Error in retry logic: column "last_retry" does not exist
LINE 4:             AND (last_retry IS NULL OR last_retry < NOW() - ...
                         ^

2025-01-23 15:09:46,428 - ERROR - Error in retry logic: column "last_retry" does not exist
LINE 4:             AND (last_retry IS NULL OR last_retry < NOW() - ...
                         ^

2025-01-23 15:10:46,428 - ERROR - Error in retry logic: column "last_retry" does not exist
LINE 4:             AND (last_retry IS NULL OR last_retry < NOW() - ...
                         ^

2025-01-23 15:11:46,431 - ERROR - Error in retry logic: column "last_retry" does not exist
LINE 4:             AND (last_retry IS NULL OR last_retry < NOW() - ...
                         ^

2025-01-23 15:12:46,428 - ERROR - Error in retry logic: column "last_retry" does not exist
LINE 4:             AND (last_retry IS NULL OR last_retry < NOW() - ...
                         ^

2025-01-23 15:13:46,429 - ERROR - Error in retry logic: column "last_retry" does not exist
LINE 4:             AND (last_retry IS NULL OR last_retry < NOW() - ...
                         ^

2025-01-23 15:14:46,428 - ERROR - Error in retry logic: column "last_retry" does not exist
LINE 4:             AND (last_retry IS NULL OR last_retry < NOW() - ...
                         ^

2025-01-23 15:15:46,432 - ERROR - Error in retry logic: column "last_retry" does not exist
LINE 4:             AND (last_retry IS NULL OR last_retry < NOW() - ...
                         ^

2025-01-23 15:16:46,433 - ERROR - Error in retry logic: column "last_retry" does not exist
LINE 4:             AND (last_retry IS NULL OR last_retry < NOW() - ...
                         ^

2025-01-23 15:17:46,435 - ERROR - Error in retry logic: column "last_retry" does not exist
LINE 4:             AND (last_retry IS NULL OR last_retry < NOW() - ...
                         ^

2025-01-23 15:18:46,432 - ERROR - Error in retry logic: column "last_retry" does not exist
LINE 4:             AND (last_retry IS NULL OR last_retry < NOW() - ...
                         ^

2025-01-23 15:19:46,432 - ERROR - Error in retry logic: column "last_retry" does not exist
LINE 4:             AND (last_retry IS NULL OR last_retry < NOW() - ...
                         ^

2025-01-23 15:20:46,433 - ERROR - Error in retry logic: column "last_retry" does not exist
LINE 4:             AND (last_retry IS NULL OR last_retry < NOW() - ...
                         ^

2025-01-23 15:21:46,432 - ERROR - Error in retry logic: column "last_retry" does not exist
LINE 4:             AND (last_retry IS NULL OR last_retry < NOW() - ...
                         ^

2025-01-23 15:22:46,433 - ERROR - Error in retry logic: column "last_retry" does not exist
LINE 4:             AND (last_retry IS NULL OR last_retry < NOW() - ...
                         ^

2025-01-23 15:23:46,433 - ERROR - Error in retry logic: column "last_retry" does not exist
LINE 4:             AND (last_retry IS NULL OR last_retry < NOW() - ...
                         ^

2025-01-23 15:24:46,438 - ERROR - Error in retry logic: column "last_retry" does not exist
LINE 4:             AND (last_retry IS NULL OR last_retry < NOW() - ...
                         ^

2025-01-23 15:25:46,435 - ERROR - Error in retry logic: column "last_retry" does not exist
LINE 4:             AND (last_retry IS NULL OR last_retry < NOW() - ...
                         ^

2025-01-23 15:26:46,432 - ERROR - Error in retry logic: column "last_retry" does not exist
LINE 4:             AND (last_retry IS NULL OR last_retry < NOW() - ...
                         ^

2025-01-23 15:27:46,435 - ERROR - Error in retry logic: column "last_retry" does not exist
LINE 4:             AND (last_retry IS NULL OR last_retry < NOW() - ...
                         ^

2025-01-23 15:28:46,435 - ERROR - Error in retry logic: column "last_retry" does not exist
LINE 4:             AND (last_retry IS NULL OR last_retry < NOW() - ...
                         ^

2025-01-23 15:29:46,433 - ERROR - Error in retry logic: column "last_retry" does not exist
LINE 4:             AND (last_retry IS NULL OR last_retry < NOW() - ...
                         ^

2025-01-23 15:30:46,432 - ERROR - Error in retry logic: column "last_retry" does not exist
LINE 4:             AND (last_retry IS NULL OR last_retry < NOW() - ...
                         ^

2025-01-23 15:31:46,432 - ERROR - Error in retry logic: column "last_retry" does not exist
LINE 4:             AND (last_retry IS NULL OR last_retry < NOW() - ...
                         ^

2025-01-23 15:32:46,433 - ERROR - Error in retry logic: column "last_retry" does not exist
LINE 4:             AND (last_retry IS NULL OR last_retry < NOW() - ...
                         ^

2025-01-23 15:33:46,438 - ERROR - Error in retry logic: column "last_retry" does not exist
LINE 4:             AND (last_retry IS NULL OR last_retry < NOW() - ...
                         ^

2025-01-23 15:34:46,433 - ERROR - Error in retry logic: column "last_retry" does not exist
LINE 4:             AND (last_retry IS NULL OR last_retry < NOW() - ...
                         ^

2025-01-23 15:35:46,433 - ERROR - Error in retry logic: column "last_retry" does not exist
LINE 4:             AND (last_retry IS NULL OR last_retry < NOW() - ...
                         ^

2025-01-23 15:36:46,433 - ERROR - Error in retry logic: column "last_retry" does not exist
LINE 4:             AND (last_retry IS NULL OR last_retry < NOW() - ...
                         ^

2025-01-23 15:37:46,432 - ERROR - Error in retry logic: column "last_retry" does not exist
LINE 4:             AND (last_retry IS NULL OR last_retry < NOW() - ...
                         ^

2025-01-23 15:38:46,432 - ERROR - Error in retry logic: column "last_retry" does not exist
LINE 4:             AND (last_retry IS NULL OR last_retry < NOW() - ...
                         ^

2025-01-23 15:39:46,433 - ERROR - Error in retry logic: column "last_retry" does not exist
LINE 4:             AND (last_retry IS NULL OR last_retry < NOW() - ...
                         ^

2025-01-23 15:40:46,432 - ERROR - Error in retry logic: column "last_retry" does not exist
LINE 4:             AND (last_retry IS NULL OR last_retry < NOW() - ...
                         ^

2025-01-23 15:41:46,433 - ERROR - Error in retry logic: column "last_retry" does not exist
LINE 4:             AND (last_retry IS NULL OR last_retry < NOW() - ...
                         ^

2025-01-23 15:42:46,432 - ERROR - Error in retry logic: column "last_retry" does not exist
LINE 4:             AND (last_retry IS NULL OR last_retry < NOW() - ...
                         ^

2025-01-23 15:43:46,432 - ERROR - Error in retry logic: column "last_retry" does not exist
LINE 4:             AND (last_retry IS NULL OR last_retry < NOW() - ...
                         ^

2025-01-23 15:44:46,433 - ERROR - Error in retry logic: column "last_retry" does not exist
LINE 4:             AND (last_retry IS NULL OR last_retry < NOW() - ...
                         ^

2025-01-23 15:45:46,432 - ERROR - Error in retry logic: column "last_retry" does not exist
LINE 4:             AND (last_retry IS NULL OR last_retry < NOW() - ...
                         ^

2025-01-23 15:46:46,433 - ERROR - Error in retry logic: column "last_retry" does not exist
LINE 4:             AND (last_retry IS NULL OR last_retry < NOW() - ...
                         ^

2025-01-23 15:47:46,433 - ERROR - Error in retry logic: column "last_retry" does not exist
LINE 4:             AND (last_retry IS NULL OR last_retry < NOW() - ...
                         ^

2025-01-23 15:48:46,433 - ERROR - Error in retry logic: column "last_retry" does not exist
LINE 4:             AND (last_retry IS NULL OR last_retry < NOW() - ...
                         ^

2025-01-23 15:49:46,433 - ERROR - Error in retry logic: column "last_retry" does not exist
LINE 4:             AND (last_retry IS NULL OR last_retry < NOW() - ...
                         ^

2025-01-23 15:50:46,432 - ERROR - Error in retry logic: column "last_retry" does not exist
LINE 4:             AND (last_retry IS NULL OR last_retry < NOW() - ...
                         ^

2025-01-23 15:51:46,432 - ERROR - Error in retry logic: column "last_retry" does not exist
LINE 4:             AND (last_retry IS NULL OR last_retry < NOW() - ...
                         ^

2025-01-23 15:52:46,432 - ERROR - Error in retry logic: column "last_retry" does not exist
LINE 4:             AND (last_retry IS NULL OR last_retry < NOW() - ...
                         ^

2025-01-23 15:53:46,441 - ERROR - Error in retry logic: column "last_retry" does not exist
LINE 4:             AND (last_retry IS NULL OR last_retry < NOW() - ...
                         ^

2025-01-23 15:54:46,432 - ERROR - Error in retry logic: column "last_retry" does not exist
LINE 4:             AND (last_retry IS NULL OR last_retry < NOW() - ...
                         ^

2025-01-23 15:55:46,433 - ERROR - Error in retry logic: column "last_retry" does not exist
LINE 4:             AND (last_retry IS NULL OR last_retry < NOW() - ...
                         ^

2025-01-23 15:56:46,432 - ERROR - Error in retry logic: column "last_retry" does not exist
LINE 4:             AND (last_retry IS NULL OR last_retry < NOW() - ...
                         ^

2025-01-23 15:57:46,433 - ERROR - Error in retry logic: column "last_retry" does not exist
LINE 4:             AND (last_retry IS NULL OR last_retry < NOW() - ...
                         ^

2025-01-23 15:58:46,434 - ERROR - Error in retry logic: column "last_retry" does not exist
LINE 4:             AND (last_retry IS NULL OR last_retry < NOW() - ...
                         ^

2025-01-23 15:59:46,433 - ERROR - Error in retry logic: column "last_retry" does not exist
LINE 4:             AND (last_retry IS NULL OR last_retry < NOW() - ...
                         ^

2025-01-23 16:00:46,432 - ERROR - Error in retry logic: column "last_retry" does not exist
LINE 4:             AND (last_retry IS NULL OR last_retry < NOW() - ...
                         ^

2025-01-23 16:01:46,432 - ERROR - Error in retry logic: column "last_retry" does not exist
LINE 4:             AND (last_retry IS NULL OR last_retry < NOW() - ...
                         ^

2025-01-23 16:02:46,432 - ERROR - Error in retry logic: column "last_retry" does not exist
LINE 4:             AND (last_retry IS NULL OR last_retry < NOW() - ...
                         ^

2025-01-23 16:03:46,432 - ERROR - Error in retry logic: column "last_retry" does not exist
LINE 4:             AND (last_retry IS NULL OR last_retry < NOW() - ...
                         ^

2025-01-23 16:04:46,439 - ERROR - Error in retry logic: column "last_retry" does not exist
LINE 4:             AND (last_retry IS NULL OR last_retry < NOW() - ...
                         ^

2025-01-23 16:05:46,432 - ERROR - Error in retry logic: column "last_retry" does not exist
LINE 4:             AND (last_retry IS NULL OR last_retry < NOW() - ...
                         ^

2025-01-23 16:06:46,434 - ERROR - Error in retry logic: column "last_retry" does not exist
LINE 4:             AND (last_retry IS NULL OR last_retry < NOW() - ...
                         ^

2025-01-23 16:07:46,433 - ERROR - Error in retry logic: column "last_retry" does not exist
LINE 4:             AND (last_retry IS NULL OR last_retry < NOW() - ...
                         ^

2025-01-23 16:08:46,432 - ERROR - Error in retry logic: column "last_retry" does not exist
LINE 4:             AND (last_retry IS NULL OR last_retry < NOW() - ...
                         ^

2025-01-23 16:09:46,432 - ERROR - Error in retry logic: column "last_retry" does not exist
LINE 4:             AND (last_retry IS NULL OR last_retry < NOW() - ...
                         ^

2025-01-23 16:10:46,432 - ERROR - Error in retry logic: column "last_retry" does not exist
LINE 4:             AND (last_retry IS NULL OR last_retry < NOW() - ...
                         ^

2025-01-23 16:11:46,433 - ERROR - Error in retry logic: column "last_retry" does not exist
LINE 4:             AND (last_retry IS NULL OR last_retry < NOW() - ...
                         ^

2025-01-23 16:12:46,433 - ERROR - Error in retry logic: column "last_retry" does not exist
LINE 4:             AND (last_retry IS NULL OR last_retry < NOW() - ...
                         ^

2025-01-23 16:13:46,521 - ERROR - Error in retry logic: column "last_retry" does not exist
LINE 4:             AND (last_retry IS NULL OR last_retry < NOW() - ...
                         ^

2025-01-23 16:14:46,521 - ERROR - Error in retry logic: column "last_retry" does not exist
LINE 4:             AND (last_retry IS NULL OR last_retry < NOW() - ...
                         ^

2025-01-23 16:15:46,521 - ERROR - Error in retry logic: column "last_retry" does not exist
LINE 4:             AND (last_retry IS NULL OR last_retry < NOW() - ...
                         ^

2025-01-23 16:16:46,521 - ERROR - Error in retry logic: column "last_retry" does not exist
LINE 4:             AND (last_retry IS NULL OR last_retry < NOW() - ...
                         ^

2025-01-23 16:17:46,521 - ERROR - Error in retry logic: column "last_retry" does not exist
LINE 4:             AND (last_retry IS NULL OR last_retry < NOW() - ...
                         ^

2025-01-23 16:18:46,521 - ERROR - Error in retry logic: column "last_retry" does not exist
LINE 4:             AND (last_retry IS NULL OR last_retry < NOW() - ...
                         ^

2025-01-23 16:19:46,521 - ERROR - Error in retry logic: column "last_retry" does not exist
LINE 4:             AND (last_retry IS NULL OR last_retry < NOW() - ...
                         ^

2025-01-23 16:20:46,521 - ERROR - Error in retry logic: column "last_retry" does not exist
LINE 4:             AND (last_retry IS NULL OR last_retry < NOW() - ...
                         ^

2025-01-23 16:21:46,521 - ERROR - Error in retry logic: column "last_retry" does not exist
LINE 4:             AND (last_retry IS NULL OR last_retry < NOW() - ...
                         ^

2025-01-23 16:22:46,521 - ERROR - Error in retry logic: column "last_retry" does not exist
LINE 4:             AND (last_retry IS NULL OR last_retry < NOW() - ...
                         ^

2025-01-23 16:23:46,521 - ERROR - Error in retry logic: column "last_retry" does not exist
LINE 4:             AND (last_retry IS NULL OR last_retry < NOW() - ...
                         ^

2025-01-23 16:24:46,522 - ERROR - Error in retry logic: column "last_retry" does not exist
LINE 4:             AND (last_retry IS NULL OR last_retry < NOW() - ...
                         ^

2025-01-23 16:25:46,521 - ERROR - Error in retry logic: column "last_retry" does not exist
LINE 4:             AND (last_retry IS NULL OR last_retry < NOW() - ...
                         ^

2025-01-23 16:26:46,521 - ERROR - Error in retry logic: column "last_retry" does not exist
LINE 4:             AND (last_retry IS NULL OR last_retry < NOW() - ...
                         ^

2025-01-23 16:27:46,521 - ERROR - Error in retry logic: column "last_retry" does not exist
LINE 4:             AND (last_retry IS NULL OR last_retry < NOW() - ...
                         ^

2025-01-23 16:28:46,521 - ERROR - Error in retry logic: column "last_retry" does not exist
LINE 4:             AND (last_retry IS NULL OR last_retry < NOW() - ...
                         ^

2025-01-23 16:29:46,522 - ERROR - Error in retry logic: column "last_retry" does not exist
LINE 4:             AND (last_retry IS NULL OR last_retry < NOW() - ...
                         ^

2025-01-23 16:30:46,521 - ERROR - Error in retry logic: column "last_retry" does not exist
LINE 4:             AND (last_retry IS NULL OR last_retry < NOW() - ...
                         ^

2025-01-23 16:31:46,521 - ERROR - Error in retry logic: column "last_retry" does not exist
LINE 4:             AND (last_retry IS NULL OR last_retry < NOW() - ...
                         ^

2025-01-23 16:32:46,521 - ERROR - Error in retry logic: column "last_retry" does not exist
LINE 4:             AND (last_retry IS NULL OR last_retry < NOW() - ...
                         ^

2025-01-23 16:33:46,521 - ERROR - Error in retry logic: column "last_retry" does not exist
LINE 4:             AND (last_retry IS NULL OR last_retry < NOW() - ...
                         ^

2025-01-23 16:34:46,521 - ERROR - Error in retry logic: column "last_retry" does not exist
LINE 4:             AND (last_retry IS NULL OR last_retry < NOW() - ...
                         ^

2025-01-23 16:35:46,521 - ERROR - Error in retry logic: column "last_retry" does not exist
LINE 4:             AND (last_retry IS NULL OR last_retry < NOW() - ...
                         ^

2025-01-23 16:36:46,521 - ERROR - Error in retry logic: column "last_retry" does not exist
LINE 4:             AND (last_retry IS NULL OR last_retry < NOW() - ...
                         ^

2025-01-23 16:37:46,521 - ERROR - Error in retry logic: column "last_retry" does not exist
LINE 4:             AND (last_retry IS NULL OR last_retry < NOW() - ...
                         ^

2025-01-23 16:38:46,521 - ERROR - Error in retry logic: column "last_retry" does not exist
LINE 4:             AND (last_retry IS NULL OR last_retry < NOW() - ...
                         ^

2025-01-23 16:39:46,521 - ERROR - Error in retry logic: column "last_retry" does not exist
LINE 4:             AND (last_retry IS NULL OR last_retry < NOW() - ...
                         ^

2025-01-23 16:40:46,521 - ERROR - Error in retry logic: column "last_retry" does not exist
LINE 4:             AND (last_retry IS NULL OR last_retry < NOW() - ...
                         ^

2025-01-23 16:41:46,522 - ERROR - Error in retry logic: column "last_retry" does not exist
LINE 4:             AND (last_retry IS NULL OR last_retry < NOW() - ...
                         ^

2025-01-23 16:42:46,521 - ERROR - Error in retry logic: column "last_retry" does not exist
LINE 4:             AND (last_retry IS NULL OR last_retry < NOW() - ...
                         ^

2025-01-23 16:43:46,521 - ERROR - Error in retry logic: column "last_retry" does not exist
LINE 4:             AND (last_retry IS NULL OR last_retry < NOW() - ...
                         ^

2025-01-23 16:44:46,521 - ERROR - Error in retry logic: column "last_retry" does not exist
LINE 4:             AND (last_retry IS NULL OR last_retry < NOW() - ...
                         ^

2025-01-23 16:45:46,521 - ERROR - Error in retry logic: column "last_retry" does not exist
LINE 4:             AND (last_retry IS NULL OR last_retry < NOW() - ...
                         ^

2025-01-23 16:46:46,521 - ERROR - Error in retry logic: column "last_retry" does not exist
LINE 4:             AND (last_retry IS NULL OR last_retry < NOW() - ...
                         ^

2025-01-23 16:47:46,521 - ERROR - Error in retry logic: column "last_retry" does not exist
LINE 4:             AND (last_retry IS NULL OR last_retry < NOW() - ...
                         ^

2025-01-23 16:48:46,521 - ERROR - Error in retry logic: column "last_retry" does not exist
LINE 4:             AND (last_retry IS NULL OR last_retry < NOW() - ...
                         ^

2025-01-23 16:49:46,521 - ERROR - Error in retry logic: column "last_retry" does not exist
LINE 4:             AND (last_retry IS NULL OR last_retry < NOW() - ...
                         ^

2025-01-23 16:50:46,521 - ERROR - Error in retry logic: column "last_retry" does not exist
LINE 4:             AND (last_retry IS NULL OR last_retry < NOW() - ...
                         ^

2025-01-23 16:51:46,521 - ERROR - Error in retry logic: column "last_retry" does not exist
LINE 4:             AND (last_retry IS NULL OR last_retry < NOW() - ...
                         ^

2025-01-23 16:52:46,521 - ERROR - Error in retry logic: column "last_retry" does not exist
LINE 4:             AND (last_retry IS NULL OR last_retry < NOW() - ...
                         ^

2025-01-23 16:53:46,521 - ERROR - Error in retry logic: column "last_retry" does not exist
LINE 4:             AND (last_retry IS NULL OR last_retry < NOW() - ...
                         ^

2025-01-23 16:54:46,521 - ERROR - Error in retry logic: column "last_retry" does not exist
LINE 4:             AND (last_retry IS NULL OR last_retry < NOW() - ...
                         ^

2025-01-23 16:55:46,521 - ERROR - Error in retry logic: column "last_retry" does not exist
LINE 4:             AND (last_retry IS NULL OR last_retry < NOW() - ...
                         ^

2025-01-23 16:56:46,521 - ERROR - Error in retry logic: column "last_retry" does not exist
LINE 4:             AND (last_retry IS NULL OR last_retry < NOW() - ...
                         ^

2025-01-23 16:57:46,521 - ERROR - Error in retry logic: column "last_retry" does not exist
LINE 4:             AND (last_retry IS NULL OR last_retry < NOW() - ...
                         ^

2025-01-23 16:58:46,521 - ERROR - Error in retry logic: column "last_retry" does not exist
LINE 4:             AND (last_retry IS NULL OR last_retry < NOW() - ...
                         ^

2025-01-23 16:59:46,521 - ERROR - Error in retry logic: column "last_retry" does not exist
LINE 4:             AND (last_retry IS NULL OR last_retry < NOW() - ...
                         ^

2025-01-23 17:00:46,521 - ERROR - Error in retry logic: column "last_retry" does not exist
LINE 4:             AND (last_retry IS NULL OR last_retry < NOW() - ...
                         ^

2025-01-23 17:01:46,521 - ERROR - Error in retry logic: column "last_retry" does not exist
LINE 4:             AND (last_retry IS NULL OR last_retry < NOW() - ...
                         ^

2025-01-23 17:02:46,522 - ERROR - Error in retry logic: column "last_retry" does not exist
LINE 4:             AND (last_retry IS NULL OR last_retry < NOW() - ...
                         ^

2025-01-23 17:03:46,522 - ERROR - Error in retry logic: column "last_retry" does not exist
LINE 4:             AND (last_retry IS NULL OR last_retry < NOW() - ...
                         ^

2025-01-23 17:04:46,523 - ERROR - Error in retry logic: column "last_retry" does not exist
LINE 4:             AND (last_retry IS NULL OR last_retry < NOW() - ...
                         ^

2025-01-23 17:05:46,521 - ERROR - Error in retry logic: column "last_retry" does not exist
LINE 4:             AND (last_retry IS NULL OR last_retry < NOW() - ...
                         ^

2025-01-23 17:06:46,521 - ERROR - Error in retry logic: column "last_retry" does not exist
LINE 4:             AND (last_retry IS NULL OR last_retry < NOW() - ...
                         ^

2025-01-23 17:07:46,521 - ERROR - Error in retry logic: column "last_retry" does not exist
LINE 4:             AND (last_retry IS NULL OR last_retry < NOW() - ...
                         ^

2025-01-23 17:08:46,521 - ERROR - Error in retry logic: column "last_retry" does not exist
LINE 4:             AND (last_retry IS NULL OR last_retry < NOW() - ...
                         ^

2025-01-23 17:09:46,521 - ERROR - Error in retry logic: column "last_retry" does not exist
LINE 4:             AND (last_retry IS NULL OR last_retry < NOW() - ...
                         ^

2025-01-23 17:10:46,521 - ERROR - Error in retry logic: column "last_retry" does not exist
LINE 4:             AND (last_retry IS NULL OR last_retry < NOW() - ...
                         ^

2025-01-23 17:11:46,521 - ERROR - Error in retry logic: column "last_retry" does not exist
LINE 4:             AND (last_retry IS NULL OR last_retry < NOW() - ...
                         ^

2025-01-23 17:12:46,521 - ERROR - Error in retry logic: column "last_retry" does not exist
LINE 4:             AND (last_retry IS NULL OR last_retry < NOW() - ...
                         ^

2025-01-23 17:13:46,521 - ERROR - Error in retry logic: column "last_retry" does not exist
LINE 4:             AND (last_retry IS NULL OR last_retry < NOW() - ...
                         ^

2025-01-23 17:14:46,521 - ERROR - Error in retry logic: column "last_retry" does not exist
LINE 4:             AND (last_retry IS NULL OR last_retry < NOW() - ...
                         ^

2025-01-23 17:15:46,522 - ERROR - Error in retry logic: column "last_retry" does not exist
LINE 4:             AND (last_retry IS NULL OR last_retry < NOW() - ...
                         ^

2025-01-23 17:16:46,521 - ERROR - Error in retry logic: column "last_retry" does not exist
LINE 4:             AND (last_retry IS NULL OR last_retry < NOW() - ...
                         ^

2025-01-23 17:17:46,521 - ERROR - Error in retry logic: column "last_retry" does not exist
LINE 4:             AND (last_retry IS NULL OR last_retry < NOW() - ...
                         ^

2025-01-23 17:18:46,521 - ERROR - Error in retry logic: column "last_retry" does not exist
LINE 4:             AND (last_retry IS NULL OR last_retry < NOW() - ...
                         ^

2025-01-23 17:19:46,521 - ERROR - Error in retry logic: column "last_retry" does not exist
LINE 4:             AND (last_retry IS NULL OR last_retry < NOW() - ...
                         ^

2025-01-23 17:20:46,521 - ERROR - Error in retry logic: column "last_retry" does not exist
LINE 4:             AND (last_retry IS NULL OR last_retry < NOW() - ...
                         ^

2025-01-23 17:21:46,521 - ERROR - Error in retry logic: column "last_retry" does not exist
LINE 4:             AND (last_retry IS NULL OR last_retry < NOW() - ...
                         ^

2025-01-23 17:22:46,521 - ERROR - Error in retry logic: column "last_retry" does not exist
LINE 4:             AND (last_retry IS NULL OR last_retry < NOW() - ...
                         ^

2025-01-23 17:23:46,521 - ERROR - Error in retry logic: column "last_retry" does not exist
LINE 4:             AND (last_retry IS NULL OR last_retry < NOW() - ...
                         ^

2025-01-23 17:24:46,522 - ERROR - Error in retry logic: column "last_retry" does not exist
LINE 4:             AND (last_retry IS NULL OR last_retry < NOW() - ...
                         ^

2025-01-23 17:25:46,522 - ERROR - Error in retry logic: column "last_retry" does not exist
LINE 4:             AND (last_retry IS NULL OR last_retry < NOW() - ...
                         ^

2025-01-23 17:26:46,521 - ERROR - Error in retry logic: column "last_retry" does not exist
LINE 4:             AND (last_retry IS NULL OR last_retry < NOW() - ...
                         ^

2025-01-23 17:27:46,522 - ERROR - Error in retry logic: column "last_retry" does not exist
LINE 4:             AND (last_retry IS NULL OR last_retry < NOW() - ...
                         ^

2025-01-23 17:28:46,521 - ERROR - Error in retry logic: column "last_retry" does not exist
LINE 4:             AND (last_retry IS NULL OR last_retry < NOW() - ...
                         ^

2025-01-23 17:29:46,521 - ERROR - Error in retry logic: column "last_retry" does not exist
LINE 4:             AND (last_retry IS NULL OR last_retry < NOW() - ...
                         ^

2025-01-23 17:30:46,521 - ERROR - Error in retry logic: column "last_retry" does not exist
LINE 4:             AND (last_retry IS NULL OR last_retry < NOW() - ...
                         ^

2025-01-23 17:31:46,521 - ERROR - Error in retry logic: column "last_retry" does not exist
LINE 4:             AND (last_retry IS NULL OR last_retry < NOW() - ...
                         ^

2025-01-23 17:32:46,521 - ERROR - Error in retry logic: column "last_retry" does not exist
LINE 4:             AND (last_retry IS NULL OR last_retry < NOW() - ...
                         ^

2025-01-23 17:33:46,521 - ERROR - Error in retry logic: column "last_retry" does not exist
LINE 4:             AND (last_retry IS NULL OR last_retry < NOW() - ...
                         ^

2025-01-23 17:34:46,521 - ERROR - Error in retry logic: column "last_retry" does not exist
LINE 4:             AND (last_retry IS NULL OR last_retry < NOW() - ...
                         ^

2025-01-23 17:35:46,522 - ERROR - Error in retry logic: column "last_retry" does not exist
LINE 4:             AND (last_retry IS NULL OR last_retry < NOW() - ...
                         ^

2025-01-23 17:36:46,521 - ERROR - Error in retry logic: column "last_retry" does not exist
LINE 4:             AND (last_retry IS NULL OR last_retry < NOW() - ...
                         ^

2025-01-23 17:37:46,521 - ERROR - Error in retry logic: column "last_retry" does not exist
LINE 4:             AND (last_retry IS NULL OR last_retry < NOW() - ...
                         ^

2025-01-23 17:38:46,522 - ERROR - Error in retry logic: column "last_retry" does not exist
LINE 4:             AND (last_retry IS NULL OR last_retry < NOW() - ...
                         ^

2025-01-23 17:39:46,521 - ERROR - Error in retry logic: column "last_retry" does not exist
LINE 4:             AND (last_retry IS NULL OR last_retry < NOW() - ...
                         ^

2025-01-23 17:40:46,523 - ERROR - Error in retry logic: column "last_retry" does not exist
LINE 4:             AND (last_retry IS NULL OR last_retry < NOW() - ...
                         ^

2025-01-23 17:41:46,521 - ERROR - Error in retry logic: column "last_retry" does not exist
LINE 4:             AND (last_retry IS NULL OR last_retry < NOW() - ...
                         ^

2025-01-23 17:42:46,521 - ERROR - Error in retry logic: column "last_retry" does not exist
LINE 4:             AND (last_retry IS NULL OR last_retry < NOW() - ...
                         ^

2025-01-23 17:43:46,522 - ERROR - Error in retry logic: column "last_retry" does not exist
LINE 4:             AND (last_retry IS NULL OR last_retry < NOW() - ...
                         ^

2025-01-23 17:44:46,523 - ERROR - Error in retry logic: column "last_retry" does not exist
LINE 4:             AND (last_retry IS NULL OR last_retry < NOW() - ...
                         ^

2025-01-23 17:45:46,521 - ERROR - Error in retry logic: column "last_retry" does not exist
LINE 4:             AND (last_retry IS NULL OR last_retry < NOW() - ...
                         ^

2025-01-23 17:46:46,521 - ERROR - Error in retry logic: column "last_retry" does not exist
LINE 4:             AND (last_retry IS NULL OR last_retry < NOW() - ...
                         ^

2025-01-23 17:47:46,521 - ERROR - Error in retry logic: column "last_retry" does not exist
LINE 4:             AND (last_retry IS NULL OR last_retry < NOW() - ...
                         ^

2025-01-23 17:48:46,522 - ERROR - Error in retry logic: column "last_retry" does not exist
LINE 4:             AND (last_retry IS NULL OR last_retry < NOW() - ...
                         ^

2025-01-23 17:49:46,521 - ERROR - Error in retry logic: column "last_retry" does not exist
LINE 4:             AND (last_retry IS NULL OR last_retry < NOW() - ...
                         ^

2025-01-23 17:50:46,521 - ERROR - Error in retry logic: column "last_retry" does not exist
LINE 4:             AND (last_retry IS NULL OR last_retry < NOW() - ...
                         ^

2025-01-23 17:51:46,521 - ERROR - Error in retry logic: column "last_retry" does not exist
LINE 4:             AND (last_retry IS NULL OR last_retry < NOW() - ...
                         ^

2025-01-23 17:52:46,521 - ERROR - Error in retry logic: column "last_retry" does not exist
LINE 4:             AND (last_retry IS NULL OR last_retry < NOW() - ...
                         ^

2025-01-23 17:53:46,521 - ERROR - Error in retry logic: column "last_retry" does not exist
LINE 4:             AND (last_retry IS NULL OR last_retry < NOW() - ...
                         ^

2025-01-23 17:54:46,521 - ERROR - Error in retry logic: column "last_retry" does not exist
LINE 4:             AND (last_retry IS NULL OR last_retry < NOW() - ...
                         ^

2025-01-23 17:55:46,521 - ERROR - Error in retry logic: column "last_retry" does not exist
LINE 4:             AND (last_retry IS NULL OR last_retry < NOW() - ...
                         ^

2025-01-23 17:56:46,523 - ERROR - Error in retry logic: column "last_retry" does not exist
LINE 4:             AND (last_retry IS NULL OR last_retry < NOW() - ...
                         ^

2025-01-23 17:57:46,522 - ERROR - Error in retry logic: column "last_retry" does not exist
LINE 4:             AND (last_retry IS NULL OR last_retry < NOW() - ...
                         ^

2025-01-23 17:58:46,521 - ERROR - Error in retry logic: column "last_retry" does not exist
LINE 4:             AND (last_retry IS NULL OR last_retry < NOW() - ...
                         ^

2025-01-23 17:59:46,521 - ERROR - Error in retry logic: column "last_retry" does not exist
LINE 4:             AND (last_retry IS NULL OR last_retry < NOW() - ...
                         ^

2025-01-23 18:00:46,521 - ERROR - Error in retry logic: column "last_retry" does not exist
LINE 4:             AND (last_retry IS NULL OR last_retry < NOW() - ...
                         ^

2025-01-23 18:01:46,522 - ERROR - Error in retry logic: column "last_retry" does not exist
LINE 4:             AND (last_retry IS NULL OR last_retry < NOW() - ...
                         ^

2025-01-23 18:02:46,521 - ERROR - Error in retry logic: column "last_retry" does not exist
LINE 4:             AND (last_retry IS NULL OR last_retry < NOW() - ...
                         ^

2025-01-23 18:03:46,522 - ERROR - Error in retry logic: column "last_retry" does not exist
LINE 4:             AND (last_retry IS NULL OR last_retry < NOW() - ...
                         ^

2025-01-23 18:04:46,521 - ERROR - Error in retry logic: column "last_retry" does not exist
LINE 4:             AND (last_retry IS NULL OR last_retry < NOW() - ...
                         ^

2025-01-23 18:05:46,521 - ERROR - Error in retry logic: column "last_retry" does not exist
LINE 4:             AND (last_retry IS NULL OR last_retry < NOW() - ...
                         ^

2025-01-23 18:06:46,521 - ERROR - Error in retry logic: column "last_retry" does not exist
LINE 4:             AND (last_retry IS NULL OR last_retry < NOW() - ...
                         ^

2025-01-23 18:07:46,521 - ERROR - Error in retry logic: column "last_retry" does not exist
LINE 4:             AND (last_retry IS NULL OR last_retry < NOW() - ...
                         ^

2025-01-23 18:08:46,522 - ERROR - Error in retry logic: column "last_retry" does not exist
LINE 4:             AND (last_retry IS NULL OR last_retry < NOW() - ...
                         ^

2025-01-23 18:09:46,521 - ERROR - Error in retry logic: column "last_retry" does not exist
LINE 4:             AND (last_retry IS NULL OR last_retry < NOW() - ...
                         ^

2025-01-23 18:10:46,521 - ERROR - Error in retry logic: column "last_retry" does not exist
LINE 4:             AND (last_retry IS NULL OR last_retry < NOW() - ...
                         ^

2025-01-23 18:11:46,521 - ERROR - Error in retry logic: column "last_retry" does not exist
LINE 4:             AND (last_retry IS NULL OR last_retry < NOW() - ...
                         ^

2025-01-23 18:12:46,521 - ERROR - Error in retry logic: column "last_retry" does not exist
LINE 4:             AND (last_retry IS NULL OR last_retry < NOW() - ...
                         ^

2025-01-23 18:13:46,521 - ERROR - Error in retry logic: column "last_retry" does not exist
LINE 4:             AND (last_retry IS NULL OR last_retry < NOW() - ...
                         ^

2025-01-23 18:14:46,521 - ERROR - Error in retry logic: column "last_retry" does not exist
LINE 4:             AND (last_retry IS NULL OR last_retry < NOW() - ...
                         ^

2025-01-23 18:15:46,521 - ERROR - Error in retry logic: column "last_retry" does not exist
LINE 4:             AND (last_retry IS NULL OR last_retry < NOW() - ...
                         ^

2025-01-23 18:16:46,521 - ERROR - Error in retry logic: column "last_retry" does not exist
LINE 4:             AND (last_retry IS NULL OR last_retry < NOW() - ...
                         ^

2025-01-23 18:17:46,521 - ERROR - Error in retry logic: column "last_retry" does not exist
LINE 4:             AND (last_retry IS NULL OR last_retry < NOW() - ...
                         ^

2025-01-23 18:18:46,521 - ERROR - Error in retry logic: column "last_retry" does not exist
LINE 4:             AND (last_retry IS NULL OR last_retry < NOW() - ...
                         ^

2025-01-23 18:19:46,521 - ERROR - Error in retry logic: column "last_retry" does not exist
LINE 4:             AND (last_retry IS NULL OR last_retry < NOW() - ...
                         ^

2025-01-23 18:20:46,522 - ERROR - Error in retry logic: column "last_retry" does not exist
LINE 4:             AND (last_retry IS NULL OR last_retry < NOW() - ...
                         ^

2025-01-23 18:21:46,521 - ERROR - Error in retry logic: column "last_retry" does not exist
LINE 4:             AND (last_retry IS NULL OR last_retry < NOW() - ...
                         ^

2025-01-23 18:22:46,522 - ERROR - Error in retry logic: column "last_retry" does not exist
LINE 4:             AND (last_retry IS NULL OR last_retry < NOW() - ...
                         ^

2025-01-23 18:23:46,521 - ERROR - Error in retry logic: column "last_retry" does not exist
LINE 4:             AND (last_retry IS NULL OR last_retry < NOW() - ...
                         ^

2025-01-23 18:24:46,522 - ERROR - Error in retry logic: column "last_retry" does not exist
LINE 4:             AND (last_retry IS NULL OR last_retry < NOW() - ...
                         ^

2025-01-23 18:25:46,524 - ERROR - Error in retry logic: column "last_retry" does not exist
LINE 4:             AND (last_retry IS NULL OR last_retry < NOW() - ...
                         ^

2025-01-23 18:26:46,522 - ERROR - Error in retry logic: column "last_retry" does not exist
LINE 4:             AND (last_retry IS NULL OR last_retry < NOW() - ...
                         ^

2025-01-23 18:27:46,522 - ERROR - Error in retry logic: column "last_retry" does not exist
LINE 4:             AND (last_retry IS NULL OR last_retry < NOW() - ...
                         ^

2025-01-23 18:28:46,521 - ERROR - Error in retry logic: column "last_retry" does not exist
LINE 4:             AND (last_retry IS NULL OR last_retry < NOW() - ...
                         ^

2025-01-23 18:29:46,522 - ERROR - Error in retry logic: column "last_retry" does not exist
LINE 4:             AND (last_retry IS NULL OR last_retry < NOW() - ...
                         ^

2025-01-23 18:30:46,522 - ERROR - Error in retry logic: column "last_retry" does not exist
LINE 4:             AND (last_retry IS NULL OR last_retry < NOW() - ...
                         ^

2025-01-23 18:31:46,522 - ERROR - Error in retry logic: column "last_retry" does not exist
LINE 4:             AND (last_retry IS NULL OR last_retry < NOW() - ...
                         ^

2025-01-23 18:32:46,521 - ERROR - Error in retry logic: column "last_retry" does not exist
LINE 4:             AND (last_retry IS NULL OR last_retry < NOW() - ...
                         ^

2025-01-23 18:33:46,521 - ERROR - Error in retry logic: column "last_retry" does not exist
LINE 4:             AND (last_retry IS NULL OR last_retry < NOW() - ...
                         ^

2025-01-23 18:34:46,521 - ERROR - Error in retry logic: column "last_retry" does not exist
LINE 4:             AND (last_retry IS NULL OR last_retry < NOW() - ...
                         ^

2025-01-23 18:35:46,522 - ERROR - Error in retry logic: column "last_retry" does not exist
LINE 4:             AND (last_retry IS NULL OR last_retry < NOW() - ...
                         ^

2025-01-23 18:36:46,521 - ERROR - Error in retry logic: column "last_retry" does not exist
LINE 4:             AND (last_retry IS NULL OR last_retry < NOW() - ...
                         ^

2025-01-23 18:39:33,528 - ERROR - General error: Could not connect to the endpoint URL: "https://dynamodb.ap-south-1.amazonaws.com/"
2025-01-23 18:39:33,531 - ERROR - Error in retry logic: column "last_retry" does not exist
LINE 4:             AND (last_retry IS NULL OR last_retry < NOW() - ...
                         ^

2025-01-23 18:42:36,097 - ERROR - General error: Could not connect to the endpoint URL: "https://dynamodb.ap-south-1.amazonaws.com/"
2025-01-23 18:42:36,101 - ERROR - Error in retry logic: column "last_retry" does not exist
LINE 4:             AND (last_retry IS NULL OR last_retry < NOW() - ...
                         ^

2025-01-23 18:43:36,101 - ERROR - Error in retry logic: column "last_retry" does not exist
LINE 4:             AND (last_retry IS NULL OR last_retry < NOW() - ...
                         ^

2025-01-23 18:44:36,101 - ERROR - Error in retry logic: column "last_retry" does not exist
LINE 4:             AND (last_retry IS NULL OR last_retry < NOW() - ...
                         ^

2025-01-23 18:45:36,101 - ERROR - Error in retry logic: column "last_retry" does not exist
LINE 4:             AND (last_retry IS NULL OR last_retry < NOW() - ...
                         ^

2025-01-23 18:46:36,101 - ERROR - Error in retry logic: column "last_retry" does not exist
LINE 4:             AND (last_retry IS NULL OR last_retry < NOW() - ...
                         ^

2025-01-23 18:47:36,101 - ERROR - Error in retry logic: column "last_retry" does not exist
LINE 4:             AND (last_retry IS NULL OR last_retry < NOW() - ...
                         ^

2025-01-23 18:48:36,101 - ERROR - Error in retry logic: column "last_retry" does not exist
LINE 4:             AND (last_retry IS NULL OR last_retry < NOW() - ...
                         ^

2025-01-23 18:49:36,101 - ERROR - Error in retry logic: column "last_retry" does not exist
LINE 4:             AND (last_retry IS NULL OR last_retry < NOW() - ...
                         ^

2025-01-23 18:50:36,101 - ERROR - Error in retry logic: column "last_retry" does not exist
LINE 4:             AND (last_retry IS NULL OR last_retry < NOW() - ...
                         ^

2025-01-23 18:51:36,101 - ERROR - Error in retry logic: column "last_retry" does not exist
LINE 4:             AND (last_retry IS NULL OR last_retry < NOW() - ...
                         ^

2025-01-23 18:52:36,101 - ERROR - Error in retry logic: column "last_retry" does not exist
LINE 4:             AND (last_retry IS NULL OR last_retry < NOW() - ...
                         ^

2025-01-23 18:53:36,101 - ERROR - Error in retry logic: column "last_retry" does not exist
LINE 4:             AND (last_retry IS NULL OR last_retry < NOW() - ...
                         ^

2025-01-23 18:54:36,101 - ERROR - Error in retry logic: column "last_retry" does not exist
LINE 4:             AND (last_retry IS NULL OR last_retry < NOW() - ...
                         ^

2025-01-23 18:55:36,101 - ERROR - Error in retry logic: column "last_retry" does not exist
LINE 4:             AND (last_retry IS NULL OR last_retry < NOW() - ...
                         ^

2025-01-23 18:56:36,101 - ERROR - Error in retry logic: column "last_retry" does not exist
LINE 4:             AND (last_retry IS NULL OR last_retry < NOW() - ...
                         ^

2025-01-23 18:57:36,101 - ERROR - Error in retry logic: column "last_retry" does not exist
LINE 4:             AND (last_retry IS NULL OR last_retry < NOW() - ...
                         ^

2025-01-23 18:58:36,101 - ERROR - Error in retry logic: column "last_retry" does not exist
LINE 4:             AND (last_retry IS NULL OR last_retry < NOW() - ...
                         ^

2025-01-23 18:59:36,101 - ERROR - Error in retry logic: column "last_retry" does not exist
LINE 4:             AND (last_retry IS NULL OR last_retry < NOW() - ...
                         ^

2025-01-23 19:00:36,101 - ERROR - Error in retry logic: column "last_retry" does not exist
LINE 4:             AND (last_retry IS NULL OR last_retry < NOW() - ...
                         ^

2025-01-23 19:01:36,101 - ERROR - Error in retry logic: column "last_retry" does not exist
LINE 4:             AND (last_retry IS NULL OR last_retry < NOW() - ...
                         ^

2025-01-23 19:02:36,101 - ERROR - Error in retry logic: column "last_retry" does not exist
LINE 4:             AND (last_retry IS NULL OR last_retry < NOW() - ...
                         ^

2025-01-23 19:03:36,101 - ERROR - Error in retry logic: column "last_retry" does not exist
LINE 4:             AND (last_retry IS NULL OR last_retry < NOW() - ...
                         ^

2025-01-23 19:04:36,101 - ERROR - Error in retry logic: column "last_retry" does not exist
LINE 4:             AND (last_retry IS NULL OR last_retry < NOW() - ...
                         ^

2025-01-23 19:05:36,101 - ERROR - Error in retry logic: column "last_retry" does not exist
LINE 4:             AND (last_retry IS NULL OR last_retry < NOW() - ...
                         ^

2025-01-23 19:06:36,101 - ERROR - Error in retry logic: column "last_retry" does not exist
LINE 4:             AND (last_retry IS NULL OR last_retry < NOW() - ...
                         ^

2025-01-23 19:07:36,101 - ERROR - Error in retry logic: column "last_retry" does not exist
LINE 4:             AND (last_retry IS NULL OR last_retry < NOW() - ...
                         ^

2025-01-23 19:08:36,101 - ERROR - Error in retry logic: column "last_retry" does not exist
LINE 4:             AND (last_retry IS NULL OR last_retry < NOW() - ...
                         ^

2025-01-23 19:09:36,101 - ERROR - Error in retry logic: column "last_retry" does not exist
LINE 4:             AND (last_retry IS NULL OR last_retry < NOW() - ...
                         ^

2025-01-23 19:10:36,101 - ERROR - Error in retry logic: column "last_retry" does not exist
LINE 4:             AND (last_retry IS NULL OR last_retry < NOW() - ...
                         ^

2025-01-23 19:11:36,101 - ERROR - Error in retry logic: column "last_retry" does not exist
LINE 4:             AND (last_retry IS NULL OR last_retry < NOW() - ...
                         ^

2025-01-23 19:12:36,101 - ERROR - Error in retry logic: column "last_retry" does not exist
LINE 4:             AND (last_retry IS NULL OR last_retry < NOW() - ...
                         ^

2025-01-23 19:13:36,101 - ERROR - Error in retry logic: column "last_retry" does not exist
LINE 4:             AND (last_retry IS NULL OR last_retry < NOW() - ...
                         ^

2025-01-23 19:14:36,101 - ERROR - Error in retry logic: column "last_retry" does not exist
LINE 4:             AND (last_retry IS NULL OR last_retry < NOW() - ...
                         ^

2025-01-23 19:15:36,101 - ERROR - Error in retry logic: column "last_retry" does not exist
LINE 4:             AND (last_retry IS NULL OR last_retry < NOW() - ...
                         ^

2025-01-23 19:16:36,101 - ERROR - Error in retry logic: column "last_retry" does not exist
LINE 4:             AND (last_retry IS NULL OR last_retry < NOW() - ...
                         ^

2025-01-23 19:17:36,101 - ERROR - Error in retry logic: column "last_retry" does not exist
LINE 4:             AND (last_retry IS NULL OR last_retry < NOW() - ...
                         ^

2025-01-23 19:18:36,101 - ERROR - Error in retry logic: column "last_retry" does not exist
LINE 4:             AND (last_retry IS NULL OR last_retry < NOW() - ...
                         ^

2025-01-23 19:21:34,628 - ERROR - General error: Could not connect to the endpoint URL: "https://dynamodb.ap-south-1.amazonaws.com/"
2025-01-23 19:21:34,633 - ERROR - Error in retry logic: column "last_retry" does not exist
LINE 4:             AND (last_retry IS NULL OR last_retry < NOW() - ...
                         ^

2025-01-23 19:22:34,635 - ERROR - Error in retry logic: column "last_retry" does not exist
LINE 4:             AND (last_retry IS NULL OR last_retry < NOW() - ...
                         ^

2025-01-23 19:23:34,632 - ERROR - Error in retry logic: column "last_retry" does not exist
LINE 4:             AND (last_retry IS NULL OR last_retry < NOW() - ...
                         ^

2025-01-23 19:24:34,632 - ERROR - Error in retry logic: column "last_retry" does not exist
LINE 4:             AND (last_retry IS NULL OR last_retry < NOW() - ...
                         ^

2025-01-23 19:25:34,632 - ERROR - Error in retry logic: column "last_retry" does not exist
LINE 4:             AND (last_retry IS NULL OR last_retry < NOW() - ...
                         ^

2025-01-23 19:26:34,632 - ERROR - Error in retry logic: column "last_retry" does not exist
LINE 4:             AND (last_retry IS NULL OR last_retry < NOW() - ...
                         ^

2025-01-23 19:27:34,632 - ERROR - Error in retry logic: column "last_retry" does not exist
LINE 4:             AND (last_retry IS NULL OR last_retry < NOW() - ...
                         ^

2025-01-23 19:28:34,632 - ERROR - Error in retry logic: column "last_retry" does not exist
LINE 4:             AND (last_retry IS NULL OR last_retry < NOW() - ...
                         ^

2025-01-23 19:29:34,632 - ERROR - Error in retry logic: column "last_retry" does not exist
LINE 4:             AND (last_retry IS NULL OR last_retry < NOW() - ...
                         ^

2025-01-23 19:30:34,632 - ERROR - Error in retry logic: column "last_retry" does not exist
LINE 4:             AND (last_retry IS NULL OR last_retry < NOW() - ...
                         ^

2025-01-23 19:31:34,632 - ERROR - Error in retry logic: column "last_retry" does not exist
LINE 4:             AND (last_retry IS NULL OR last_retry < NOW() - ...
                         ^

2025-01-23 19:32:34,632 - ERROR - Error in retry logic: column "last_retry" does not exist
LINE 4:             AND (last_retry IS NULL OR last_retry < NOW() - ...
                         ^

2025-01-23 19:33:34,632 - ERROR - Error in retry logic: column "last_retry" does not exist
LINE 4:             AND (last_retry IS NULL OR last_retry < NOW() - ...
                         ^

2025-01-23 19:34:34,632 - ERROR - Error in retry logic: column "last_retry" does not exist
LINE 4:             AND (last_retry IS NULL OR last_retry < NOW() - ...
                         ^

2025-01-23 19:35:34,633 - ERROR - Error in retry logic: column "last_retry" does not exist
LINE 4:             AND (last_retry IS NULL OR last_retry < NOW() - ...
                         ^

2025-01-23 19:36:34,632 - ERROR - Error in retry logic: column "last_retry" does not exist
LINE 4:             AND (last_retry IS NULL OR last_retry < NOW() - ...
                         ^

2025-01-23 19:37:34,632 - ERROR - Error in retry logic: column "last_retry" does not exist
LINE 4:             AND (last_retry IS NULL OR last_retry < NOW() - ...
                         ^

2025-01-23 19:38:34,633 - ERROR - Error in retry logic: column "last_retry" does not exist
LINE 4:             AND (last_retry IS NULL OR last_retry < NOW() - ...
                         ^

2025-01-23 19:39:34,632 - ERROR - Error in retry logic: column "last_retry" does not exist
LINE 4:             AND (last_retry IS NULL OR last_retry < NOW() - ...
                         ^

2025-01-23 19:40:34,632 - ERROR - Error in retry logic: column "last_retry" does not exist
LINE 4:             AND (last_retry IS NULL OR last_retry < NOW() - ...
                         ^

2025-01-23 19:41:34,632 - ERROR - Error in retry logic: column "last_retry" does not exist
LINE 4:             AND (last_retry IS NULL OR last_retry < NOW() - ...
                         ^

2025-01-23 19:42:34,632 - ERROR - Error in retry logic: column "last_retry" does not exist
LINE 4:             AND (last_retry IS NULL OR last_retry < NOW() - ...
                         ^

2025-01-23 19:43:34,633 - ERROR - Error in retry logic: column "last_retry" does not exist
LINE 4:             AND (last_retry IS NULL OR last_retry < NOW() - ...
                         ^

2025-01-23 19:44:34,632 - ERROR - Error in retry logic: column "last_retry" does not exist
LINE 4:             AND (last_retry IS NULL OR last_retry < NOW() - ...
                         ^

2025-01-23 19:45:34,632 - ERROR - Error in retry logic: column "last_retry" does not exist
LINE 4:             AND (last_retry IS NULL OR last_retry < NOW() - ...
                         ^

2025-01-23 19:46:34,632 - ERROR - Error in retry logic: column "last_retry" does not exist
LINE 4:             AND (last_retry IS NULL OR last_retry < NOW() - ...
                         ^

2025-01-23 19:47:34,632 - ERROR - Error in retry logic: column "last_retry" does not exist
LINE 4:             AND (last_retry IS NULL OR last_retry < NOW() - ...
                         ^

2025-01-23 19:48:34,632 - ERROR - Error in retry logic: column "last_retry" does not exist
LINE 4:             AND (last_retry IS NULL OR last_retry < NOW() - ...
                         ^

2025-01-23 19:49:34,632 - ERROR - Error in retry logic: column "last_retry" does not exist
LINE 4:             AND (last_retry IS NULL OR last_retry < NOW() - ...
                         ^

2025-01-23 19:50:34,632 - ERROR - Error in retry logic: column "last_retry" does not exist
LINE 4:             AND (last_retry IS NULL OR last_retry < NOW() - ...
                         ^

2025-01-23 19:51:34,632 - ERROR - Error in retry logic: column "last_retry" does not exist
LINE 4:             AND (last_retry IS NULL OR last_retry < NOW() - ...
                         ^

2025-01-23 19:52:34,633 - ERROR - Error in retry logic: column "last_retry" does not exist
LINE 4:             AND (last_retry IS NULL OR last_retry < NOW() - ...
                         ^

2025-01-23 19:53:34,632 - ERROR - Error in retry logic: column "last_retry" does not exist
LINE 4:             AND (last_retry IS NULL OR last_retry < NOW() - ...
                         ^

2025-01-23 19:54:34,632 - ERROR - Error in retry logic: column "last_retry" does not exist
LINE 4:             AND (last_retry IS NULL OR last_retry < NOW() - ...
                         ^

2025-01-23 19:55:34,632 - ERROR - Error in retry logic: column "last_retry" does not exist
LINE 4:             AND (last_retry IS NULL OR last_retry < NOW() - ...
                         ^

2025-01-23 19:56:34,633 - ERROR - Error in retry logic: column "last_retry" does not exist
LINE 4:             AND (last_retry IS NULL OR last_retry < NOW() - ...
                         ^

2025-01-23 19:57:34,633 - ERROR - Error in retry logic: column "last_retry" does not exist
LINE 4:             AND (last_retry IS NULL OR last_retry < NOW() - ...
                         ^

2025-01-23 19:58:34,632 - ERROR - Error in retry logic: column "last_retry" does not exist
LINE 4:             AND (last_retry IS NULL OR last_retry < NOW() - ...
                         ^

2025-01-23 19:59:34,632 - ERROR - Error in retry logic: column "last_retry" does not exist
LINE 4:             AND (last_retry IS NULL OR last_retry < NOW() - ...
                         ^

2025-01-23 20:00:34,632 - ERROR - Error in retry logic: column "last_retry" does not exist
LINE 4:             AND (last_retry IS NULL OR last_retry < NOW() - ...
                         ^

2025-01-23 20:01:34,632 - ERROR - Error in retry logic: column "last_retry" does not exist
LINE 4:             AND (last_retry IS NULL OR last_retry < NOW() - ...
                         ^

2025-01-23 20:02:34,632 - ERROR - Error in retry logic: column "last_retry" does not exist
LINE 4:             AND (last_retry IS NULL OR last_retry < NOW() - ...
                         ^

2025-01-23 20:03:34,632 - ERROR - Error in retry logic: column "last_retry" does not exist
LINE 4:             AND (last_retry IS NULL OR last_retry < NOW() - ...
                         ^

2025-01-23 20:04:34,632 - ERROR - Error in retry logic: column "last_retry" does not exist
LINE 4:             AND (last_retry IS NULL OR last_retry < NOW() - ...
                         ^

2025-01-23 20:05:34,632 - ERROR - Error in retry logic: column "last_retry" does not exist
LINE 4:             AND (last_retry IS NULL OR last_retry < NOW() - ...
                         ^

2025-01-23 20:06:34,632 - ERROR - Error in retry logic: column "last_retry" does not exist
LINE 4:             AND (last_retry IS NULL OR last_retry < NOW() - ...
                         ^

2025-01-23 20:07:34,632 - ERROR - Error in retry logic: column "last_retry" does not exist
LINE 4:             AND (last_retry IS NULL OR last_retry < NOW() - ...
                         ^

2025-01-23 20:08:34,632 - ERROR - Error in retry logic: column "last_retry" does not exist
LINE 4:             AND (last_retry IS NULL OR last_retry < NOW() - ...
                         ^

2025-01-23 20:09:34,632 - ERROR - Error in retry logic: column "last_retry" does not exist
LINE 4:             AND (last_retry IS NULL OR last_retry < NOW() - ...
                         ^

2025-01-23 20:10:34,633 - ERROR - Error in retry logic: column "last_retry" does not exist
LINE 4:             AND (last_retry IS NULL OR last_retry < NOW() - ...
                         ^

2025-01-23 20:11:34,632 - ERROR - Error in retry logic: column "last_retry" does not exist
LINE 4:             AND (last_retry IS NULL OR last_retry < NOW() - ...
                         ^

2025-01-23 20:12:34,632 - ERROR - Error in retry logic: column "last_retry" does not exist
LINE 4:             AND (last_retry IS NULL OR last_retry < NOW() - ...
                         ^

2025-01-23 20:13:34,633 - ERROR - Error in retry logic: column "last_retry" does not exist
LINE 4:             AND (last_retry IS NULL OR last_retry < NOW() - ...
                         ^

2025-01-23 20:14:34,633 - ERROR - Error in retry logic: column "last_retry" does not exist
LINE 4:             AND (last_retry IS NULL OR last_retry < NOW() - ...
                         ^

2025-01-23 20:15:34,632 - ERROR - Error in retry logic: column "last_retry" does not exist
LINE 4:             AND (last_retry IS NULL OR last_retry < NOW() - ...
                         ^

2025-01-23 20:16:34,632 - ERROR - Error in retry logic: column "last_retry" does not exist
LINE 4:             AND (last_retry IS NULL OR last_retry < NOW() - ...
                         ^

2025-01-23 20:17:34,633 - ERROR - Error in retry logic: column "last_retry" does not exist
LINE 4:             AND (last_retry IS NULL OR last_retry < NOW() - ...
                         ^

2025-01-23 20:18:34,633 - ERROR - Error in retry logic: column "last_retry" does not exist
LINE 4:             AND (last_retry IS NULL OR last_retry < NOW() - ...
                         ^

2025-01-23 20:19:34,633 - ERROR - Error in retry logic: column "last_retry" does not exist
LINE 4:             AND (last_retry IS NULL OR last_retry < NOW() - ...
                         ^

2025-01-23 20:20:34,633 - ERROR - Error in retry logic: column "last_retry" does not exist
LINE 4:             AND (last_retry IS NULL OR last_retry < NOW() - ...
                         ^

2025-01-23 20:21:34,632 - ERROR - Error in retry logic: column "last_retry" does not exist
LINE 4:             AND (last_retry IS NULL OR last_retry < NOW() - ...
                         ^

2025-01-23 20:22:34,632 - ERROR - Error in retry logic: column "last_retry" does not exist
LINE 4:             AND (last_retry IS NULL OR last_retry < NOW() - ...
                         ^

2025-01-23 20:23:34,632 - ERROR - Error in retry logic: column "last_retry" does not exist
LINE 4:             AND (last_retry IS NULL OR last_retry < NOW() - ...
                         ^

2025-01-23 20:24:34,632 - ERROR - Error in retry logic: column "last_retry" does not exist
LINE 4:             AND (last_retry IS NULL OR last_retry < NOW() - ...
                         ^

2025-01-23 20:25:34,632 - ERROR - Error in retry logic: column "last_retry" does not exist
LINE 4:             AND (last_retry IS NULL OR last_retry < NOW() - ...
                         ^

2025-01-23 20:30:03,453 - ERROR - Error in retry logic: column "last_retry" does not exist
LINE 4:             AND (last_retry IS NULL OR last_retry < NOW() - ...
                         ^

2025-01-23 20:31:03,454 - ERROR - Error in retry logic: column "last_retry" does not exist
LINE 4:             AND (last_retry IS NULL OR last_retry < NOW() - ...
                         ^

2025-01-23 20:32:03,451 - ERROR - Error in retry logic: column "last_retry" does not exist
LINE 4:             AND (last_retry IS NULL OR last_retry < NOW() - ...
                         ^

2025-01-23 20:33:03,451 - ERROR - Error in retry logic: column "last_retry" does not exist
LINE 4:             AND (last_retry IS NULL OR last_retry < NOW() - ...
                         ^

2025-01-23 20:34:03,451 - ERROR - Error in retry logic: column "last_retry" does not exist
LINE 4:             AND (last_retry IS NULL OR last_retry < NOW() - ...
                         ^

2025-01-23 20:35:03,451 - ERROR - Error in retry logic: column "last_retry" does not exist
LINE 4:             AND (last_retry IS NULL OR last_retry < NOW() - ...
                         ^

2025-01-23 20:35:29,366 - ERROR - Error in retry logic: column "last_retry" does not exist
LINE 5:             AND (last_retry IS NULL OR last_retry < NOW() - ...
                         ^

2025-01-23 20:36:03,452 - ERROR - Error in retry logic: column "last_retry" does not exist
LINE 4:             AND (last_retry IS NULL OR last_retry < NOW() - ...
                         ^

2025-01-23 20:36:29,365 - ERROR - Error in retry logic: column "last_retry" does not exist
LINE 5:             AND (last_retry IS NULL OR last_retry < NOW() - ...
                         ^

2025-01-23 20:37:03,451 - ERROR - Error in retry logic: column "last_retry" does not exist
LINE 4:             AND (last_retry IS NULL OR last_retry < NOW() - ...
                         ^

2025-01-23 20:37:29,365 - ERROR - Error in retry logic: column "last_retry" does not exist
LINE 5:             AND (last_retry IS NULL OR last_retry < NOW() - ...
                         ^

2025-01-23 20:38:03,451 - ERROR - Error in retry logic: column "last_retry" does not exist
LINE 4:             AND (last_retry IS NULL OR last_retry < NOW() - ...
                         ^

2025-01-23 20:38:29,367 - ERROR - Error in retry logic: column "last_retry" does not exist
LINE 5:             AND (last_retry IS NULL OR last_retry < NOW() - ...
                         ^

2025-01-23 20:39:03,451 - ERROR - Error in retry logic: column "last_retry" does not exist
LINE 4:             AND (last_retry IS NULL OR last_retry < NOW() - ...
                         ^

2025-01-23 20:39:29,365 - ERROR - Error in retry logic: column "last_retry" does not exist
LINE 5:             AND (last_retry IS NULL OR last_retry < NOW() - ...
                         ^

2025-01-23 20:40:03,451 - ERROR - Error in retry logic: column "last_retry" does not exist
LINE 4:             AND (last_retry IS NULL OR last_retry < NOW() - ...
                         ^

2025-01-23 20:40:29,366 - ERROR - Error in retry logic: column "last_retry" does not exist
LINE 5:             AND (last_retry IS NULL OR last_retry < NOW() - ...
                         ^

2025-01-23 20:41:03,451 - ERROR - Error in retry logic: column "last_retry" does not exist
LINE 4:             AND (last_retry IS NULL OR last_retry < NOW() - ...
                         ^

2025-01-23 20:41:29,365 - ERROR - Error in retry logic: column "last_retry" does not exist
LINE 5:             AND (last_retry IS NULL OR last_retry < NOW() - ...
                         ^

2025-01-23 20:42:03,451 - ERROR - Error in retry logic: column "last_retry" does not exist
LINE 4:             AND (last_retry IS NULL OR last_retry < NOW() - ...
                         ^

2025-01-23 20:42:29,365 - ERROR - Error in retry logic: column "last_retry" does not exist
LINE 5:             AND (last_retry IS NULL OR last_retry < NOW() - ...
                         ^

2025-01-23 20:43:03,451 - ERROR - Error in retry logic: column "last_retry" does not exist
LINE 4:             AND (last_retry IS NULL OR last_retry < NOW() - ...
                         ^

2025-01-23 20:43:29,365 - ERROR - Error in retry logic: column "last_retry" does not exist
LINE 5:             AND (last_retry IS NULL OR last_retry < NOW() - ...
                         ^

2025-01-23 20:44:03,451 - ERROR - Error in retry logic: column "last_retry" does not exist
LINE 4:             AND (last_retry IS NULL OR last_retry < NOW() - ...
                         ^

2025-01-23 20:44:29,365 - ERROR - Error in retry logic: column "last_retry" does not exist
LINE 5:             AND (last_retry IS NULL OR last_retry < NOW() - ...
                         ^

2025-01-23 20:45:03,451 - ERROR - Error in retry logic: column "last_retry" does not exist
LINE 4:             AND (last_retry IS NULL OR last_retry < NOW() - ...
                         ^

2025-01-23 20:45:29,365 - ERROR - Error in retry logic: column "last_retry" does not exist
LINE 5:             AND (last_retry IS NULL OR last_retry < NOW() - ...
                         ^

2025-01-23 20:46:03,451 - ERROR - Error in retry logic: column "last_retry" does not exist
LINE 4:             AND (last_retry IS NULL OR last_retry < NOW() - ...
                         ^

2025-01-23 20:46:29,365 - ERROR - Error in retry logic: column "last_retry" does not exist
LINE 5:             AND (last_retry IS NULL OR last_retry < NOW() - ...
                         ^

2025-01-23 20:47:03,451 - ERROR - Error in retry logic: column "last_retry" does not exist
LINE 4:             AND (last_retry IS NULL OR last_retry < NOW() - ...
                         ^

2025-01-23 20:47:29,365 - ERROR - Error in retry logic: column "last_retry" does not exist
LINE 5:             AND (last_retry IS NULL OR last_retry < NOW() - ...
                         ^

2025-01-23 20:48:03,451 - ERROR - Error in retry logic: column "last_retry" does not exist
LINE 4:             AND (last_retry IS NULL OR last_retry < NOW() - ...
                         ^

2025-01-23 20:48:29,366 - ERROR - Error in retry logic: column "last_retry" does not exist
LINE 5:             AND (last_retry IS NULL OR last_retry < NOW() - ...
                         ^

2025-01-23 20:49:03,451 - ERROR - Error in retry logic: column "last_retry" does not exist
LINE 4:             AND (last_retry IS NULL OR last_retry < NOW() - ...
                         ^

2025-01-23 20:49:29,365 - ERROR - Error in retry logic: column "last_retry" does not exist
LINE 5:             AND (last_retry IS NULL OR last_retry < NOW() - ...
                         ^

2025-01-23 20:50:03,451 - ERROR - Error in retry logic: column "last_retry" does not exist
LINE 4:             AND (last_retry IS NULL OR last_retry < NOW() - ...
                         ^

2025-01-23 20:50:29,365 - ERROR - Error in retry logic: column "last_retry" does not exist
LINE 5:             AND (last_retry IS NULL OR last_retry < NOW() - ...
                         ^

2025-01-23 20:51:03,451 - ERROR - Error in retry logic: column "last_retry" does not exist
LINE 4:             AND (last_retry IS NULL OR last_retry < NOW() - ...
                         ^

2025-01-23 20:51:29,366 - ERROR - Error in retry logic: column "last_retry" does not exist
LINE 5:             AND (last_retry IS NULL OR last_retry < NOW() - ...
                         ^

2025-01-23 20:52:03,451 - ERROR - Error in retry logic: column "last_retry" does not exist
LINE 4:             AND (last_retry IS NULL OR last_retry < NOW() - ...
                         ^

2025-01-23 20:52:29,365 - ERROR - Error in retry logic: column "last_retry" does not exist
LINE 5:             AND (last_retry IS NULL OR last_retry < NOW() - ...
                         ^

2025-01-23 20:53:03,451 - ERROR - Error in retry logic: column "last_retry" does not exist
LINE 4:             AND (last_retry IS NULL OR last_retry < NOW() - ...
                         ^

2025-01-23 20:53:29,365 - ERROR - Error in retry logic: column "last_retry" does not exist
LINE 5:             AND (last_retry IS NULL OR last_retry < NOW() - ...
                         ^

2025-01-23 20:54:03,451 - ERROR - Error in retry logic: column "last_retry" does not exist
LINE 4:             AND (last_retry IS NULL OR last_retry < NOW() - ...
                         ^

2025-01-23 20:54:29,366 - ERROR - Error in retry logic: column "last_retry" does not exist
LINE 5:             AND (last_retry IS NULL OR last_retry < NOW() - ...
                         ^

2025-01-23 20:55:03,451 - ERROR - Error in retry logic: column "last_retry" does not exist
LINE 4:             AND (last_retry IS NULL OR last_retry < NOW() - ...
                         ^

2025-01-23 20:55:29,365 - ERROR - Error in retry logic: column "last_retry" does not exist
LINE 5:             AND (last_retry IS NULL OR last_retry < NOW() - ...
                         ^

2025-01-23 20:56:03,451 - ERROR - Error in retry logic: column "last_retry" does not exist
LINE 4:             AND (last_retry IS NULL OR last_retry < NOW() - ...
                         ^

2025-01-23 20:56:29,366 - ERROR - Error in retry logic: column "last_retry" does not exist
LINE 5:             AND (last_retry IS NULL OR last_retry < NOW() - ...
                         ^

2025-01-23 20:57:03,451 - ERROR - Error in retry logic: column "last_retry" does not exist
LINE 4:             AND (last_retry IS NULL OR last_retry < NOW() - ...
                         ^

2025-01-23 20:57:29,365 - ERROR - Error in retry logic: column "last_retry" does not exist
LINE 5:             AND (last_retry IS NULL OR last_retry < NOW() - ...
                         ^

2025-01-23 20:58:03,451 - ERROR - Error in retry logic: column "last_retry" does not exist
LINE 4:             AND (last_retry IS NULL OR last_retry < NOW() - ...
                         ^

2025-01-23 20:58:29,365 - ERROR - Error in retry logic: column "last_retry" does not exist
LINE 5:             AND (last_retry IS NULL OR last_retry < NOW() - ...
                         ^

2025-01-23 20:59:03,451 - ERROR - Error in retry logic: column "last_retry" does not exist
LINE 4:             AND (last_retry IS NULL OR last_retry < NOW() - ...
                         ^

2025-01-23 20:59:29,365 - ERROR - Error in retry logic: column "last_retry" does not exist
LINE 5:             AND (last_retry IS NULL OR last_retry < NOW() - ...
                         ^

2025-01-23 21:00:03,451 - ERROR - Error in retry logic: column "last_retry" does not exist
LINE 4:             AND (last_retry IS NULL OR last_retry < NOW() - ...
                         ^

2025-01-23 21:00:29,365 - ERROR - Error in retry logic: column "last_retry" does not exist
LINE 5:             AND (last_retry IS NULL OR last_retry < NOW() - ...
                         ^

2025-01-23 21:01:03,451 - ERROR - Error in retry logic: column "last_retry" does not exist
LINE 4:             AND (last_retry IS NULL OR last_retry < NOW() - ...
                         ^

2025-01-23 21:01:29,365 - ERROR - Error in retry logic: column "last_retry" does not exist
LINE 5:             AND (last_retry IS NULL OR last_retry < NOW() - ...
                         ^

2025-01-23 21:02:03,451 - ERROR - Error in retry logic: column "last_retry" does not exist
LINE 4:             AND (last_retry IS NULL OR last_retry < NOW() - ...
                         ^

2025-01-23 21:02:29,365 - ERROR - Error in retry logic: column "last_retry" does not exist
LINE 5:             AND (last_retry IS NULL OR last_retry < NOW() - ...
                         ^

2025-01-23 21:03:03,451 - ERROR - Error in retry logic: column "last_retry" does not exist
LINE 4:             AND (last_retry IS NULL OR last_retry < NOW() - ...
                         ^

2025-01-23 21:03:29,365 - ERROR - Error in retry logic: column "last_retry" does not exist
LINE 5:             AND (last_retry IS NULL OR last_retry < NOW() - ...
                         ^

2025-01-23 21:04:03,451 - ERROR - Error in retry logic: column "last_retry" does not exist
LINE 4:             AND (last_retry IS NULL OR last_retry < NOW() - ...
                         ^

2025-01-23 21:04:29,365 - ERROR - Error in retry logic: column "last_retry" does not exist
LINE 5:             AND (last_retry IS NULL OR last_retry < NOW() - ...
                         ^

2025-01-23 21:05:03,452 - ERROR - Error in retry logic: column "last_retry" does not exist
LINE 4:             AND (last_retry IS NULL OR last_retry < NOW() - ...
                         ^

2025-01-23 21:05:29,365 - ERROR - Error in retry logic: column "last_retry" does not exist
LINE 5:             AND (last_retry IS NULL OR last_retry < NOW() - ...
                         ^

2025-01-24 06:58:06,941 - ERROR - General error: Could not connect to the endpoint URL: "https://dynamodb.ap-south-1.amazonaws.com/"
2025-01-24 07:00:12,626 - ERROR - General error: Could not connect to the endpoint URL: "https://dynamodb.ap-south-1.amazonaws.com/"
2025-01-24 07:02:18,312 - ERROR - General error: Could not connect to the endpoint URL: "https://dynamodb.ap-south-1.amazonaws.com/"
2025-01-24 07:04:23,988 - ERROR - General error: Could not connect to the endpoint URL: "https://dynamodb.ap-south-1.amazonaws.com/"
2025-01-24 07:06:29,672 - ERROR - General error: Could not connect to the endpoint URL: "https://dynamodb.ap-south-1.amazonaws.com/"
2025-01-24 07:08:35,364 - ERROR - General error: Could not connect to the endpoint URL: "https://dynamodb.ap-south-1.amazonaws.com/"
2025-01-24 07:10:41,060 - ERROR - General error: Could not connect to the endpoint URL: "https://dynamodb.ap-south-1.amazonaws.com/"
2025-01-24 07:12:46,792 - ERROR - General error: Could not connect to the endpoint URL: "https://dynamodb.ap-south-1.amazonaws.com/"
2025-01-24 07:14:52,468 - ERROR - General error: Could not connect to the endpoint URL: "https://dynamodb.ap-south-1.amazonaws.com/"
2025-01-24 07:16:58,137 - ERROR - General error: Could not connect to the endpoint URL: "https://dynamodb.ap-south-1.amazonaws.com/"
2025-01-24 07:19:03,824 - ERROR - General error: Could not connect to the endpoint URL: "https://dynamodb.ap-south-1.amazonaws.com/"
2025-01-24 07:21:09,497 - ERROR - General error: Could not connect to the endpoint URL: "https://dynamodb.ap-south-1.amazonaws.com/"
2025-01-24 07:23:15,164 - ERROR - General error: Could not connect to the endpoint URL: "https://dynamodb.ap-south-1.amazonaws.com/"
2025-01-24 07:25:20,856 - ERROR - General error: Could not connect to the endpoint URL: "https://dynamodb.ap-south-1.amazonaws.com/"
2025-01-24 07:27:26,525 - ERROR - General error: Could not connect to the endpoint URL: "https://dynamodb.ap-south-1.amazonaws.com/"
2025-01-24 07:29:32,208 - ERROR - General error: Could not connect to the endpoint URL: "https://dynamodb.ap-south-1.amazonaws.com/"
2025-01-24 07:31:37,884 - ERROR - General error: Could not connect to the endpoint URL: "https://dynamodb.ap-south-1.amazonaws.com/"
2025-01-24 07:33:43,576 - ERROR - General error: Could not connect to the endpoint URL: "https://dynamodb.ap-south-1.amazonaws.com/"
2025-01-24 07:35:49,248 - ERROR - General error: Could not connect to the endpoint URL: "https://dynamodb.ap-south-1.amazonaws.com/"
2025-01-24 07:37:54,924 - ERROR - General error: Could not connect to the endpoint URL: "https://dynamodb.ap-south-1.amazonaws.com/"
2025-01-24 07:40:00,632 - ERROR - General error: Could not connect to the endpoint URL: "https://dynamodb.ap-south-1.amazonaws.com/"
2025-01-24 07:42:06,316 - ERROR - General error: Could not connect to the endpoint URL: "https://dynamodb.ap-south-1.amazonaws.com/"
2025-01-24 07:44:12,008 - ERROR - General error: Could not connect to the endpoint URL: "https://dynamodb.ap-south-1.amazonaws.com/"
2025-01-24 07:46:17,685 - ERROR - General error: Could not connect to the endpoint URL: "https://dynamodb.ap-south-1.amazonaws.com/"
2025-01-24 07:48:23,358 - ERROR - General error: Could not connect to the endpoint URL: "https://dynamodb.ap-south-1.amazonaws.com/"
2025-01-24 07:50:29,040 - ERROR - General error: Could not connect to the endpoint URL: "https://dynamodb.ap-south-1.amazonaws.com/"
2025-01-24 07:52:34,723 - ERROR - General error: Could not connect to the endpoint URL: "https://dynamodb.ap-south-1.amazonaws.com/"
2025-01-24 07:54:40,412 - ERROR - General error: Could not connect to the endpoint URL: "https://dynamodb.ap-south-1.amazonaws.com/"
2025-01-24 07:56:46,093 - ERROR - General error: Could not connect to the endpoint URL: "https://dynamodb.ap-south-1.amazonaws.com/"
2025-01-24 07:58:51,783 - ERROR - General error: Could not connect to the endpoint URL: "https://dynamodb.ap-south-1.amazonaws.com/"
2025-01-24 08:00:57,445 - ERROR - General error: Could not connect to the endpoint URL: "https://dynamodb.ap-south-1.amazonaws.com/"
2025-01-24 08:03:03,124 - ERROR - General error: Could not connect to the endpoint URL: "https://dynamodb.ap-south-1.amazonaws.com/"
2025-01-24 08:05:08,784 - ERROR - General error: Could not connect to the endpoint URL: "https://dynamodb.ap-south-1.amazonaws.com/"
2025-01-24 08:07:14,452 - ERROR - General error: Could not connect to the endpoint URL: "https://dynamodb.ap-south-1.amazonaws.com/"
2025-01-24 08:09:20,132 - ERROR - General error: Could not connect to the endpoint URL: "https://dynamodb.ap-south-1.amazonaws.com/"
2025-01-24 08:11:25,808 - ERROR - General error: Could not connect to the endpoint URL: "https://dynamodb.ap-south-1.amazonaws.com/"
2025-01-24 08:13:31,500 - ERROR - General error: Could not connect to the endpoint URL: "https://dynamodb.ap-south-1.amazonaws.com/"
2025-01-24 08:15:37,164 - ERROR - General error: Could not connect to the endpoint URL: "https://dynamodb.ap-south-1.amazonaws.com/"
2025-01-24 08:17:42,844 - ERROR - General error: Could not connect to the endpoint URL: "https://dynamodb.ap-south-1.amazonaws.com/"
2025-01-24 08:19:48,532 - ERROR - General error: Could not connect to the endpoint URL: "https://dynamodb.ap-south-1.amazonaws.com/"
2025-01-24 08:21:54,210 - ERROR - General error: Could not connect to the endpoint URL: "https://dynamodb.ap-south-1.amazonaws.com/"
2025-01-24 08:23:59,900 - ERROR - General error: Could not connect to the endpoint URL: "https://dynamodb.ap-south-1.amazonaws.com/"
2025-01-24 08:26:05,586 - ERROR - General error: Could not connect to the endpoint URL: "https://dynamodb.ap-south-1.amazonaws.com/"
2025-01-24 08:28:11,260 - ERROR - General error: Could not connect to the endpoint URL: "https://dynamodb.ap-south-1.amazonaws.com/"
2025-01-24 08:30:16,941 - ERROR - General error: Could not connect to the endpoint URL: "https://dynamodb.ap-south-1.amazonaws.com/"
2025-01-24 08:32:22,624 - ERROR - General error: Could not connect to the endpoint URL: "https://dynamodb.ap-south-1.amazonaws.com/"
2025-01-24 08:34:28,311 - ERROR - General error: Could not connect to the endpoint URL: "https://dynamodb.ap-south-1.amazonaws.com/"
2025-01-24 08:36:33,984 - ERROR - General error: Could not connect to the endpoint URL: "https://dynamodb.ap-south-1.amazonaws.com/"
2025-01-24 08:38:39,669 - ERROR - General error: Could not connect to the endpoint URL: "https://dynamodb.ap-south-1.amazonaws.com/"
2025-01-24 08:40:45,356 - ERROR - General error: Could not connect to the endpoint URL: "https://dynamodb.ap-south-1.amazonaws.com/"
2025-01-24 08:42:51,016 - ERROR - General error: Could not connect to the endpoint URL: "https://dynamodb.ap-south-1.amazonaws.com/"
2025-01-24 08:44:56,700 - ERROR - General error: Could not connect to the endpoint URL: "https://dynamodb.ap-south-1.amazonaws.com/"
2025-01-24 08:47:02,368 - ERROR - General error: Could not connect to the endpoint URL: "https://dynamodb.ap-south-1.amazonaws.com/"
2025-01-24 08:49:08,040 - ERROR - General error: Could not connect to the endpoint URL: "https://dynamodb.ap-south-1.amazonaws.com/"
2025-01-24 08:51:13,717 - ERROR - General error: Could not connect to the endpoint URL: "https://dynamodb.ap-south-1.amazonaws.com/"
2025-01-24 08:53:19,408 - ERROR - General error: Could not connect to the endpoint URL: "https://dynamodb.ap-south-1.amazonaws.com/"
2025-01-24 08:55:25,092 - ERROR - General error: Could not connect to the endpoint URL: "https://dynamodb.ap-south-1.amazonaws.com/"
2025-01-24 08:57:30,784 - ERROR - General error: Could not connect to the endpoint URL: "https://dynamodb.ap-south-1.amazonaws.com/"
2025-01-24 08:59:36,466 - ERROR - General error: Could not connect to the endpoint URL: "https://dynamodb.ap-south-1.amazonaws.com/"
2025-01-24 09:01:42,156 - ERROR - General error: Could not connect to the endpoint URL: "https://dynamodb.ap-south-1.amazonaws.com/"
2025-01-24 09:03:47,838 - ERROR - General error: Could not connect to the endpoint URL: "https://dynamodb.ap-south-1.amazonaws.com/"
2025-01-24 09:05:53,509 - ERROR - General error: Could not connect to the endpoint URL: "https://dynamodb.ap-south-1.amazonaws.com/"
2025-01-24 09:07:59,185 - ERROR - General error: Could not connect to the endpoint URL: "https://dynamodb.ap-south-1.amazonaws.com/"
2025-01-24 09:10:04,878 - ERROR - General error: Could not connect to the endpoint URL: "https://dynamodb.ap-south-1.amazonaws.com/"
2025-01-24 09:12:10,552 - ERROR - General error: Could not connect to the endpoint URL: "https://dynamodb.ap-south-1.amazonaws.com/"
2025-01-24 09:14:16,212 - ERROR - General error: Could not connect to the endpoint URL: "https://dynamodb.ap-south-1.amazonaws.com/"
2025-01-24 09:16:21,896 - ERROR - General error: Could not connect to the endpoint URL: "https://dynamodb.ap-south-1.amazonaws.com/"
2025-01-24 09:18:27,578 - ERROR - General error: Could not connect to the endpoint URL: "https://dynamodb.ap-south-1.amazonaws.com/"
2025-01-24 09:20:33,261 - ERROR - General error: Could not connect to the endpoint URL: "https://dynamodb.ap-south-1.amazonaws.com/"
2025-01-24 09:22:38,944 - ERROR - General error: Could not connect to the endpoint URL: "https://dynamodb.ap-south-1.amazonaws.com/"
2025-01-24 09:24:44,624 - ERROR - General error: Could not connect to the endpoint URL: "https://dynamodb.ap-south-1.amazonaws.com/"
2025-01-24 09:26:50,301 - ERROR - General error: Could not connect to the endpoint URL: "https://dynamodb.ap-south-1.amazonaws.com/"
2025-01-24 09:28:56,014 - ERROR - General error: Could not connect to the endpoint URL: "https://dynamodb.ap-south-1.amazonaws.com/"
2025-01-24 09:31:01,705 - ERROR - General error: Could not connect to the endpoint URL: "https://dynamodb.ap-south-1.amazonaws.com/"
2025-01-24 09:33:07,389 - ERROR - General error: Could not connect to the endpoint URL: "https://dynamodb.ap-south-1.amazonaws.com/"
2025-01-24 09:35:05,663 - ERROR - General error: Could not connect to the endpoint URL: "https://dynamodb.ap-south-1.amazonaws.com/"
2025-01-24 09:36:02,335 - ERROR - General error: Could not connect to the endpoint URL: "https://dynamodb.ap-south-1.amazonaws.com/"
2025-01-24 09:37:00,699 - ERROR - General error: Could not connect to the endpoint URL: "https://dynamodb.ap-south-1.amazonaws.com/"
2025-01-25 18:07:48,884 - ERROR - General error: Could not connect to the endpoint URL: "https://dynamodb.ap-south-1.amazonaws.com/"
2025-01-25 18:09:54,609 - ERROR - General error: Could not connect to the endpoint URL: "https://dynamodb.ap-south-1.amazonaws.com/"
2025-01-25 18:12:00,288 - ERROR - General error: Could not connect to the endpoint URL: "https://dynamodb.ap-south-1.amazonaws.com/"
2025-01-25 18:14:05,972 - ERROR - General error: Could not connect to the endpoint URL: "https://dynamodb.ap-south-1.amazonaws.com/"
2025-01-25 18:16:11,654 - ERROR - General error: Could not connect to the endpoint URL: "https://dynamodb.ap-south-1.amazonaws.com/"
2025-01-25 18:18:17,344 - ERROR - General error: Could not connect to the endpoint URL: "https://dynamodb.ap-south-1.amazonaws.com/"
2025-01-25 18:20:23,032 - ERROR - General error: Could not connect to the endpoint URL: "https://dynamodb.ap-south-1.amazonaws.com/"
2025-01-25 18:22:28,726 - ERROR - General error: Could not connect to the endpoint URL: "https://dynamodb.ap-south-1.amazonaws.com/"
2025-01-25 18:24:34,405 - ERROR - General error: Could not connect to the endpoint URL: "https://dynamodb.ap-south-1.amazonaws.com/"
2025-01-25 18:26:40,072 - ERROR - General error: Could not connect to the endpoint URL: "https://dynamodb.ap-south-1.amazonaws.com/"
2025-01-25 18:28:45,761 - ERROR - General error: Could not connect to the endpoint URL: "https://dynamodb.ap-south-1.amazonaws.com/"
2025-01-25 18:30:51,441 - ERROR - General error: Could not connect to the endpoint URL: "https://dynamodb.ap-south-1.amazonaws.com/"
2025-01-25 18:32:57,128 - ERROR - General error: Could not connect to the endpoint URL: "https://dynamodb.ap-south-1.amazonaws.com/"
2025-01-25 18:35:02,813 - ERROR - General error: Could not connect to the endpoint URL: "https://dynamodb.ap-south-1.amazonaws.com/"
2025-01-25 18:37:08,492 - ERROR - General error: Could not connect to the endpoint URL: "https://dynamodb.ap-south-1.amazonaws.com/"
2025-01-25 18:39:14,181 - ERROR - General error: Could not connect to the endpoint URL: "https://dynamodb.ap-south-1.amazonaws.com/"
2025-01-25 18:41:19,860 - ERROR - General error: Could not connect to the endpoint URL: "https://dynamodb.ap-south-1.amazonaws.com/"
2025-01-25 18:43:25,544 - ERROR - General error: Could not connect to the endpoint URL: "https://dynamodb.ap-south-1.amazonaws.com/"
2025-01-25 18:45:31,230 - ERROR - General error: Could not connect to the endpoint URL: "https://dynamodb.ap-south-1.amazonaws.com/"
2025-01-25 18:47:36,921 - ERROR - General error: Could not connect to the endpoint URL: "https://dynamodb.ap-south-1.amazonaws.com/"
2025-01-25 18:49:42,600 - ERROR - General error: Could not connect to the endpoint URL: "https://dynamodb.ap-south-1.amazonaws.com/"
2025-01-25 18:51:48,285 - ERROR - General error: Could not connect to the endpoint URL: "https://dynamodb.ap-south-1.amazonaws.com/"
2025-01-25 18:53:53,972 - ERROR - General error: Could not connect to the endpoint URL: "https://dynamodb.ap-south-1.amazonaws.com/"
2025-01-25 18:55:59,672 - ERROR - General error: Could not connect to the endpoint URL: "https://dynamodb.ap-south-1.amazonaws.com/"
2025-01-25 18:58:05,356 - ERROR - General error: Could not connect to the endpoint URL: "https://dynamodb.ap-south-1.amazonaws.com/"
2025-01-25 19:00:11,040 - ERROR - General error: Could not connect to the endpoint URL: "https://dynamodb.ap-south-1.amazonaws.com/"
2025-01-25 19:02:16,725 - ERROR - General error: Could not connect to the endpoint URL: "https://dynamodb.ap-south-1.amazonaws.com/"
2025-01-25 19:04:22,409 - ERROR - General error: Could not connect to the endpoint URL: "https://dynamodb.ap-south-1.amazonaws.com/"
2025-01-25 19:06:28,104 - ERROR - General error: Could not connect to the endpoint URL: "https://dynamodb.ap-south-1.amazonaws.com/"
2025-01-25 19:08:33,789 - ERROR - General error: Could not connect to the endpoint URL: "https://dynamodb.ap-south-1.amazonaws.com/"
2025-01-25 19:10:39,477 - ERROR - General error: Could not connect to the endpoint URL: "https://dynamodb.ap-south-1.amazonaws.com/"
2025-01-25 19:12:45,161 - ERROR - General error: Could not connect to the endpoint URL: "https://dynamodb.ap-south-1.amazonaws.com/"
2025-01-25 19:14:50,844 - ERROR - General error: Could not connect to the endpoint URL: "https://dynamodb.ap-south-1.amazonaws.com/"
2025-01-25 19:16:56,528 - ERROR - General error: Could not connect to the endpoint URL: "https://dynamodb.ap-south-1.amazonaws.com/"
2025-01-25 19:19:02,216 - ERROR - General error: Could not connect to the endpoint URL: "https://dynamodb.ap-south-1.amazonaws.com/"
2025-01-25 19:21:07,897 - ERROR - General error: Could not connect to the endpoint URL: "https://dynamodb.ap-south-1.amazonaws.com/"
2025-01-25 19:23:13,583 - ERROR - General error: Could not connect to the endpoint URL: "https://dynamodb.ap-south-1.amazonaws.com/"
2025-01-25 19:25:19,269 - ERROR - General error: Could not connect to the endpoint URL: "https://dynamodb.ap-south-1.amazonaws.com/"
2025-01-25 19:27:24,953 - ERROR - General error: Could not connect to the endpoint URL: "https://dynamodb.ap-south-1.amazonaws.com/"
2025-01-25 19:29:30,640 - ERROR - General error: Could not connect to the endpoint URL: "https://dynamodb.ap-south-1.amazonaws.com/"
2025-01-25 19:31:36,325 - ERROR - General error: Could not connect to the endpoint URL: "https://dynamodb.ap-south-1.amazonaws.com/"
2025-01-25 19:33:42,004 - ERROR - General error: Could not connect to the endpoint URL: "https://dynamodb.ap-south-1.amazonaws.com/"
2025-01-25 19:35:47,697 - ERROR - General error: Could not connect to the endpoint URL: "https://dynamodb.ap-south-1.amazonaws.com/"
2025-01-25 19:37:53,381 - ERROR - General error: Could not connect to the endpoint URL: "https://dynamodb.ap-south-1.amazonaws.com/"
2025-01-25 19:39:59,072 - ERROR - General error: Could not connect to the endpoint URL: "https://dynamodb.ap-south-1.amazonaws.com/"
2025-01-25 19:42:04,752 - ERROR - General error: Could not connect to the endpoint URL: "https://dynamodb.ap-south-1.amazonaws.com/"
2025-01-25 19:44:10,432 - ERROR - General error: Could not connect to the endpoint URL: "https://dynamodb.ap-south-1.amazonaws.com/"
2025-01-25 19:46:16,116 - ERROR - General error: Could not connect to the endpoint URL: "https://dynamodb.ap-south-1.amazonaws.com/"
2025-01-25 19:48:21,812 - ERROR - General error: Could not connect to the endpoint URL: "https://dynamodb.ap-south-1.amazonaws.com/"
2025-01-25 19:50:27,505 - ERROR - General error: Could not connect to the endpoint URL: "https://dynamodb.ap-south-1.amazonaws.com/"
2025-01-25 19:52:33,193 - ERROR - General error: Could not connect to the endpoint URL: "https://dynamodb.ap-south-1.amazonaws.com/"
2025-01-25 19:54:38,864 - ERROR - General error: Could not connect to the endpoint URL: "https://dynamodb.ap-south-1.amazonaws.com/"
2025-01-25 19:56:44,560 - ERROR - General error: Could not connect to the endpoint URL: "https://dynamodb.ap-south-1.amazonaws.com/"
2025-01-25 19:58:50,252 - ERROR - General error: Could not connect to the endpoint URL: "https://dynamodb.ap-south-1.amazonaws.com/"
2025-01-25 20:00:55,936 - ERROR - General error: Could not connect to the endpoint URL: "https://dynamodb.ap-south-1.amazonaws.com/"
2025-01-25 20:03:01,628 - ERROR - General error: Could not connect to the endpoint URL: "https://dynamodb.ap-south-1.amazonaws.com/"
2025-01-25 20:05:07,320 - ERROR - General error: Could not connect to the endpoint URL: "https://dynamodb.ap-south-1.amazonaws.com/"
2025-01-25 20:07:13,013 - ERROR - General error: Could not connect to the endpoint URL: "https://dynamodb.ap-south-1.amazonaws.com/"
2025-01-25 20:09:18,700 - ERROR - General error: Could not connect to the endpoint URL: "https://dynamodb.ap-south-1.amazonaws.com/"
2025-01-25 20:11:24,388 - ERROR - General error: Could not connect to the endpoint URL: "https://dynamodb.ap-south-1.amazonaws.com/"
2025-01-25 20:13:30,076 - ERROR - General error: Could not connect to the endpoint URL: "https://dynamodb.ap-south-1.amazonaws.com/"
2025-01-25 20:15:35,770 - ERROR - General error: Could not connect to the endpoint URL: "https://dynamodb.ap-south-1.amazonaws.com/"
2025-01-25 20:17:41,460 - ERROR - General error: Could not connect to the endpoint URL: "https://dynamodb.ap-south-1.amazonaws.com/"
2025-01-25 20:19:47,148 - ERROR - General error: Could not connect to the endpoint URL: "https://dynamodb.ap-south-1.amazonaws.com/"
2025-01-25 20:21:52,825 - ERROR - General error: Could not connect to the endpoint URL: "https://dynamodb.ap-south-1.amazonaws.com/"
2025-01-25 20:23:58,513 - ERROR - General error: Could not connect to the endpoint URL: "https://dynamodb.ap-south-1.amazonaws.com/"
2025-01-25 20:26:04,192 - ERROR - General error: Could not connect to the endpoint URL: "https://dynamodb.ap-south-1.amazonaws.com/"
2025-01-25 20:28:09,880 - ERROR - General error: Could not connect to the endpoint URL: "https://dynamodb.ap-south-1.amazonaws.com/"
2025-01-25 20:30:15,560 - ERROR - General error: Could not connect to the endpoint URL: "https://dynamodb.ap-south-1.amazonaws.com/"
2025-01-25 20:32:21,244 - ERROR - General error: Could not connect to the endpoint URL: "https://dynamodb.ap-south-1.amazonaws.com/"
2025-01-25 20:34:26,928 - ERROR - General error: Could not connect to the endpoint URL: "https://dynamodb.ap-south-1.amazonaws.com/"
2025-01-25 20:36:32,632 - ERROR - General error: Could not connect to the endpoint URL: "https://dynamodb.ap-south-1.amazonaws.com/"
2025-01-25 20:38:38,317 - ERROR - General error: Could not connect to the endpoint URL: "https://dynamodb.ap-south-1.amazonaws.com/"
2025-01-25 20:40:44,007 - ERROR - General error: Could not connect to the endpoint URL: "https://dynamodb.ap-south-1.amazonaws.com/"
2025-01-25 20:42:41,755 - ERROR - General error: Could not connect to the endpoint URL: "https://dynamodb.ap-south-1.amazonaws.com/"
2025-01-25 20:43:33,983 - ERROR - General error: Could not connect to the endpoint URL: "https://dynamodb.ap-south-1.amazonaws.com/"
2025-01-25 20:44:26,207 - ERROR - General error: Could not connect to the endpoint URL: "https://dynamodb.ap-south-1.amazonaws.com/"
2025-01-27 12:54:10,150 - ERROR - General error: Could not connect to the endpoint URL: "https://dynamodb.ap-south-1.amazonaws.com/"
2025-01-27 12:56:15,836 - ERROR - General error: Could not connect to the endpoint URL: "https://dynamodb.ap-south-1.amazonaws.com/"
2025-01-27 12:58:21,524 - ERROR - General error: Could not connect to the endpoint URL: "https://dynamodb.ap-south-1.amazonaws.com/"
2025-01-27 12:59:47,199 - ERROR - General error: Could not connect to the endpoint URL: "https://dynamodb.ap-south-1.amazonaws.com/"
2025-01-27 18:53:47,049 - ERROR - General error: Could not connect to the endpoint URL: "https://dynamodb.ap-south-1.amazonaws.com/"
2025-01-27 18:55:52,721 - ERROR - General error: Could not connect to the endpoint URL: "https://dynamodb.ap-south-1.amazonaws.com/"
2025-01-27 18:57:58,399 - ERROR - General error: Could not connect to the endpoint URL: "https://dynamodb.ap-south-1.amazonaws.com/"
2025-01-27 19:00:04,076 - ERROR - General error: Could not connect to the endpoint URL: "https://dynamodb.ap-south-1.amazonaws.com/"
2025-01-27 19:02:09,764 - ERROR - General error: Could not connect to the endpoint URL: "https://dynamodb.ap-south-1.amazonaws.com/"
2025-01-27 19:04:15,441 - ERROR - General error: Could not connect to the endpoint URL: "https://dynamodb.ap-south-1.amazonaws.com/"
2025-01-27 19:06:21,112 - ERROR - General error: Could not connect to the endpoint URL: "https://dynamodb.ap-south-1.amazonaws.com/"
2025-01-27 19:08:26,780 - ERROR - General error: Could not connect to the endpoint URL: "https://dynamodb.ap-south-1.amazonaws.com/"
2025-01-27 19:10:32,464 - ERROR - General error: Could not connect to the endpoint URL: "https://dynamodb.ap-south-1.amazonaws.com/"
2025-01-27 19:12:38,144 - ERROR - General error: Could not connect to the endpoint URL: "https://dynamodb.ap-south-1.amazonaws.com/"
2025-01-27 19:14:43,818 - ERROR - General error: Could not connect to the endpoint URL: "https://dynamodb.ap-south-1.amazonaws.com/"
2025-01-27 19:16:49,484 - ERROR - General error: Could not connect to the endpoint URL: "https://dynamodb.ap-south-1.amazonaws.com/"
2025-01-27 19:18:55,173 - ERROR - General error: Could not connect to the endpoint URL: "https://dynamodb.ap-south-1.amazonaws.com/"
2025-01-27 19:21:00,854 - ERROR - General error: Could not connect to the endpoint URL: "https://dynamodb.ap-south-1.amazonaws.com/"
2025-01-27 19:23:06,532 - ERROR - General error: Could not connect to the endpoint URL: "https://dynamodb.ap-south-1.amazonaws.com/"
2025-01-27 19:25:12,192 - ERROR - General error: Could not connect to the endpoint URL: "https://dynamodb.ap-south-1.amazonaws.com/"
2025-01-27 19:27:17,876 - ERROR - General error: Could not connect to the endpoint URL: "https://dynamodb.ap-south-1.amazonaws.com/"
2025-01-27 19:29:23,532 - ERROR - General error: Could not connect to the endpoint URL: "https://dynamodb.ap-south-1.amazonaws.com/"
2025-01-27 19:31:29,201 - ERROR - General error: Could not connect to the endpoint URL: "https://dynamodb.ap-south-1.amazonaws.com/"
2025-01-27 19:33:34,872 - ERROR - General error: Could not connect to the endpoint URL: "https://dynamodb.ap-south-1.amazonaws.com/"
2025-01-27 19:35:40,553 - ERROR - General error: Could not connect to the endpoint URL: "https://dynamodb.ap-south-1.amazonaws.com/"
2025-01-27 19:37:46,229 - ERROR - General error: Could not connect to the endpoint URL: "https://dynamodb.ap-south-1.amazonaws.com/"
2025-01-27 19:39:51,916 - ERROR - General error: Could not connect to the endpoint URL: "https://dynamodb.ap-south-1.amazonaws.com/"
2025-01-27 19:41:57,597 - ERROR - General error: Could not connect to the endpoint URL: "https://dynamodb.ap-south-1.amazonaws.com/"
2025-01-27 19:44:03,266 - ERROR - General error: Could not connect to the endpoint URL: "https://dynamodb.ap-south-1.amazonaws.com/"
2025-01-27 19:46:08,940 - ERROR - General error: Could not connect to the endpoint URL: "https://dynamodb.ap-south-1.amazonaws.com/"
2025-01-27 19:48:14,620 - ERROR - General error: Could not connect to the endpoint URL: "https://dynamodb.ap-south-1.amazonaws.com/"
2025-01-27 19:50:20,285 - ERROR - General error: Could not connect to the endpoint URL: "https://dynamodb.ap-south-1.amazonaws.com/"
2025-01-27 19:52:25,957 - ERROR - General error: Could not connect to the endpoint URL: "https://dynamodb.ap-south-1.amazonaws.com/"
2025-01-27 19:54:31,632 - ERROR - General error: Could not connect to the endpoint URL: "https://dynamodb.ap-south-1.amazonaws.com/"
2025-01-27 19:56:37,300 - ERROR - General error: Could not connect to the endpoint URL: "https://dynamodb.ap-south-1.amazonaws.com/"
2025-01-27 19:58:42,972 - ERROR - General error: Could not connect to the endpoint URL: "https://dynamodb.ap-south-1.amazonaws.com/"
2025-01-27 20:00:48,644 - ERROR - General error: Could not connect to the endpoint URL: "https://dynamodb.ap-south-1.amazonaws.com/"
2025-01-27 20:02:54,317 - ERROR - General error: Could not connect to the endpoint URL: "https://dynamodb.ap-south-1.amazonaws.com/"
2025-01-27 20:05:00,008 - ERROR - General error: Could not connect to the endpoint URL: "https://dynamodb.ap-south-1.amazonaws.com/"
2025-01-27 20:07:05,688 - ERROR - General error: Could not connect to the endpoint URL: "https://dynamodb.ap-south-1.amazonaws.com/"
2025-01-27 20:09:11,364 - ERROR - General error: Could not connect to the endpoint URL: "https://dynamodb.ap-south-1.amazonaws.com/"
2025-01-27 20:11:17,036 - ERROR - General error: Could not connect to the endpoint URL: "https://dynamodb.ap-south-1.amazonaws.com/"
2025-01-27 20:13:22,712 - ERROR - General error: Could not connect to the endpoint URL: "https://dynamodb.ap-south-1.amazonaws.com/"
2025-01-27 20:15:28,392 - ERROR - General error: Could not connect to the endpoint URL: "https://dynamodb.ap-south-1.amazonaws.com/"
2025-01-27 20:17:34,064 - ERROR - General error: Could not connect to the endpoint URL: "https://dynamodb.ap-south-1.amazonaws.com/"
2025-01-27 20:19:39,744 - ERROR - General error: Could not connect to the endpoint URL: "https://dynamodb.ap-south-1.amazonaws.com/"
2025-01-27 20:21:45,412 - ERROR - General error: Could not connect to the endpoint URL: "https://dynamodb.ap-south-1.amazonaws.com/"
2025-01-27 20:23:51,084 - ERROR - General error: Could not connect to the endpoint URL: "https://dynamodb.ap-south-1.amazonaws.com/"
2025-01-27 20:25:56,756 - ERROR - General error: Could not connect to the endpoint URL: "https://dynamodb.ap-south-1.amazonaws.com/"
2025-01-27 20:28:02,436 - ERROR - General error: Could not connect to the endpoint URL: "https://dynamodb.ap-south-1.amazonaws.com/"
2025-01-27 20:30:08,108 - ERROR - General error: Could not connect to the endpoint URL: "https://dynamodb.ap-south-1.amazonaws.com/"
2025-01-27 20:32:13,784 - ERROR - General error: Could not connect to the endpoint URL: "https://dynamodb.ap-south-1.amazonaws.com/"
2025-01-27 20:34:19,456 - ERROR - General error: Could not connect to the endpoint URL: "https://dynamodb.ap-south-1.amazonaws.com/"
2025-01-27 20:36:25,129 - ERROR - General error: Could not connect to the endpoint URL: "https://dynamodb.ap-south-1.amazonaws.com/"
2025-01-27 20:38:30,801 - ERROR - General error: Could not connect to the endpoint URL: "https://dynamodb.ap-south-1.amazonaws.com/"
2025-01-27 20:40:36,473 - ERROR - General error: Could not connect to the endpoint URL: "https://dynamodb.ap-south-1.amazonaws.com/"
2025-01-27 20:42:42,145 - ERROR - General error: Could not connect to the endpoint URL: "https://dynamodb.ap-south-1.amazonaws.com/"
2025-01-27 20:44:47,812 - ERROR - General error: Could not connect to the endpoint URL: "https://dynamodb.ap-south-1.amazonaws.com/"
2025-01-27 20:46:53,481 - ERROR - General error: Could not connect to the endpoint URL: "https://dynamodb.ap-south-1.amazonaws.com/"
2025-01-27 20:48:59,165 - ERROR - General error: Could not connect to the endpoint URL: "https://dynamodb.ap-south-1.amazonaws.com/"
2025-01-27 20:51:04,836 - ERROR - General error: Could not connect to the endpoint URL: "https://dynamodb.ap-south-1.amazonaws.com/"
2025-01-27 20:53:10,524 - ERROR - General error: Could not connect to the endpoint URL: "https://dynamodb.ap-south-1.amazonaws.com/"
2025-01-27 20:55:16,204 - ERROR - General error: Could not connect to the endpoint URL: "https://dynamodb.ap-south-1.amazonaws.com/"
2025-01-27 20:57:21,880 - ERROR - General error: Could not connect to the endpoint URL: "https://dynamodb.ap-south-1.amazonaws.com/"
2025-01-27 20:59:27,558 - ERROR - General error: Could not connect to the endpoint URL: "https://dynamodb.ap-south-1.amazonaws.com/"
2025-01-27 21:01:33,227 - ERROR - General error: Could not connect to the endpoint URL: "https://dynamodb.ap-south-1.amazonaws.com/"
2025-01-27 21:03:38,901 - ERROR - General error: Could not connect to the endpoint URL: "https://dynamodb.ap-south-1.amazonaws.com/"
2025-01-27 21:05:44,592 - ERROR - General error: Could not connect to the endpoint URL: "https://dynamodb.ap-south-1.amazonaws.com/"
2025-01-27 21:07:50,272 - ERROR - General error: Could not connect to the endpoint URL: "https://dynamodb.ap-south-1.amazonaws.com/"
2025-01-27 21:09:55,932 - ERROR - General error: Could not connect to the endpoint URL: "https://dynamodb.ap-south-1.amazonaws.com/"
2025-01-27 21:12:01,596 - ERROR - General error: Could not connect to the endpoint URL: "https://dynamodb.ap-south-1.amazonaws.com/"
2025-01-27 21:14:07,271 - ERROR - General error: Could not connect to the endpoint URL: "https://dynamodb.ap-south-1.amazonaws.com/"
2025-01-27 21:16:12,948 - ERROR - General error: Could not connect to the endpoint URL: "https://dynamodb.ap-south-1.amazonaws.com/"
2025-01-27 21:18:18,632 - ERROR - General error: Could not connect to the endpoint URL: "https://dynamodb.ap-south-1.amazonaws.com/"
2025-01-27 21:20:24,296 - ERROR - General error: Could not connect to the endpoint URL: "https://dynamodb.ap-south-1.amazonaws.com/"
2025-01-27 21:22:29,968 - ERROR - General error: Could not connect to the endpoint URL: "https://dynamodb.ap-south-1.amazonaws.com/"
2025-01-27 21:24:35,644 - ERROR - General error: Could not connect to the endpoint URL: "https://dynamodb.ap-south-1.amazonaws.com/"
2025-01-27 21:26:41,304 - ERROR - General error: Could not connect to the endpoint URL: "https://dynamodb.ap-south-1.amazonaws.com/"
2025-01-27 21:28:46,972 - ERROR - General error: Could not connect to the endpoint URL: "https://dynamodb.ap-south-1.amazonaws.com/"
2025-01-27 21:30:52,651 - ERROR - General error: Could not connect to the endpoint URL: "https://dynamodb.ap-south-1.amazonaws.com/"
2025-01-27 21:32:58,328 - ERROR - General error: Could not connect to the endpoint URL: "https://dynamodb.ap-south-1.amazonaws.com/"
2025-01-27 21:35:04,012 - ERROR - General error: Could not connect to the endpoint URL: "https://dynamodb.ap-south-1.amazonaws.com/"
2025-01-27 21:37:09,681 - ERROR - General error: Could not connect to the endpoint URL: "https://dynamodb.ap-south-1.amazonaws.com/"
2025-01-27 21:39:15,350 - ERROR - General error: Could not connect to the endpoint URL: "https://dynamodb.ap-south-1.amazonaws.com/"
2025-01-27 21:41:21,021 - ERROR - General error: Could not connect to the endpoint URL: "https://dynamodb.ap-south-1.amazonaws.com/"
2025-01-28 07:15:27,428 - ERROR - General error: Could not connect to the endpoint URL: "https://dynamodb.ap-south-1.amazonaws.com/"
2025-01-28 07:17:33,104 - ERROR - General error: Could not connect to the endpoint URL: "https://dynamodb.ap-south-1.amazonaws.com/"
2025-01-28 07:19:38,777 - ERROR - General error: Could not connect to the endpoint URL: "https://dynamodb.ap-south-1.amazonaws.com/"
2025-01-28 07:21:44,469 - ERROR - General error: Could not connect to the endpoint URL: "https://dynamodb.ap-south-1.amazonaws.com/"
2025-01-28 07:23:50,146 - ERROR - General error: Could not connect to the endpoint URL: "https://dynamodb.ap-south-1.amazonaws.com/"
2025-01-28 07:25:55,837 - ERROR - General error: Could not connect to the endpoint URL: "https://dynamodb.ap-south-1.amazonaws.com/"
2025-01-28 07:28:01,516 - ERROR - General error: Could not connect to the endpoint URL: "https://dynamodb.ap-south-1.amazonaws.com/"
2025-01-28 07:30:07,193 - ERROR - General error: Could not connect to the endpoint URL: "https://dynamodb.ap-south-1.amazonaws.com/"
2025-01-28 07:32:12,881 - ERROR - General error: Could not connect to the endpoint URL: "https://dynamodb.ap-south-1.amazonaws.com/"
2025-01-28 07:34:18,556 - ERROR - General error: Could not connect to the endpoint URL: "https://dynamodb.ap-south-1.amazonaws.com/"
2025-01-28 07:36:24,229 - ERROR - General error: Could not connect to the endpoint URL: "https://dynamodb.ap-south-1.amazonaws.com/"
2025-01-28 07:38:29,901 - ERROR - General error: Could not connect to the endpoint URL: "https://dynamodb.ap-south-1.amazonaws.com/"
2025-01-28 07:40:35,576 - ERROR - General error: Could not connect to the endpoint URL: "https://dynamodb.ap-south-1.amazonaws.com/"
2025-01-28 07:41:30,427 - ERROR - General error: Could not connect to the endpoint URL: "https://dynamodb.ap-south-1.amazonaws.com/"
2025-01-28 07:42:21,535 - ERROR - General error: Could not connect to the endpoint URL: "https://dynamodb.ap-south-1.amazonaws.com/"
2025-01-28 07:43:14,555 - ERROR - General error: Could not connect to the endpoint URL: "https://dynamodb.ap-south-1.amazonaws.com/"
2025-01-28 11:29:48,569 - ERROR - General error: Could not connect to the endpoint URL: "https://dynamodb.ap-south-1.amazonaws.com/"
2025-01-28 11:31:54,244 - ERROR - General error: Could not connect to the endpoint URL: "https://dynamodb.ap-south-1.amazonaws.com/"
2025-01-28 11:33:59,932 - ERROR - General error: Could not connect to the endpoint URL: "https://dynamodb.ap-south-1.amazonaws.com/"
2025-01-28 11:36:05,608 - ERROR - General error: Could not connect to the endpoint URL: "https://dynamodb.ap-south-1.amazonaws.com/"
2025-01-28 11:38:11,288 - ERROR - General error: Could not connect to the endpoint URL: "https://dynamodb.ap-south-1.amazonaws.com/"
2025-01-28 11:40:16,961 - ERROR - General error: Could not connect to the endpoint URL: "https://dynamodb.ap-south-1.amazonaws.com/"
2025-01-28 11:42:22,636 - ERROR - General error: Could not connect to the endpoint URL: "https://dynamodb.ap-south-1.amazonaws.com/"
2025-01-28 11:44:28,312 - ERROR - General error: Could not connect to the endpoint URL: "https://dynamodb.ap-south-1.amazonaws.com/"
2025-01-28 11:46:34,000 - ERROR - General error: Could not connect to the endpoint URL: "https://dynamodb.ap-south-1.amazonaws.com/"
2025-01-28 11:48:39,680 - ERROR - General error: Could not connect to the endpoint URL: "https://dynamodb.ap-south-1.amazonaws.com/"
2025-01-28 11:50:45,369 - ERROR - General error: Could not connect to the endpoint URL: "https://dynamodb.ap-south-1.amazonaws.com/"
2025-01-28 11:52:51,060 - ERROR - General error: Could not connect to the endpoint URL: "https://dynamodb.ap-south-1.amazonaws.com/"
2025-01-28 11:54:56,755 - ERROR - General error: Could not connect to the endpoint URL: "https://dynamodb.ap-south-1.amazonaws.com/"
2025-01-28 11:57:02,433 - ERROR - General error: Could not connect to the endpoint URL: "https://dynamodb.ap-south-1.amazonaws.com/"
2025-02-03 20:25:49,557 - ERROR - General error: Could not connect to the endpoint URL: "https://dynamodb.ap-south-1.amazonaws.com/"
2025-02-03 20:27:55,232 - ERROR - General error: Could not connect to the endpoint URL: "https://dynamodb.ap-south-1.amazonaws.com/"
2025-02-03 20:30:00,913 - ERROR - General error: Could not connect to the endpoint URL: "https://dynamodb.ap-south-1.amazonaws.com/"
2025-02-03 20:32:06,606 - ERROR - General error: Could not connect to the endpoint URL: "https://dynamodb.ap-south-1.amazonaws.com/"
2025-02-03 20:34:12,292 - ERROR - General error: Could not connect to the endpoint URL: "https://dynamodb.ap-south-1.amazonaws.com/"
2025-02-03 20:36:17,973 - ERROR - General error: Could not connect to the endpoint URL: "https://dynamodb.ap-south-1.amazonaws.com/"
2025-02-03 20:38:23,664 - ERROR - General error: Could not connect to the endpoint URL: "https://dynamodb.ap-south-1.amazonaws.com/"
2025-02-03 20:40:29,348 - ERROR - General error: Could not connect to the endpoint URL: "https://dynamodb.ap-south-1.amazonaws.com/"
2025-02-03 20:42:35,044 - ERROR - General error: Could not connect to the endpoint URL: "https://dynamodb.ap-south-1.amazonaws.com/"
2025-02-03 20:44:40,727 - ERROR - General error: Could not connect to the endpoint URL: "https://dynamodb.ap-south-1.amazonaws.com/"
2025-02-03 20:46:46,417 - ERROR - General error: Could not connect to the endpoint URL: "https://dynamodb.ap-south-1.amazonaws.com/"
2025-02-03 20:48:52,108 - ERROR - General error: Could not connect to the endpoint URL: "https://dynamodb.ap-south-1.amazonaws.com/"
2025-02-03 20:50:57,800 - ERROR - General error: Could not connect to the endpoint URL: "https://dynamodb.ap-south-1.amazonaws.com/"
2025-02-03 20:53:03,484 - ERROR - General error: Could not connect to the endpoint URL: "https://dynamodb.ap-south-1.amazonaws.com/"
2025-02-03 20:55:09,168 - ERROR - General error: Could not connect to the endpoint URL: "https://dynamodb.ap-south-1.amazonaws.com/"
2025-02-03 20:57:14,845 - ERROR - General error: Could not connect to the endpoint URL: "https://dynamodb.ap-south-1.amazonaws.com/"
2025-02-03 20:59:20,534 - ERROR - General error: Could not connect to the endpoint URL: "https://dynamodb.ap-south-1.amazonaws.com/"
2025-02-03 21:01:26,220 - ERROR - General error: Could not connect to the endpoint URL: "https://dynamodb.ap-south-1.amazonaws.com/"
2025-02-03 21:03:31,912 - ERROR - General error: Could not connect to the endpoint URL: "https://dynamodb.ap-south-1.amazonaws.com/"
2025-02-03 21:05:37,600 - ERROR - General error: Could not connect to the endpoint URL: "https://dynamodb.ap-south-1.amazonaws.com/"
2025-02-03 21:07:43,292 - ERROR - General error: Could not connect to the endpoint URL: "https://dynamodb.ap-south-1.amazonaws.com/"
2025-02-03 21:09:48,988 - ERROR - General error: Could not connect to the endpoint URL: "https://dynamodb.ap-south-1.amazonaws.com/"
2025-02-03 21:11:54,676 - ERROR - General error: Could not connect to the endpoint URL: "https://dynamodb.ap-south-1.amazonaws.com/"
2025-02-03 21:14:00,357 - ERROR - General error: Could not connect to the endpoint URL: "https://dynamodb.ap-south-1.amazonaws.com/"
2025-02-03 21:16:06,045 - ERROR - General error: Could not connect to the endpoint URL: "https://dynamodb.ap-south-1.amazonaws.com/"
2025-02-03 21:18:11,730 - ERROR - General error: Could not connect to the endpoint URL: "https://dynamodb.ap-south-1.amazonaws.com/"
2025-02-03 21:20:17,412 - ERROR - General error: Could not connect to the endpoint URL: "https://dynamodb.ap-south-1.amazonaws.com/"
2025-02-03 21:22:23,093 - ERROR - General error: Could not connect to the endpoint URL: "https://dynamodb.ap-south-1.amazonaws.com/"
2025-02-03 21:24:28,777 - ERROR - General error: Could not connect to the endpoint URL: "https://dynamodb.ap-south-1.amazonaws.com/"
2025-02-03 21:26:34,481 - ERROR - General error: Could not connect to the endpoint URL: "https://dynamodb.ap-south-1.amazonaws.com/"
2025-02-03 21:28:40,160 - ERROR - General error: Could not connect to the endpoint URL: "https://dynamodb.ap-south-1.amazonaws.com/"
2025-02-03 21:30:45,840 - ERROR - General error: Could not connect to the endpoint URL: "https://dynamodb.ap-south-1.amazonaws.com/"
2025-02-03 21:32:51,521 - ERROR - General error: Could not connect to the endpoint URL: "https://dynamodb.ap-south-1.amazonaws.com/"
2025-02-03 21:34:57,205 - ERROR - General error: Could not connect to the endpoint URL: "https://dynamodb.ap-south-1.amazonaws.com/"
2025-02-03 21:37:02,876 - ERROR - General error: Could not connect to the endpoint URL: "https://dynamodb.ap-south-1.amazonaws.com/"
2025-02-03 21:39:08,540 - ERROR - General error: Could not connect to the endpoint URL: "https://dynamodb.ap-south-1.amazonaws.com/"
2025-02-03 21:41:14,228 - ERROR - General error: Could not connect to the endpoint URL: "https://dynamodb.ap-south-1.amazonaws.com/"
2025-02-03 21:43:19,905 - ERROR - General error: Could not connect to the endpoint URL: "https://dynamodb.ap-south-1.amazonaws.com/"
2025-02-03 21:45:25,592 - ERROR - General error: Could not connect to the endpoint URL: "https://dynamodb.ap-south-1.amazonaws.com/"
2025-02-03 21:47:31,285 - ERROR - General error: Could not connect to the endpoint URL: "https://dynamodb.ap-south-1.amazonaws.com/"
2025-02-03 21:49:36,968 - ERROR - General error: Could not connect to the endpoint URL: "https://dynamodb.ap-south-1.amazonaws.com/"
2025-02-03 21:51:42,656 - ERROR - General error: Could not connect to the endpoint URL: "https://dynamodb.ap-south-1.amazonaws.com/"
2025-02-04 11:17:42,538 - ERROR - Error in retry logic: SSL connection has been closed unexpectedly

2025-02-04 11:17:42,541 - ERROR - Error in PostgreSQL listener: connection already closed
2025-02-04 13:06:48,407 - ERROR - Error in retry logic: SSL connection has been closed unexpectedly

2025-02-04 13:06:48,407 - ERROR - Error in PostgreSQL listener: connection already closed
2025-02-10 08:22:19,368 - ERROR - General error: Could not connect to the endpoint URL: "https://dynamodb.ap-south-1.amazonaws.com/"
2025-02-10 08:24:25,240 - ERROR - General error: Could not connect to the endpoint URL: "https://dynamodb.ap-south-1.amazonaws.com/"
2025-02-10 08:26:31,001 - ERROR - General error: Could not connect to the endpoint URL: "https://dynamodb.ap-south-1.amazonaws.com/"
2025-02-10 08:28:17,266 - ERROR - General error: Could not connect to the endpoint URL: "https://dynamodb.ap-south-1.amazonaws.com/"
2025-02-10 08:29:09,490 - ERROR - General error: Could not connect to the endpoint URL: "https://dynamodb.ap-south-1.amazonaws.com/"
2025-02-10 08:30:01,714 - ERROR - General error: Could not connect to the endpoint URL: "https://dynamodb.ap-south-1.amazonaws.com/"
2025-02-11 08:43:26,002 - ERROR - General error: Could not connect to the endpoint URL: "https://dynamodb.ap-south-1.amazonaws.com/"
2025-02-11 08:45:31,732 - ERROR - General error: Could not connect to the endpoint URL: "https://dynamodb.ap-south-1.amazonaws.com/"
2025-02-11 08:47:37,528 - ERROR - General error: Could not connect to the endpoint URL: "https://dynamodb.ap-south-1.amazonaws.com/"
2025-02-11 08:49:43,299 - ERROR - General error: Could not connect to the endpoint URL: "https://dynamodb.ap-south-1.amazonaws.com/"
2025-02-11 08:51:49,068 - ERROR - General error: Could not connect to the endpoint URL: "https://dynamodb.ap-south-1.amazonaws.com/"
2025-02-11 08:52:47,638 - ERROR - General error: Could not connect to the endpoint URL: "https://dynamodb.ap-south-1.amazonaws.com/"
2025-02-11 08:53:40,468 - ERROR - General error: Could not connect to the endpoint URL: "https://dynamodb.ap-south-1.amazonaws.com/"
2025-02-11 08:54:33,298 - ERROR - General error: Could not connect to the endpoint URL: "https://dynamodb.ap-south-1.amazonaws.com/"
2025-02-11 08:55:25,522 - ERROR - General error: Could not connect to the endpoint URL: "https://dynamodb.ap-south-1.amazonaws.com/"
2025-02-12 09:11:39,863 - ERROR - General error: Could not connect to the endpoint URL: "https://dynamodb.ap-south-1.amazonaws.com/"
2025-02-12 09:13:45,618 - ERROR - General error: Could not connect to the endpoint URL: "https://dynamodb.ap-south-1.amazonaws.com/"
2025-02-12 09:15:51,391 - ERROR - General error: Could not connect to the endpoint URL: "https://dynamodb.ap-south-1.amazonaws.com/"
2025-02-12 09:17:57,142 - ERROR - General error: Could not connect to the endpoint URL: "https://dynamodb.ap-south-1.amazonaws.com/"
2025-02-12 09:20:02,885 - ERROR - General error: Could not connect to the endpoint URL: "https://dynamodb.ap-south-1.amazonaws.com/"
2025-02-12 09:22:08,644 - ERROR - General error: Could not connect to the endpoint URL: "https://dynamodb.ap-south-1.amazonaws.com/"
2025-02-12 09:24:14,380 - ERROR - General error: Could not connect to the endpoint URL: "https://dynamodb.ap-south-1.amazonaws.com/"
2025-02-12 09:26:20,121 - ERROR - General error: Could not connect to the endpoint URL: "https://dynamodb.ap-south-1.amazonaws.com/"
2025-02-12 09:28:25,849 - ERROR - General error: Could not connect to the endpoint URL: "https://dynamodb.ap-south-1.amazonaws.com/"
2025-02-12 09:30:31,579 - ERROR - General error: Could not connect to the endpoint URL: "https://dynamodb.ap-south-1.amazonaws.com/"
2025-02-12 09:32:37,328 - ERROR - General error: Could not connect to the endpoint URL: "https://dynamodb.ap-south-1.amazonaws.com/"
2025-02-12 09:34:43,071 - ERROR - General error: Could not connect to the endpoint URL: "https://dynamodb.ap-south-1.amazonaws.com/"
2025-02-12 09:36:48,784 - ERROR - General error: Could not connect to the endpoint URL: "https://dynamodb.ap-south-1.amazonaws.com/"
2025-02-12 09:38:54,512 - ERROR - General error: Could not connect to the endpoint URL: "https://dynamodb.ap-south-1.amazonaws.com/"
2025-02-13 02:37:43,936 - ERROR - General error: Could not connect to the endpoint URL: "https://dynamodb.ap-south-1.amazonaws.com/"
2025-02-13 02:39:49,704 - ERROR - General error: Could not connect to the endpoint URL: "https://dynamodb.ap-south-1.amazonaws.com/"
2025-02-13 02:41:55,508 - ERROR - General error: Could not connect to the endpoint URL: "https://dynamodb.ap-south-1.amazonaws.com/"
2025-02-13 02:44:01,264 - ERROR - General error: Could not connect to the endpoint URL: "https://dynamodb.ap-south-1.amazonaws.com/"
2025-02-13 02:46:07,043 - ERROR - General error: Could not connect to the endpoint URL: "https://dynamodb.ap-south-1.amazonaws.com/"
2025-02-13 02:48:12,792 - ERROR - General error: Could not connect to the endpoint URL: "https://dynamodb.ap-south-1.amazonaws.com/"
2025-02-13 02:50:18,592 - ERROR - General error: Could not connect to the endpoint URL: "https://dynamodb.ap-south-1.amazonaws.com/"
2025-02-13 02:52:24,328 - ERROR - General error: Could not connect to the endpoint URL: "https://dynamodb.ap-south-1.amazonaws.com/"
2025-02-13 02:54:30,076 - ERROR - General error: Could not connect to the endpoint URL: "https://dynamodb.ap-south-1.amazonaws.com/"
2025-02-13 02:56:35,900 - ERROR - General error: Could not connect to the endpoint URL: "https://dynamodb.ap-south-1.amazonaws.com/"
2025-02-13 02:58:41,647 - ERROR - General error: Could not connect to the endpoint URL: "https://dynamodb.ap-south-1.amazonaws.com/"
2025-02-13 03:00:47,393 - ERROR - General error: Could not connect to the endpoint URL: "https://dynamodb.ap-south-1.amazonaws.com/"
2025-02-13 03:02:53,235 - ERROR - General error: Could not connect to the endpoint URL: "https://dynamodb.ap-south-1.amazonaws.com/"
2025-02-13 03:04:58,988 - ERROR - General error: Could not connect to the endpoint URL: "https://dynamodb.ap-south-1.amazonaws.com/"
2025-02-13 03:07:04,846 - ERROR - General error: Could not connect to the endpoint URL: "https://dynamodb.ap-south-1.amazonaws.com/"
2025-02-13 03:09:10,622 - ERROR - General error: Could not connect to the endpoint URL: "https://dynamodb.ap-south-1.amazonaws.com/"
2025-02-13 03:11:16,353 - ERROR - General error: Could not connect to the endpoint URL: "https://dynamodb.ap-south-1.amazonaws.com/"
2025-02-13 03:13:22,137 - ERROR - General error: Could not connect to the endpoint URL: "https://dynamodb.ap-south-1.amazonaws.com/"
2025-02-13 03:15:27,885 - ERROR - General error: Could not connect to the endpoint URL: "https://dynamodb.ap-south-1.amazonaws.com/"
2025-02-13 03:17:33,643 - ERROR - General error: Could not connect to the endpoint URL: "https://dynamodb.ap-south-1.amazonaws.com/"
2025-02-13 03:19:39,408 - ERROR - General error: Could not connect to the endpoint URL: "https://dynamodb.ap-south-1.amazonaws.com/"
2025-02-13 03:21:45,149 - ERROR - General error: Could not connect to the endpoint URL: "https://dynamodb.ap-south-1.amazonaws.com/"
2025-02-13 03:23:50,925 - ERROR - General error: Could not connect to the endpoint URL: "https://dynamodb.ap-south-1.amazonaws.com/"
2025-02-13 03:25:56,701 - ERROR - General error: Could not connect to the endpoint URL: "https://dynamodb.ap-south-1.amazonaws.com/"
2025-02-13 03:28:02,488 - ERROR - General error: Could not connect to the endpoint URL: "https://dynamodb.ap-south-1.amazonaws.com/"
2025-02-13 03:30:08,323 - ERROR - General error: Could not connect to the endpoint URL: "https://dynamodb.ap-south-1.amazonaws.com/"
2025-02-13 03:32:14,147 - ERROR - General error: Could not connect to the endpoint URL: "https://dynamodb.ap-south-1.amazonaws.com/"
2025-02-13 03:34:19,998 - ERROR - General error: Could not connect to the endpoint URL: "https://dynamodb.ap-south-1.amazonaws.com/"
2025-02-13 03:36:25,942 - ERROR - General error: Could not connect to the endpoint URL: "https://dynamodb.ap-south-1.amazonaws.com/"
2025-02-13 03:38:31,733 - ERROR - General error: Could not connect to the endpoint URL: "https://dynamodb.ap-south-1.amazonaws.com/"
2025-02-13 03:40:37,686 - ERROR - General error: Could not connect to the endpoint URL: "https://dynamodb.ap-south-1.amazonaws.com/"
2025-02-13 03:42:43,582 - ERROR - General error: Could not connect to the endpoint URL: "https://dynamodb.ap-south-1.amazonaws.com/"
2025-02-13 03:44:49,379 - ERROR - General error: Could not connect to the endpoint URL: "https://dynamodb.ap-south-1.amazonaws.com/"
2025-02-13 03:46:55,132 - ERROR - General error: Could not connect to the endpoint URL: "https://dynamodb.ap-south-1.amazonaws.com/"
2025-02-13 03:49:00,864 - ERROR - General error: Could not connect to the endpoint URL: "https://dynamodb.ap-south-1.amazonaws.com/"
2025-02-13 03:51:06,583 - ERROR - General error: Could not connect to the endpoint URL: "https://dynamodb.ap-south-1.amazonaws.com/"
2025-02-13 03:53:12,362 - ERROR - General error: Could not connect to the endpoint URL: "https://dynamodb.ap-south-1.amazonaws.com/"
2025-02-13 03:55:18,119 - ERROR - General error: Could not connect to the endpoint URL: "https://dynamodb.ap-south-1.amazonaws.com/"
2025-02-13 03:57:23,901 - ERROR - General error: Could not connect to the endpoint URL: "https://dynamodb.ap-south-1.amazonaws.com/"
2025-02-13 03:59:29,623 - ERROR - General error: Could not connect to the endpoint URL: "https://dynamodb.ap-south-1.amazonaws.com/"
2025-02-13 04:01:35,395 - ERROR - General error: Could not connect to the endpoint URL: "https://dynamodb.ap-south-1.amazonaws.com/"
2025-02-13 04:03:41,148 - ERROR - General error: Could not connect to the endpoint URL: "https://dynamodb.ap-south-1.amazonaws.com/"
2025-02-13 04:05:46,921 - ERROR - General error: Could not connect to the endpoint URL: "https://dynamodb.ap-south-1.amazonaws.com/"
2025-02-13 04:07:52,740 - ERROR - General error: Could not connect to the endpoint URL: "https://dynamodb.ap-south-1.amazonaws.com/"
2025-02-13 04:09:58,579 - ERROR - General error: Could not connect to the endpoint URL: "https://dynamodb.ap-south-1.amazonaws.com/"
2025-02-13 04:12:04,335 - ERROR - General error: Could not connect to the endpoint URL: "https://dynamodb.ap-south-1.amazonaws.com/"
2025-02-13 04:14:10,094 - ERROR - General error: Could not connect to the endpoint URL: "https://dynamodb.ap-south-1.amazonaws.com/"
2025-02-13 04:16:15,836 - ERROR - General error: Could not connect to the endpoint URL: "https://dynamodb.ap-south-1.amazonaws.com/"
2025-02-13 04:18:21,622 - ERROR - General error: Could not connect to the endpoint URL: "https://dynamodb.ap-south-1.amazonaws.com/"
2025-02-13 04:20:27,396 - ERROR - General error: Could not connect to the endpoint URL: "https://dynamodb.ap-south-1.amazonaws.com/"
2025-02-13 04:22:33,232 - ERROR - General error: Could not connect to the endpoint URL: "https://dynamodb.ap-south-1.amazonaws.com/"
2025-02-13 04:24:38,987 - ERROR - General error: Could not connect to the endpoint URL: "https://dynamodb.ap-south-1.amazonaws.com/"
2025-02-13 04:26:44,712 - ERROR - General error: Could not connect to the endpoint URL: "https://dynamodb.ap-south-1.amazonaws.com/"
2025-02-13 04:28:50,440 - ERROR - General error: Could not connect to the endpoint URL: "https://dynamodb.ap-south-1.amazonaws.com/"
2025-02-13 04:30:56,224 - ERROR - General error: Could not connect to the endpoint URL: "https://dynamodb.ap-south-1.amazonaws.com/"
2025-02-13 04:33:01,959 - ERROR - General error: Could not connect to the endpoint URL: "https://dynamodb.ap-south-1.amazonaws.com/"
2025-02-13 04:35:07,715 - ERROR - General error: Could not connect to the endpoint URL: "https://dynamodb.ap-south-1.amazonaws.com/"
2025-02-13 04:37:13,485 - ERROR - General error: Could not connect to the endpoint URL: "https://dynamodb.ap-south-1.amazonaws.com/"
2025-02-13 04:39:19,246 - ERROR - General error: Could not connect to the endpoint URL: "https://dynamodb.ap-south-1.amazonaws.com/"
2025-02-13 04:41:25,018 - ERROR - General error: Could not connect to the endpoint URL: "https://dynamodb.ap-south-1.amazonaws.com/"
2025-02-13 04:43:30,821 - ERROR - General error: Could not connect to the endpoint URL: "https://dynamodb.ap-south-1.amazonaws.com/"
2025-02-13 04:45:36,599 - ERROR - General error: Could not connect to the endpoint URL: "https://dynamodb.ap-south-1.amazonaws.com/"
2025-02-13 04:47:42,341 - ERROR - General error: Could not connect to the endpoint URL: "https://dynamodb.ap-south-1.amazonaws.com/"
2025-02-13 04:49:48,108 - ERROR - General error: Could not connect to the endpoint URL: "https://dynamodb.ap-south-1.amazonaws.com/"
2025-02-13 04:51:53,918 - ERROR - General error: Could not connect to the endpoint URL: "https://dynamodb.ap-south-1.amazonaws.com/"
2025-02-13 04:53:59,681 - ERROR - General error: Could not connect to the endpoint URL: "https://dynamodb.ap-south-1.amazonaws.com/"
2025-02-13 04:56:05,411 - ERROR - General error: Could not connect to the endpoint URL: "https://dynamodb.ap-south-1.amazonaws.com/"
2025-02-13 04:58:11,156 - ERROR - General error: Could not connect to the endpoint URL: "https://dynamodb.ap-south-1.amazonaws.com/"
2025-02-13 05:00:16,885 - ERROR - General error: Could not connect to the endpoint URL: "https://dynamodb.ap-south-1.amazonaws.com/"
2025-02-13 05:02:22,671 - ERROR - General error: Could not connect to the endpoint URL: "https://dynamodb.ap-south-1.amazonaws.com/"
2025-02-13 05:04:28,427 - ERROR - General error: Could not connect to the endpoint URL: "https://dynamodb.ap-south-1.amazonaws.com/"
2025-02-13 05:06:34,162 - ERROR - General error: Could not connect to the endpoint URL: "https://dynamodb.ap-south-1.amazonaws.com/"
2025-02-13 05:08:39,904 - ERROR - General error: Could not connect to the endpoint URL: "https://dynamodb.ap-south-1.amazonaws.com/"
2025-02-13 05:10:45,644 - ERROR - General error: Could not connect to the endpoint URL: "https://dynamodb.ap-south-1.amazonaws.com/"
2025-02-13 05:12:51,372 - ERROR - General error: Could not connect to the endpoint URL: "https://dynamodb.ap-south-1.amazonaws.com/"
2025-02-13 05:14:57,111 - ERROR - General error: Could not connect to the endpoint URL: "https://dynamodb.ap-south-1.amazonaws.com/"
2025-02-13 05:17:02,859 - ERROR - General error: Could not connect to the endpoint URL: "https://dynamodb.ap-south-1.amazonaws.com/"
2025-02-13 05:19:08,599 - ERROR - General error: Could not connect to the endpoint URL: "https://dynamodb.ap-south-1.amazonaws.com/"
2025-02-13 05:21:14,340 - ERROR - General error: Could not connect to the endpoint URL: "https://dynamodb.ap-south-1.amazonaws.com/"
2025-02-13 05:23:20,124 - ERROR - General error: Could not connect to the endpoint URL: "https://dynamodb.ap-south-1.amazonaws.com/"
2025-02-13 05:25:25,891 - ERROR - General error: Could not connect to the endpoint URL: "https://dynamodb.ap-south-1.amazonaws.com/"
2025-02-13 05:27:31,653 - ERROR - General error: Could not connect to the endpoint URL: "https://dynamodb.ap-south-1.amazonaws.com/"
2025-02-13 05:29:37,449 - ERROR - General error: Could not connect to the endpoint URL: "https://dynamodb.ap-south-1.amazonaws.com/"
2025-02-13 05:31:43,172 - ERROR - General error: Could not connect to the endpoint URL: "https://dynamodb.ap-south-1.amazonaws.com/"
2025-02-13 05:33:49,008 - ERROR - General error: Could not connect to the endpoint URL: "https://dynamodb.ap-south-1.amazonaws.com/"
2025-02-13 05:35:54,768 - ERROR - General error: Could not connect to the endpoint URL: "https://dynamodb.ap-south-1.amazonaws.com/"
2025-02-13 05:38:00,607 - ERROR - General error: Could not connect to the endpoint URL: "https://dynamodb.ap-south-1.amazonaws.com/"
2025-02-13 05:40:06,378 - ERROR - General error: Could not connect to the endpoint URL: "https://dynamodb.ap-south-1.amazonaws.com/"
2025-02-13 05:42:12,132 - ERROR - General error: Could not connect to the endpoint URL: "https://dynamodb.ap-south-1.amazonaws.com/"
2025-02-13 05:44:18,065 - ERROR - General error: Could not connect to the endpoint URL: "https://dynamodb.ap-south-1.amazonaws.com/"
2025-02-13 05:46:23,837 - ERROR - General error: Could not connect to the endpoint URL: "https://dynamodb.ap-south-1.amazonaws.com/"
2025-02-13 05:48:29,667 - ERROR - General error: Could not connect to the endpoint URL: "https://dynamodb.ap-south-1.amazonaws.com/"
2025-02-13 05:50:35,535 - ERROR - General error: Could not connect to the endpoint URL: "https://dynamodb.ap-south-1.amazonaws.com/"
2025-02-13 05:52:41,362 - ERROR - General error: Could not connect to the endpoint URL: "https://dynamodb.ap-south-1.amazonaws.com/"
2025-02-13 05:54:47,189 - ERROR - General error: Could not connect to the endpoint URL: "https://dynamodb.ap-south-1.amazonaws.com/"
2025-02-13 05:56:53,038 - ERROR - General error: Could not connect to the endpoint URL: "https://dynamodb.ap-south-1.amazonaws.com/"
2025-02-13 05:58:58,923 - ERROR - General error: Could not connect to the endpoint URL: "https://dynamodb.ap-south-1.amazonaws.com/"
2025-02-13 06:01:04,754 - ERROR - General error: Could not connect to the endpoint URL: "https://dynamodb.ap-south-1.amazonaws.com/"
2025-02-13 06:03:10,700 - ERROR - General error: Could not connect to the endpoint URL: "https://dynamodb.ap-south-1.amazonaws.com/"
2025-02-13 06:05:16,513 - ERROR - General error: Could not connect to the endpoint URL: "https://dynamodb.ap-south-1.amazonaws.com/"
2025-02-13 06:07:22,356 - ERROR - General error: Could not connect to the endpoint URL: "https://dynamodb.ap-south-1.amazonaws.com/"
2025-02-13 06:09:28,211 - ERROR - General error: Could not connect to the endpoint URL: "https://dynamodb.ap-south-1.amazonaws.com/"
2025-02-13 06:11:34,103 - ERROR - General error: Could not connect to the endpoint URL: "https://dynamodb.ap-south-1.amazonaws.com/"
2025-02-13 06:13:39,885 - ERROR - General error: Could not connect to the endpoint URL: "https://dynamodb.ap-south-1.amazonaws.com/"
2025-02-13 06:15:45,669 - ERROR - General error: Could not connect to the endpoint URL: "https://dynamodb.ap-south-1.amazonaws.com/"
2025-02-13 06:17:51,408 - ERROR - General error: Could not connect to the endpoint URL: "https://dynamodb.ap-south-1.amazonaws.com/"
2025-02-13 06:19:57,252 - ERROR - General error: Could not connect to the endpoint URL: "https://dynamodb.ap-south-1.amazonaws.com/"
2025-02-13 06:22:02,999 - ERROR - General error: Could not connect to the endpoint URL: "https://dynamodb.ap-south-1.amazonaws.com/"
2025-02-13 06:24:08,744 - ERROR - General error: Could not connect to the endpoint URL: "https://dynamodb.ap-south-1.amazonaws.com/"
2025-02-13 06:26:14,480 - ERROR - General error: Could not connect to the endpoint URL: "https://dynamodb.ap-south-1.amazonaws.com/"
2025-02-13 06:28:20,371 - ERROR - General error: Could not connect to the endpoint URL: "https://dynamodb.ap-south-1.amazonaws.com/"
2025-02-13 06:30:26,128 - ERROR - General error: Could not connect to the endpoint URL: "https://dynamodb.ap-south-1.amazonaws.com/"
2025-02-13 06:32:31,942 - ERROR - General error: Could not connect to the endpoint URL: "https://dynamodb.ap-south-1.amazonaws.com/"
2025-02-13 06:34:37,672 - ERROR - General error: Could not connect to the endpoint URL: "https://dynamodb.ap-south-1.amazonaws.com/"
2025-02-13 06:36:43,427 - ERROR - General error: Could not connect to the endpoint URL: "https://dynamodb.ap-south-1.amazonaws.com/"
2025-02-13 06:38:49,163 - ERROR - General error: Could not connect to the endpoint URL: "https://dynamodb.ap-south-1.amazonaws.com/"
2025-02-13 06:40:54,941 - ERROR - General error: Could not connect to the endpoint URL: "https://dynamodb.ap-south-1.amazonaws.com/"
2025-02-13 06:43:00,784 - ERROR - General error: Could not connect to the endpoint URL: "https://dynamodb.ap-south-1.amazonaws.com/"
2025-02-13 06:45:06,555 - ERROR - General error: Could not connect to the endpoint URL: "https://dynamodb.ap-south-1.amazonaws.com/"
2025-02-13 06:47:12,307 - ERROR - General error: Could not connect to the endpoint URL: "https://dynamodb.ap-south-1.amazonaws.com/"
2025-02-13 06:49:18,154 - ERROR - General error: Could not connect to the endpoint URL: "https://dynamodb.ap-south-1.amazonaws.com/"
2025-02-13 06:51:23,965 - ERROR - General error: Could not connect to the endpoint URL: "https://dynamodb.ap-south-1.amazonaws.com/"
2025-02-13 06:53:29,736 - ERROR - General error: Could not connect to the endpoint URL: "https://dynamodb.ap-south-1.amazonaws.com/"
2025-02-13 06:55:35,475 - ERROR - General error: Could not connect to the endpoint URL: "https://dynamodb.ap-south-1.amazonaws.com/"
2025-02-13 06:57:41,237 - ERROR - General error: Could not connect to the endpoint URL: "https://dynamodb.ap-south-1.amazonaws.com/"
2025-02-13 06:59:47,027 - ERROR - General error: Could not connect to the endpoint URL: "https://dynamodb.ap-south-1.amazonaws.com/"
2025-02-13 07:01:52,779 - ERROR - General error: Could not connect to the endpoint URL: "https://dynamodb.ap-south-1.amazonaws.com/"
2025-02-13 07:03:58,572 - ERROR - General error: Could not connect to the endpoint URL: "https://dynamodb.ap-south-1.amazonaws.com/"
2025-02-13 07:06:04,361 - ERROR - General error: Could not connect to the endpoint URL: "https://dynamodb.ap-south-1.amazonaws.com/"
2025-02-13 07:08:10,128 - ERROR - General error: Could not connect to the endpoint URL: "https://dynamodb.ap-south-1.amazonaws.com/"
2025-02-13 07:10:15,928 - ERROR - General error: Could not connect to the endpoint URL: "https://dynamodb.ap-south-1.amazonaws.com/"
2025-02-13 07:12:21,760 - ERROR - General error: Could not connect to the endpoint URL: "https://dynamodb.ap-south-1.amazonaws.com/"
2025-02-13 07:14:27,603 - ERROR - General error: Could not connect to the endpoint URL: "https://dynamodb.ap-south-1.amazonaws.com/"
2025-02-13 07:16:33,344 - ERROR - General error: Could not connect to the endpoint URL: "https://dynamodb.ap-south-1.amazonaws.com/"
2025-02-13 07:18:39,121 - ERROR - General error: Could not connect to the endpoint URL: "https://dynamodb.ap-south-1.amazonaws.com/"
2025-02-13 07:20:44,842 - ERROR - General error: Could not connect to the endpoint URL: "https://dynamodb.ap-south-1.amazonaws.com/"
2025-02-13 07:22:50,685 - ERROR - General error: Could not connect to the endpoint URL: "https://dynamodb.ap-south-1.amazonaws.com/"
2025-02-13 07:24:56,412 - ERROR - General error: Could not connect to the endpoint URL: "https://dynamodb.ap-south-1.amazonaws.com/"
2025-02-13 07:27:02,271 - ERROR - General error: Could not connect to the endpoint URL: "https://dynamodb.ap-south-1.amazonaws.com/"
2025-02-13 07:29:08,069 - ERROR - General error: Could not connect to the endpoint URL: "https://dynamodb.ap-south-1.amazonaws.com/"
2025-02-13 07:31:13,826 - ERROR - General error: Could not connect to the endpoint URL: "https://dynamodb.ap-south-1.amazonaws.com/"
2025-02-13 07:33:19,595 - ERROR - General error: Could not connect to the endpoint URL: "https://dynamodb.ap-south-1.amazonaws.com/"
2025-02-13 07:35:25,352 - ERROR - General error: Could not connect to the endpoint URL: "https://dynamodb.ap-south-1.amazonaws.com/"
2025-02-13 07:37:31,184 - ERROR - General error: Could not connect to the endpoint URL: "https://dynamodb.ap-south-1.amazonaws.com/"
2025-02-13 07:39:36,920 - ERROR - General error: Could not connect to the endpoint URL: "https://dynamodb.ap-south-1.amazonaws.com/"
2025-02-13 07:41:42,732 - ERROR - General error: Could not connect to the endpoint URL: "https://dynamodb.ap-south-1.amazonaws.com/"
2025-02-13 07:43:48,526 - ERROR - General error: Could not connect to the endpoint URL: "https://dynamodb.ap-south-1.amazonaws.com/"
2025-02-13 07:45:54,293 - ERROR - General error: Could not connect to the endpoint URL: "https://dynamodb.ap-south-1.amazonaws.com/"
2025-02-13 07:48:00,164 - ERROR - General error: Could not connect to the endpoint URL: "https://dynamodb.ap-south-1.amazonaws.com/"
2025-02-13 07:50:05,942 - ERROR - General error: Could not connect to the endpoint URL: "https://dynamodb.ap-south-1.amazonaws.com/"
2025-02-13 07:52:11,697 - ERROR - General error: Could not connect to the endpoint URL: "https://dynamodb.ap-south-1.amazonaws.com/"
2025-02-13 07:54:17,541 - ERROR - General error: Could not connect to the endpoint URL: "https://dynamodb.ap-south-1.amazonaws.com/"
2025-02-13 07:56:23,292 - ERROR - General error: Could not connect to the endpoint URL: "https://dynamodb.ap-south-1.amazonaws.com/"
2025-02-13 07:58:29,040 - ERROR - General error: Could not connect to the endpoint URL: "https://dynamodb.ap-south-1.amazonaws.com/"
2025-02-13 08:00:34,773 - ERROR - General error: Could not connect to the endpoint URL: "https://dynamodb.ap-south-1.amazonaws.com/"
2025-02-13 08:02:40,523 - ERROR - General error: Could not connect to the endpoint URL: "https://dynamodb.ap-south-1.amazonaws.com/"
2025-02-13 08:04:46,298 - ERROR - General error: Could not connect to the endpoint URL: "https://dynamodb.ap-south-1.amazonaws.com/"
2025-02-13 08:06:52,165 - ERROR - General error: Could not connect to the endpoint URL: "https://dynamodb.ap-south-1.amazonaws.com/"
2025-02-13 08:08:57,968 - ERROR - General error: Could not connect to the endpoint URL: "https://dynamodb.ap-south-1.amazonaws.com/"
2025-02-13 08:11:03,794 - ERROR - General error: Could not connect to the endpoint URL: "https://dynamodb.ap-south-1.amazonaws.com/"
2025-02-13 08:13:09,582 - ERROR - General error: Could not connect to the endpoint URL: "https://dynamodb.ap-south-1.amazonaws.com/"
2025-02-13 08:15:15,359 - ERROR - General error: Could not connect to the endpoint URL: "https://dynamodb.ap-south-1.amazonaws.com/"
2025-02-13 08:17:21,129 - ERROR - General error: Could not connect to the endpoint URL: "https://dynamodb.ap-south-1.amazonaws.com/"
2025-02-13 08:19:26,909 - ERROR - General error: Could not connect to the endpoint URL: "https://dynamodb.ap-south-1.amazonaws.com/"
2025-02-13 08:21:32,663 - ERROR - General error: Could not connect to the endpoint URL: "https://dynamodb.ap-south-1.amazonaws.com/"
2025-02-13 08:23:38,490 - ERROR - General error: Could not connect to the endpoint URL: "https://dynamodb.ap-south-1.amazonaws.com/"
2025-02-13 08:25:44,362 - ERROR - General error: Could not connect to the endpoint URL: "https://dynamodb.ap-south-1.amazonaws.com/"
2025-02-13 08:27:50,201 - ERROR - General error: Could not connect to the endpoint URL: "https://dynamodb.ap-south-1.amazonaws.com/"
2025-02-13 08:29:55,985 - ERROR - General error: Could not connect to the endpoint URL: "https://dynamodb.ap-south-1.amazonaws.com/"
2025-02-13 08:32:01,846 - ERROR - General error: Could not connect to the endpoint URL: "https://dynamodb.ap-south-1.amazonaws.com/"
2025-02-13 08:34:07,720 - ERROR - General error: Could not connect to the endpoint URL: "https://dynamodb.ap-south-1.amazonaws.com/"
2025-02-13 08:36:13,563 - ERROR - General error: Could not connect to the endpoint URL: "https://dynamodb.ap-south-1.amazonaws.com/"
2025-02-13 08:38:19,362 - ERROR - General error: Could not connect to the endpoint URL: "https://dynamodb.ap-south-1.amazonaws.com/"
2025-02-13 08:40:25,239 - ERROR - General error: Could not connect to the endpoint URL: "https://dynamodb.ap-south-1.amazonaws.com/"
2025-02-13 08:42:31,119 - ERROR - General error: Could not connect to the endpoint URL: "https://dynamodb.ap-south-1.amazonaws.com/"
2025-02-13 08:44:36,988 - ERROR - General error: Could not connect to the endpoint URL: "https://dynamodb.ap-south-1.amazonaws.com/"
2025-02-13 08:46:42,868 - ERROR - General error: Could not connect to the endpoint URL: "https://dynamodb.ap-south-1.amazonaws.com/"
2025-02-13 08:48:48,766 - ERROR - General error: Could not connect to the endpoint URL: "https://dynamodb.ap-south-1.amazonaws.com/"
2025-02-13 08:50:54,752 - ERROR - General error: Could not connect to the endpoint URL: "https://dynamodb.ap-south-1.amazonaws.com/"
2025-02-13 08:53:00,666 - ERROR - General error: Could not connect to the endpoint URL: "https://dynamodb.ap-south-1.amazonaws.com/"
2025-02-13 08:55:06,623 - ERROR - General error: Could not connect to the endpoint URL: "https://dynamodb.ap-south-1.amazonaws.com/"
2025-02-13 08:57:12,575 - ERROR - General error: Could not connect to the endpoint URL: "https://dynamodb.ap-south-1.amazonaws.com/"
2025-02-13 08:59:18,487 - ERROR - General error: Could not connect to the endpoint URL: "https://dynamodb.ap-south-1.amazonaws.com/"
2025-02-13 09:01:24,499 - ERROR - General error: Could not connect to the endpoint URL: "https://dynamodb.ap-south-1.amazonaws.com/"
2025-02-13 09:03:30,417 - ERROR - General error: Could not connect to the endpoint URL: "https://dynamodb.ap-south-1.amazonaws.com/"
2025-02-13 09:05:36,441 - ERROR - General error: Could not connect to the endpoint URL: "https://dynamodb.ap-south-1.amazonaws.com/"
2025-02-13 09:07:42,442 - ERROR - General error: Could not connect to the endpoint URL: "https://dynamodb.ap-south-1.amazonaws.com/"
2025-02-13 09:09:48,321 - ERROR - General error: Could not connect to the endpoint URL: "https://dynamodb.ap-south-1.amazonaws.com/"
2025-02-13 09:11:54,224 - ERROR - General error: Could not connect to the endpoint URL: "https://dynamodb.ap-south-1.amazonaws.com/"
2025-02-13 09:14:00,065 - ERROR - General error: Could not connect to the endpoint URL: "https://dynamodb.ap-south-1.amazonaws.com/"
2025-02-13 09:16:05,810 - ERROR - General error: Could not connect to the endpoint URL: "https://dynamodb.ap-south-1.amazonaws.com/"
2025-02-13 09:18:11,574 - ERROR - General error: Could not connect to the endpoint URL: "https://dynamodb.ap-south-1.amazonaws.com/"
2025-02-13 09:20:17,315 - ERROR - General error: Could not connect to the endpoint URL: "https://dynamodb.ap-south-1.amazonaws.com/"
2025-02-13 09:22:23,097 - ERROR - General error: Could not connect to the endpoint URL: "https://dynamodb.ap-south-1.amazonaws.com/"
2025-02-13 09:24:28,856 - ERROR - General error: Could not connect to the endpoint URL: "https://dynamodb.ap-south-1.amazonaws.com/"
2025-02-13 09:26:34,608 - ERROR - General error: Could not connect to the endpoint URL: "https://dynamodb.ap-south-1.amazonaws.com/"
2025-02-13 09:28:40,412 - ERROR - General error: Could not connect to the endpoint URL: "https://dynamodb.ap-south-1.amazonaws.com/"
2025-02-13 09:30:46,165 - ERROR - General error: Could not connect to the endpoint URL: "https://dynamodb.ap-south-1.amazonaws.com/"
2025-02-13 09:32:51,963 - ERROR - General error: Could not connect to the endpoint URL: "https://dynamodb.ap-south-1.amazonaws.com/"
2025-02-13 09:34:57,699 - ERROR - General error: Could not connect to the endpoint URL: "https://dynamodb.ap-south-1.amazonaws.com/"
2025-02-13 09:37:03,427 - ERROR - General error: Could not connect to the endpoint URL: "https://dynamodb.ap-south-1.amazonaws.com/"
2025-02-13 09:39:09,256 - ERROR - General error: Could not connect to the endpoint URL: "https://dynamodb.ap-south-1.amazonaws.com/"
2025-02-13 09:41:14,980 - ERROR - General error: Could not connect to the endpoint URL: "https://dynamodb.ap-south-1.amazonaws.com/"
2025-02-13 09:43:20,740 - ERROR - General error: Could not connect to the endpoint URL: "https://dynamodb.ap-south-1.amazonaws.com/"
2025-02-13 09:45:26,539 - ERROR - General error: Could not connect to the endpoint URL: "https://dynamodb.ap-south-1.amazonaws.com/"
2025-02-13 09:47:32,279 - ERROR - General error: Could not connect to the endpoint URL: "https://dynamodb.ap-south-1.amazonaws.com/"
2025-02-13 09:49:38,101 - ERROR - General error: Could not connect to the endpoint URL: "https://dynamodb.ap-south-1.amazonaws.com/"
2025-02-13 09:51:43,828 - ERROR - General error: Could not connect to the endpoint URL: "https://dynamodb.ap-south-1.amazonaws.com/"
2025-02-13 09:53:49,588 - ERROR - General error: Could not connect to the endpoint URL: "https://dynamodb.ap-south-1.amazonaws.com/"
2025-02-13 09:55:55,357 - ERROR - General error: Could not connect to the endpoint URL: "https://dynamodb.ap-south-1.amazonaws.com/"
2025-02-13 09:58:01,088 - ERROR - General error: Could not connect to the endpoint URL: "https://dynamodb.ap-south-1.amazonaws.com/"
2025-02-13 10:00:06,851 - ERROR - General error: Could not connect to the endpoint URL: "https://dynamodb.ap-south-1.amazonaws.com/"
2025-02-13 10:02:12,606 - ERROR - General error: Could not connect to the endpoint URL: "https://dynamodb.ap-south-1.amazonaws.com/"
2025-02-13 10:04:18,336 - ERROR - General error: Could not connect to the endpoint URL: "https://dynamodb.ap-south-1.amazonaws.com/"
2025-02-13 10:06:24,055 - ERROR - General error: Could not connect to the endpoint URL: "https://dynamodb.ap-south-1.amazonaws.com/"
2025-02-13 10:08:29,916 - ERROR - General error: Could not connect to the endpoint URL: "https://dynamodb.ap-south-1.amazonaws.com/"
2025-02-13 10:10:35,636 - ERROR - General error: Could not connect to the endpoint URL: "https://dynamodb.ap-south-1.amazonaws.com/"
2025-02-13 10:12:41,412 - ERROR - General error: Could not connect to the endpoint URL: "https://dynamodb.ap-south-1.amazonaws.com/"
2025-02-13 10:14:47,212 - ERROR - General error: Could not connect to the endpoint URL: "https://dynamodb.ap-south-1.amazonaws.com/"
2025-02-13 10:16:52,966 - ERROR - General error: Could not connect to the endpoint URL: "https://dynamodb.ap-south-1.amazonaws.com/"
2025-02-13 10:18:58,708 - ERROR - General error: Could not connect to the endpoint URL: "https://dynamodb.ap-south-1.amazonaws.com/"
2025-02-13 10:21:04,447 - ERROR - General error: Could not connect to the endpoint URL: "https://dynamodb.ap-south-1.amazonaws.com/"
2025-02-13 10:23:10,199 - ERROR - General error: Could not connect to the endpoint URL: "https://dynamodb.ap-south-1.amazonaws.com/"
2025-02-13 10:25:15,944 - ERROR - General error: Could not connect to the endpoint URL: "https://dynamodb.ap-south-1.amazonaws.com/"
2025-02-13 10:27:21,752 - ERROR - General error: Could not connect to the endpoint URL: "https://dynamodb.ap-south-1.amazonaws.com/"
2025-02-13 10:29:27,552 - ERROR - General error: Could not connect to the endpoint URL: "https://dynamodb.ap-south-1.amazonaws.com/"
2025-02-13 10:31:33,273 - ERROR - General error: Could not connect to the endpoint URL: "https://dynamodb.ap-south-1.amazonaws.com/"
2025-02-13 10:33:39,020 - ERROR - General error: Could not connect to the endpoint URL: "https://dynamodb.ap-south-1.amazonaws.com/"
2025-02-13 10:35:44,768 - ERROR - General error: Could not connect to the endpoint URL: "https://dynamodb.ap-south-1.amazonaws.com/"
2025-02-13 10:37:50,489 - ERROR - General error: Could not connect to the endpoint URL: "https://dynamodb.ap-south-1.amazonaws.com/"
2025-02-13 10:39:56,212 - ERROR - General error: Could not connect to the endpoint URL: "https://dynamodb.ap-south-1.amazonaws.com/"
2025-02-13 10:42:01,956 - ERROR - General error: Could not connect to the endpoint URL: "https://dynamodb.ap-south-1.amazonaws.com/"
2025-02-13 10:44:07,738 - ERROR - General error: Could not connect to the endpoint URL: "https://dynamodb.ap-south-1.amazonaws.com/"
2025-02-13 10:46:13,466 - ERROR - General error: Could not connect to the endpoint URL: "https://dynamodb.ap-south-1.amazonaws.com/"
2025-02-13 10:48:19,214 - ERROR - General error: Could not connect to the endpoint URL: "https://dynamodb.ap-south-1.amazonaws.com/"
2025-02-13 10:50:25,029 - ERROR - General error: Could not connect to the endpoint URL: "https://dynamodb.ap-south-1.amazonaws.com/"
2025-02-13 10:52:30,824 - ERROR - General error: Could not connect to the endpoint URL: "https://dynamodb.ap-south-1.amazonaws.com/"
2025-02-13 10:54:36,578 - ERROR - General error: Could not connect to the endpoint URL: "https://dynamodb.ap-south-1.amazonaws.com/"
2025-02-13 10:56:42,332 - ERROR - General error: Could not connect to the endpoint URL: "https://dynamodb.ap-south-1.amazonaws.com/"
2025-02-13 10:58:48,084 - ERROR - General error: Could not connect to the endpoint URL: "https://dynamodb.ap-south-1.amazonaws.com/"
2025-02-13 11:00:53,960 - ERROR - General error: Could not connect to the endpoint URL: "https://dynamodb.ap-south-1.amazonaws.com/"
2025-02-13 11:02:59,729 - ERROR - General error: Could not connect to the endpoint URL: "https://dynamodb.ap-south-1.amazonaws.com/"
2025-02-13 11:05:05,504 - ERROR - General error: Could not connect to the endpoint URL: "https://dynamodb.ap-south-1.amazonaws.com/"
2025-02-13 11:07:11,400 - ERROR - General error: Could not connect to the endpoint URL: "https://dynamodb.ap-south-1.amazonaws.com/"
2025-02-13 11:09:17,165 - ERROR - General error: Could not connect to the endpoint URL: "https://dynamodb.ap-south-1.amazonaws.com/"
2025-02-13 11:11:22,917 - ERROR - General error: Could not connect to the endpoint URL: "https://dynamodb.ap-south-1.amazonaws.com/"
2025-02-13 11:13:28,717 - ERROR - General error: Could not connect to the endpoint URL: "https://dynamodb.ap-south-1.amazonaws.com/"
2025-02-13 11:15:34,473 - ERROR - General error: Could not connect to the endpoint URL: "https://dynamodb.ap-south-1.amazonaws.com/"
2025-02-13 11:17:40,236 - ERROR - General error: Could not connect to the endpoint URL: "https://dynamodb.ap-south-1.amazonaws.com/"
2025-02-13 11:19:46,002 - ERROR - General error: Could not connect to the endpoint URL: "https://dynamodb.ap-south-1.amazonaws.com/"
2025-02-13 11:21:51,767 - ERROR - General error: Could not connect to the endpoint URL: "https://dynamodb.ap-south-1.amazonaws.com/"
2025-02-13 11:23:57,525 - ERROR - General error: Could not connect to the endpoint URL: "https://dynamodb.ap-south-1.amazonaws.com/"
2025-02-13 11:26:03,295 - ERROR - General error: Could not connect to the endpoint URL: "https://dynamodb.ap-south-1.amazonaws.com/"
2025-02-13 11:28:09,074 - ERROR - General error: Could not connect to the endpoint URL: "https://dynamodb.ap-south-1.amazonaws.com/"
2025-02-13 11:30:14,919 - ERROR - General error: Could not connect to the endpoint URL: "https://dynamodb.ap-south-1.amazonaws.com/"
2025-02-13 11:32:20,752 - ERROR - General error: Could not connect to the endpoint URL: "https://dynamodb.ap-south-1.amazonaws.com/"
2025-02-13 11:34:26,666 - ERROR - General error: Could not connect to the endpoint URL: "https://dynamodb.ap-south-1.amazonaws.com/"
2025-02-13 11:36:32,530 - ERROR - General error: Could not connect to the endpoint URL: "https://dynamodb.ap-south-1.amazonaws.com/"
2025-02-13 11:38:38,491 - ERROR - General error: Could not connect to the endpoint URL: "https://dynamodb.ap-south-1.amazonaws.com/"
2025-02-13 11:40:44,346 - ERROR - General error: Could not connect to the endpoint URL: "https://dynamodb.ap-south-1.amazonaws.com/"
2025-02-13 11:42:50,279 - ERROR - General error: Could not connect to the endpoint URL: "https://dynamodb.ap-south-1.amazonaws.com/"
2025-02-13 11:44:56,107 - ERROR - General error: Could not connect to the endpoint URL: "https://dynamodb.ap-south-1.amazonaws.com/"
2025-02-13 11:47:01,971 - ERROR - General error: Could not connect to the endpoint URL: "https://dynamodb.ap-south-1.amazonaws.com/"
2025-02-13 11:49:07,890 - ERROR - General error: Could not connect to the endpoint URL: "https://dynamodb.ap-south-1.amazonaws.com/"
2025-02-13 11:51:13,817 - ERROR - General error: Could not connect to the endpoint URL: "https://dynamodb.ap-south-1.amazonaws.com/"
2025-02-13 11:53:19,757 - ERROR - General error: Could not connect to the endpoint URL: "https://dynamodb.ap-south-1.amazonaws.com/"
2025-02-13 11:55:25,689 - ERROR - General error: Could not connect to the endpoint URL: "https://dynamodb.ap-south-1.amazonaws.com/"
2025-02-13 11:57:31,547 - ERROR - General error: Could not connect to the endpoint URL: "https://dynamodb.ap-south-1.amazonaws.com/"
2025-02-13 11:59:37,382 - ERROR - General error: Could not connect to the endpoint URL: "https://dynamodb.ap-south-1.amazonaws.com/"
2025-02-13 12:01:43,220 - ERROR - General error: Could not connect to the endpoint URL: "https://dynamodb.ap-south-1.amazonaws.com/"
2025-02-13 12:03:49,124 - ERROR - General error: Could not connect to the endpoint URL: "https://dynamodb.ap-south-1.amazonaws.com/"
2025-02-13 12:05:54,959 - ERROR - General error: Could not connect to the endpoint URL: "https://dynamodb.ap-south-1.amazonaws.com/"
2025-02-13 12:08:00,814 - ERROR - General error: Could not connect to the endpoint URL: "https://dynamodb.ap-south-1.amazonaws.com/"
2025-02-13 12:10:06,690 - ERROR - General error: Could not connect to the endpoint URL: "https://dynamodb.ap-south-1.amazonaws.com/"
2025-02-13 12:12:12,546 - ERROR - General error: Could not connect to the endpoint URL: "https://dynamodb.ap-south-1.amazonaws.com/"
2025-02-13 12:14:18,358 - ERROR - General error: Could not connect to the endpoint URL: "https://dynamodb.ap-south-1.amazonaws.com/"
2025-02-13 12:16:24,354 - ERROR - General error: Could not connect to the endpoint URL: "https://dynamodb.ap-south-1.amazonaws.com/"
2025-02-13 12:18:30,268 - ERROR - General error: Could not connect to the endpoint URL: "https://dynamodb.ap-south-1.amazonaws.com/"
2025-02-13 12:20:36,187 - ERROR - General error: Could not connect to the endpoint URL: "https://dynamodb.ap-south-1.amazonaws.com/"
2025-02-13 12:22:42,202 - ERROR - General error: Could not connect to the endpoint URL: "https://dynamodb.ap-south-1.amazonaws.com/"
2025-02-13 12:24:48,210 - ERROR - General error: Could not connect to the endpoint URL: "https://dynamodb.ap-south-1.amazonaws.com/"
2025-02-13 12:26:54,147 - ERROR - General error: Could not connect to the endpoint URL: "https://dynamodb.ap-south-1.amazonaws.com/"
2025-02-13 12:29:00,039 - ERROR - General error: Could not connect to the endpoint URL: "https://dynamodb.ap-south-1.amazonaws.com/"
2025-02-13 12:31:05,947 - ERROR - General error: Could not connect to the endpoint URL: "https://dynamodb.ap-south-1.amazonaws.com/"
2025-02-13 12:33:11,923 - ERROR - General error: Could not connect to the endpoint URL: "https://dynamodb.ap-south-1.amazonaws.com/"
2025-02-13 12:35:17,676 - ERROR - General error: Could not connect to the endpoint URL: "https://dynamodb.ap-south-1.amazonaws.com/"
2025-02-13 12:37:23,427 - ERROR - General error: Could not connect to the endpoint URL: "https://dynamodb.ap-south-1.amazonaws.com/"
2025-02-13 12:39:29,172 - ERROR - General error: Could not connect to the endpoint URL: "https://dynamodb.ap-south-1.amazonaws.com/"
2025-02-13 12:41:34,899 - ERROR - General error: Could not connect to the endpoint URL: "https://dynamodb.ap-south-1.amazonaws.com/"
2025-02-13 12:43:40,652 - ERROR - General error: Could not connect to the endpoint URL: "https://dynamodb.ap-south-1.amazonaws.com/"
2025-02-13 12:45:46,412 - ERROR - General error: Could not connect to the endpoint URL: "https://dynamodb.ap-south-1.amazonaws.com/"
2025-02-13 12:47:52,184 - ERROR - General error: Could not connect to the endpoint URL: "https://dynamodb.ap-south-1.amazonaws.com/"
2025-02-13 12:49:57,957 - ERROR - General error: Could not connect to the endpoint URL: "https://dynamodb.ap-south-1.amazonaws.com/"
2025-02-13 12:52:03,720 - ERROR - General error: Could not connect to the endpoint URL: "https://dynamodb.ap-south-1.amazonaws.com/"
2025-02-13 12:54:09,523 - ERROR - General error: Could not connect to the endpoint URL: "https://dynamodb.ap-south-1.amazonaws.com/"
2025-02-13 12:56:15,250 - ERROR - General error: Could not connect to the endpoint URL: "https://dynamodb.ap-south-1.amazonaws.com/"
2025-02-13 12:58:20,979 - ERROR - General error: Could not connect to the endpoint URL: "https://dynamodb.ap-south-1.amazonaws.com/"
2025-02-13 13:00:26,799 - ERROR - General error: Could not connect to the endpoint URL: "https://dynamodb.ap-south-1.amazonaws.com/"
2025-02-13 13:02:32,532 - ERROR - General error: Could not connect to the endpoint URL: "https://dynamodb.ap-south-1.amazonaws.com/"
2025-02-13 13:04:38,300 - ERROR - General error: Could not connect to the endpoint URL: "https://dynamodb.ap-south-1.amazonaws.com/"
2025-02-13 13:06:44,057 - ERROR - General error: Could not connect to the endpoint URL: "https://dynamodb.ap-south-1.amazonaws.com/"
2025-02-13 13:08:49,778 - ERROR - General error: Could not connect to the endpoint URL: "https://dynamodb.ap-south-1.amazonaws.com/"
2025-02-13 13:10:55,604 - ERROR - General error: Could not connect to the endpoint URL: "https://dynamodb.ap-south-1.amazonaws.com/"
2025-02-13 13:13:01,344 - ERROR - General error: Could not connect to the endpoint URL: "https://dynamodb.ap-south-1.amazonaws.com/"
2025-02-13 13:15:07,085 - ERROR - General error: Could not connect to the endpoint URL: "https://dynamodb.ap-south-1.amazonaws.com/"
2025-02-13 13:17:12,835 - ERROR - General error: Could not connect to the endpoint URL: "https://dynamodb.ap-south-1.amazonaws.com/"
2025-02-13 13:19:18,579 - ERROR - General error: Could not connect to the endpoint URL: "https://dynamodb.ap-south-1.amazonaws.com/"
2025-02-13 13:21:24,308 - ERROR - General error: Could not connect to the endpoint URL: "https://dynamodb.ap-south-1.amazonaws.com/"
2025-02-13 13:23:30,075 - ERROR - General error: Could not connect to the endpoint URL: "https://dynamodb.ap-south-1.amazonaws.com/"
2025-02-13 13:25:35,808 - ERROR - General error: Could not connect to the endpoint URL: "https://dynamodb.ap-south-1.amazonaws.com/"
2025-02-13 13:27:41,527 - ERROR - General error: Could not connect to the endpoint URL: "https://dynamodb.ap-south-1.amazonaws.com/"
2025-02-13 13:29:47,312 - ERROR - General error: Could not connect to the endpoint URL: "https://dynamodb.ap-south-1.amazonaws.com/"
2025-02-13 13:31:53,073 - ERROR - General error: Could not connect to the endpoint URL: "https://dynamodb.ap-south-1.amazonaws.com/"
2025-02-13 13:33:58,872 - ERROR - General error: Could not connect to the endpoint URL: "https://dynamodb.ap-south-1.amazonaws.com/"
2025-02-13 13:36:04,626 - ERROR - General error: Could not connect to the endpoint URL: "https://dynamodb.ap-south-1.amazonaws.com/"
2025-02-13 13:38:10,377 - ERROR - General error: Could not connect to the endpoint URL: "https://dynamodb.ap-south-1.amazonaws.com/"
2025-02-13 13:40:16,143 - ERROR - General error: Could not connect to the endpoint URL: "https://dynamodb.ap-south-1.amazonaws.com/"
2025-02-13 13:42:21,876 - ERROR - General error: Could not connect to the endpoint URL: "https://dynamodb.ap-south-1.amazonaws.com/"
2025-02-13 13:44:27,720 - ERROR - General error: Could not connect to the endpoint URL: "https://dynamodb.ap-south-1.amazonaws.com/"
2025-02-13 13:46:33,572 - ERROR - General error: Could not connect to the endpoint URL: "https://dynamodb.ap-south-1.amazonaws.com/"
2025-02-13 13:48:39,331 - ERROR - General error: Could not connect to the endpoint URL: "https://dynamodb.ap-south-1.amazonaws.com/"
2025-02-13 13:50:45,240 - ERROR - General error: Could not connect to the endpoint URL: "https://dynamodb.ap-south-1.amazonaws.com/"
2025-02-13 13:52:50,971 - ERROR - General error: Could not connect to the endpoint URL: "https://dynamodb.ap-south-1.amazonaws.com/"
2025-02-13 13:54:56,720 - ERROR - General error: Could not connect to the endpoint URL: "https://dynamodb.ap-south-1.amazonaws.com/"
2025-02-13 13:57:02,444 - ERROR - General error: Could not connect to the endpoint URL: "https://dynamodb.ap-south-1.amazonaws.com/"
2025-02-13 13:59:08,176 - ERROR - General error: Could not connect to the endpoint URL: "https://dynamodb.ap-south-1.amazonaws.com/"
2025-02-13 14:01:13,927 - ERROR - General error: Could not connect to the endpoint URL: "https://dynamodb.ap-south-1.amazonaws.com/"
2025-02-13 14:03:19,736 - ERROR - General error: Could not connect to the endpoint URL: "https://dynamodb.ap-south-1.amazonaws.com/"
2025-02-13 14:05:25,504 - ERROR - General error: Could not connect to the endpoint URL: "https://dynamodb.ap-south-1.amazonaws.com/"
2025-02-13 14:07:31,368 - ERROR - General error: Could not connect to the endpoint URL: "https://dynamodb.ap-south-1.amazonaws.com/"
2025-02-13 14:09:37,112 - ERROR - General error: Could not connect to the endpoint URL: "https://dynamodb.ap-south-1.amazonaws.com/"
2025-02-13 14:11:42,864 - ERROR - General error: Could not connect to the endpoint URL: "https://dynamodb.ap-south-1.amazonaws.com/"
2025-02-13 14:13:48,674 - ERROR - General error: Could not connect to the endpoint URL: "https://dynamodb.ap-south-1.amazonaws.com/"
2025-02-13 14:15:54,559 - ERROR - General error: Could not connect to the endpoint URL: "https://dynamodb.ap-south-1.amazonaws.com/"
2025-02-13 14:18:00,316 - ERROR - General error: Could not connect to the endpoint URL: "https://dynamodb.ap-south-1.amazonaws.com/"
2025-02-13 14:20:06,064 - ERROR - General error: Could not connect to the endpoint URL: "https://dynamodb.ap-south-1.amazonaws.com/"
2025-02-13 14:22:11,830 - ERROR - General error: Could not connect to the endpoint URL: "https://dynamodb.ap-south-1.amazonaws.com/"
2025-02-13 14:24:17,673 - ERROR - General error: Could not connect to the endpoint URL: "https://dynamodb.ap-south-1.amazonaws.com/"
2025-02-13 14:26:23,501 - ERROR - General error: Could not connect to the endpoint URL: "https://dynamodb.ap-south-1.amazonaws.com/"
2025-02-13 14:28:29,260 - ERROR - General error: Could not connect to the endpoint URL: "https://dynamodb.ap-south-1.amazonaws.com/"
2025-02-13 14:30:34,996 - ERROR - General error: Could not connect to the endpoint URL: "https://dynamodb.ap-south-1.amazonaws.com/"
2025-02-13 14:32:40,725 - ERROR - General error: Could not connect to the endpoint URL: "https://dynamodb.ap-south-1.amazonaws.com/"
2025-02-13 14:34:46,473 - ERROR - General error: Could not connect to the endpoint URL: "https://dynamodb.ap-south-1.amazonaws.com/"
2025-02-13 14:36:52,280 - ERROR - General error: Could not connect to the endpoint URL: "https://dynamodb.ap-south-1.amazonaws.com/"
2025-02-13 14:38:58,062 - ERROR - General error: Could not connect to the endpoint URL: "https://dynamodb.ap-south-1.amazonaws.com/"
2025-02-13 14:41:03,904 - ERROR - General error: Could not connect to the endpoint URL: "https://dynamodb.ap-south-1.amazonaws.com/"
2025-02-13 14:43:09,681 - ERROR - General error: Could not connect to the endpoint URL: "https://dynamodb.ap-south-1.amazonaws.com/"
2025-02-13 14:45:15,509 - ERROR - General error: Could not connect to the endpoint URL: "https://dynamodb.ap-south-1.amazonaws.com/"
2025-02-13 14:47:21,249 - ERROR - General error: Could not connect to the endpoint URL: "https://dynamodb.ap-south-1.amazonaws.com/"
2025-02-13 14:49:27,014 - ERROR - General error: Could not connect to the endpoint URL: "https://dynamodb.ap-south-1.amazonaws.com/"
2025-02-13 14:51:32,847 - ERROR - General error: Could not connect to the endpoint URL: "https://dynamodb.ap-south-1.amazonaws.com/"
2025-02-13 14:53:38,681 - ERROR - General error: Could not connect to the endpoint URL: "https://dynamodb.ap-south-1.amazonaws.com/"
2025-02-13 14:55:44,455 - ERROR - General error: Could not connect to the endpoint URL: "https://dynamodb.ap-south-1.amazonaws.com/"
2025-02-13 14:57:50,266 - ERROR - General error: Could not connect to the endpoint URL: "https://dynamodb.ap-south-1.amazonaws.com/"
2025-02-13 14:59:56,041 - ERROR - General error: Could not connect to the endpoint URL: "https://dynamodb.ap-south-1.amazonaws.com/"
2025-02-13 15:02:01,877 - ERROR - General error: Could not connect to the endpoint URL: "https://dynamodb.ap-south-1.amazonaws.com/"
2025-02-13 15:04:07,694 - ERROR - General error: Could not connect to the endpoint URL: "https://dynamodb.ap-south-1.amazonaws.com/"
2025-02-13 15:06:13,509 - ERROR - General error: Could not connect to the endpoint URL: "https://dynamodb.ap-south-1.amazonaws.com/"
2025-02-13 15:08:19,461 - ERROR - General error: Could not connect to the endpoint URL: "https://dynamodb.ap-south-1.amazonaws.com/"
2025-02-13 15:10:25,290 - ERROR - General error: Could not connect to the endpoint URL: "https://dynamodb.ap-south-1.amazonaws.com/"
2025-02-13 15:12:31,105 - ERROR - General error: Could not connect to the endpoint URL: "https://dynamodb.ap-south-1.amazonaws.com/"
2025-02-13 15:14:36,925 - ERROR - General error: Could not connect to the endpoint URL: "https://dynamodb.ap-south-1.amazonaws.com/"
2025-02-13 15:16:42,762 - ERROR - General error: Could not connect to the endpoint URL: "https://dynamodb.ap-south-1.amazonaws.com/"
2025-02-13 15:18:48,579 - ERROR - General error: Could not connect to the endpoint URL: "https://dynamodb.ap-south-1.amazonaws.com/"
2025-02-13 15:20:54,410 - ERROR - General error: Could not connect to the endpoint URL: "https://dynamodb.ap-south-1.amazonaws.com/"
2025-02-13 15:23:00,290 - ERROR - General error: Could not connect to the endpoint URL: "https://dynamodb.ap-south-1.amazonaws.com/"
2025-02-13 15:25:06,194 - ERROR - General error: Could not connect to the endpoint URL: "https://dynamodb.ap-south-1.amazonaws.com/"
2025-02-13 15:27:12,104 - ERROR - General error: Could not connect to the endpoint URL: "https://dynamodb.ap-south-1.amazonaws.com/"
2025-02-13 15:29:17,916 - ERROR - General error: Could not connect to the endpoint URL: "https://dynamodb.ap-south-1.amazonaws.com/"
2025-02-13 15:31:23,730 - ERROR - General error: Could not connect to the endpoint URL: "https://dynamodb.ap-south-1.amazonaws.com/"
2025-02-13 15:33:29,616 - ERROR - General error: Could not connect to the endpoint URL: "https://dynamodb.ap-south-1.amazonaws.com/"
2025-02-13 15:35:35,424 - ERROR - General error: Could not connect to the endpoint URL: "https://dynamodb.ap-south-1.amazonaws.com/"
2025-02-13 15:37:41,342 - ERROR - General error: Could not connect to the endpoint URL: "https://dynamodb.ap-south-1.amazonaws.com/"
2025-02-13 15:39:47,323 - ERROR - General error: Could not connect to the endpoint URL: "https://dynamodb.ap-south-1.amazonaws.com/"
2025-02-13 15:41:53,323 - ERROR - General error: Could not connect to the endpoint URL: "https://dynamodb.ap-south-1.amazonaws.com/"
2025-02-13 15:43:59,267 - ERROR - General error: Could not connect to the endpoint URL: "https://dynamodb.ap-south-1.amazonaws.com/"
2025-02-13 15:46:05,183 - ERROR - General error: Could not connect to the endpoint URL: "https://dynamodb.ap-south-1.amazonaws.com/"
2025-02-13 15:48:11,241 - ERROR - General error: Could not connect to the endpoint URL: "https://dynamodb.ap-south-1.amazonaws.com/"
2025-02-13 15:50:17,226 - ERROR - General error: Could not connect to the endpoint URL: "https://dynamodb.ap-south-1.amazonaws.com/"
2025-02-13 15:52:23,272 - ERROR - General error: Could not connect to the endpoint URL: "https://dynamodb.ap-south-1.amazonaws.com/"
2025-02-13 15:54:29,319 - ERROR - General error: Could not connect to the endpoint URL: "https://dynamodb.ap-south-1.amazonaws.com/"
2025-02-13 15:56:35,227 - ERROR - General error: Could not connect to the endpoint URL: "https://dynamodb.ap-south-1.amazonaws.com/"
2025-02-13 15:58:41,176 - ERROR - General error: Could not connect to the endpoint URL: "https://dynamodb.ap-south-1.amazonaws.com/"
2025-02-13 16:00:47,115 - ERROR - General error: Could not connect to the endpoint URL: "https://dynamodb.ap-south-1.amazonaws.com/"
2025-02-13 16:02:53,062 - ERROR - General error: Could not connect to the endpoint URL: "https://dynamodb.ap-south-1.amazonaws.com/"
2025-02-13 16:04:59,943 - ERROR - General error: Could not connect to the endpoint URL: "https://dynamodb.ap-south-1.amazonaws.com/"
2025-02-13 16:07:05,831 - ERROR - General error: Could not connect to the endpoint URL: "https://dynamodb.ap-south-1.amazonaws.com/"
2025-02-13 16:09:11,814 - ERROR - General error: Could not connect to the endpoint URL: "https://dynamodb.ap-south-1.amazonaws.com/"
2025-02-13 16:11:17,726 - ERROR - General error: Could not connect to the endpoint URL: "https://dynamodb.ap-south-1.amazonaws.com/"
2025-02-13 16:13:23,458 - ERROR - General error: Could not connect to the endpoint URL: "https://dynamodb.ap-south-1.amazonaws.com/"
2025-02-13 16:15:29,192 - ERROR - General error: Could not connect to the endpoint URL: "https://dynamodb.ap-south-1.amazonaws.com/"
2025-02-13 16:17:34,963 - ERROR - General error: Could not connect to the endpoint URL: "https://dynamodb.ap-south-1.amazonaws.com/"
2025-02-13 16:19:40,709 - ERROR - General error: Could not connect to the endpoint URL: "https://dynamodb.ap-south-1.amazonaws.com/"
2025-02-13 16:21:46,436 - ERROR - General error: Could not connect to the endpoint URL: "https://dynamodb.ap-south-1.amazonaws.com/"
2025-02-13 16:23:52,195 - ERROR - General error: Could not connect to the endpoint URL: "https://dynamodb.ap-south-1.amazonaws.com/"
2025-02-13 16:25:57,920 - ERROR - General error: Could not connect to the endpoint URL: "https://dynamodb.ap-south-1.amazonaws.com/"
2025-02-13 16:28:03,660 - ERROR - General error: Could not connect to the endpoint URL: "https://dynamodb.ap-south-1.amazonaws.com/"
2025-02-13 16:30:09,407 - ERROR - General error: Could not connect to the endpoint URL: "https://dynamodb.ap-south-1.amazonaws.com/"
2025-02-13 16:32:15,129 - ERROR - General error: Could not connect to the endpoint URL: "https://dynamodb.ap-south-1.amazonaws.com/"
2025-02-13 16:34:20,864 - ERROR - General error: Could not connect to the endpoint URL: "https://dynamodb.ap-south-1.amazonaws.com/"
2025-02-13 16:36:26,588 - ERROR - General error: Could not connect to the endpoint URL: "https://dynamodb.ap-south-1.amazonaws.com/"
2025-02-13 16:38:32,373 - ERROR - General error: Could not connect to the endpoint URL: "https://dynamodb.ap-south-1.amazonaws.com/"
2025-02-13 16:40:38,210 - ERROR - General error: Could not connect to the endpoint URL: "https://dynamodb.ap-south-1.amazonaws.com/"
2025-02-13 16:42:43,967 - ERROR - General error: Could not connect to the endpoint URL: "https://dynamodb.ap-south-1.amazonaws.com/"
2025-02-13 16:44:49,691 - ERROR - General error: Could not connect to the endpoint URL: "https://dynamodb.ap-south-1.amazonaws.com/"
2025-02-13 16:46:55,414 - ERROR - General error: Could not connect to the endpoint URL: "https://dynamodb.ap-south-1.amazonaws.com/"
2025-02-13 16:49:01,191 - ERROR - General error: Could not connect to the endpoint URL: "https://dynamodb.ap-south-1.amazonaws.com/"
2025-02-13 16:51:06,958 - ERROR - General error: Could not connect to the endpoint URL: "https://dynamodb.ap-south-1.amazonaws.com/"
2025-02-13 16:53:12,700 - ERROR - General error: Could not connect to the endpoint URL: "https://dynamodb.ap-south-1.amazonaws.com/"
2025-02-13 16:55:18,432 - ERROR - General error: Could not connect to the endpoint URL: "https://dynamodb.ap-south-1.amazonaws.com/"
2025-02-13 16:57:24,220 - ERROR - General error: Could not connect to the endpoint URL: "https://dynamodb.ap-south-1.amazonaws.com/"
2025-02-13 16:59:30,111 - ERROR - General error: Could not connect to the endpoint URL: "https://dynamodb.ap-south-1.amazonaws.com/"
2025-02-13 17:01:35,876 - ERROR - General error: Could not connect to the endpoint URL: "https://dynamodb.ap-south-1.amazonaws.com/"
2025-02-13 17:03:41,652 - ERROR - General error: Could not connect to the endpoint URL: "https://dynamodb.ap-south-1.amazonaws.com/"
2025-02-13 17:05:47,412 - ERROR - General error: Could not connect to the endpoint URL: "https://dynamodb.ap-south-1.amazonaws.com/"
2025-02-13 17:07:53,198 - ERROR - General error: Could not connect to the endpoint URL: "https://dynamodb.ap-south-1.amazonaws.com/"
2025-02-13 17:09:58,979 - ERROR - General error: Could not connect to the endpoint URL: "https://dynamodb.ap-south-1.amazonaws.com/"
2025-02-13 17:12:04,816 - ERROR - General error: Could not connect to the endpoint URL: "https://dynamodb.ap-south-1.amazonaws.com/"
2025-02-13 17:14:10,591 - ERROR - General error: Could not connect to the endpoint URL: "https://dynamodb.ap-south-1.amazonaws.com/"
2025-02-13 17:16:16,392 - ERROR - General error: Could not connect to the endpoint URL: "https://dynamodb.ap-south-1.amazonaws.com/"
2025-02-13 17:18:22,139 - ERROR - General error: Could not connect to the endpoint URL: "https://dynamodb.ap-south-1.amazonaws.com/"
2025-02-13 17:20:27,908 - ERROR - General error: Could not connect to the endpoint URL: "https://dynamodb.ap-south-1.amazonaws.com/"
2025-02-13 17:22:33,661 - ERROR - General error: Could not connect to the endpoint URL: "https://dynamodb.ap-south-1.amazonaws.com/"
2025-02-13 17:24:39,412 - ERROR - General error: Could not connect to the endpoint URL: "https://dynamodb.ap-south-1.amazonaws.com/"
2025-02-13 17:26:45,138 - ERROR - General error: Could not connect to the endpoint URL: "https://dynamodb.ap-south-1.amazonaws.com/"
2025-02-13 17:28:50,852 - ERROR - General error: Could not connect to the endpoint URL: "https://dynamodb.ap-south-1.amazonaws.com/"
2025-02-13 17:30:56,654 - ERROR - General error: Could not connect to the endpoint URL: "https://dynamodb.ap-south-1.amazonaws.com/"
2025-02-13 17:33:02,387 - ERROR - General error: Could not connect to the endpoint URL: "https://dynamodb.ap-south-1.amazonaws.com/"
2025-02-13 17:35:08,133 - ERROR - General error: Could not connect to the endpoint URL: "https://dynamodb.ap-south-1.amazonaws.com/"
2025-02-13 17:37:13,922 - ERROR - General error: Could not connect to the endpoint URL: "https://dynamodb.ap-south-1.amazonaws.com/"
2025-02-13 17:39:19,743 - ERROR - General error: Could not connect to the endpoint URL: "https://dynamodb.ap-south-1.amazonaws.com/"
2025-02-13 17:41:25,467 - ERROR - General error: Could not connect to the endpoint URL: "https://dynamodb.ap-south-1.amazonaws.com/"
2025-02-13 17:43:31,236 - ERROR - General error: Could not connect to the endpoint URL: "https://dynamodb.ap-south-1.amazonaws.com/"
2025-02-13 17:45:37,004 - ERROR - General error: Could not connect to the endpoint URL: "https://dynamodb.ap-south-1.amazonaws.com/"
2025-02-13 17:47:42,779 - ERROR - General error: Could not connect to the endpoint URL: "https://dynamodb.ap-south-1.amazonaws.com/"
2025-02-13 17:49:48,527 - ERROR - General error: Could not connect to the endpoint URL: "https://dynamodb.ap-south-1.amazonaws.com/"
2025-02-13 17:51:54,280 - ERROR - General error: Could not connect to the endpoint URL: "https://dynamodb.ap-south-1.amazonaws.com/"
2025-02-13 17:54:00,000 - ERROR - General error: Could not connect to the endpoint URL: "https://dynamodb.ap-south-1.amazonaws.com/"
2025-02-13 17:56:05,771 - ERROR - General error: Could not connect to the endpoint URL: "https://dynamodb.ap-south-1.amazonaws.com/"
2025-02-13 17:58:11,568 - ERROR - General error: Could not connect to the endpoint URL: "https://dynamodb.ap-south-1.amazonaws.com/"
2025-02-13 18:00:17,288 - ERROR - General error: Could not connect to the endpoint URL: "https://dynamodb.ap-south-1.amazonaws.com/"
2025-02-13 18:02:23,066 - ERROR - General error: Could not connect to the endpoint URL: "https://dynamodb.ap-south-1.amazonaws.com/"
2025-02-13 18:04:28,801 - ERROR - General error: Could not connect to the endpoint URL: "https://dynamodb.ap-south-1.amazonaws.com/"
2025-02-13 18:06:34,559 - ERROR - General error: Could not connect to the endpoint URL: "https://dynamodb.ap-south-1.amazonaws.com/"
2025-02-13 18:08:40,328 - ERROR - General error: Could not connect to the endpoint URL: "https://dynamodb.ap-south-1.amazonaws.com/"
2025-02-13 18:10:46,080 - ERROR - General error: Could not connect to the endpoint URL: "https://dynamodb.ap-south-1.amazonaws.com/"
2025-02-13 18:12:51,837 - ERROR - General error: Could not connect to the endpoint URL: "https://dynamodb.ap-south-1.amazonaws.com/"
2025-02-13 18:14:57,658 - ERROR - General error: Could not connect to the endpoint URL: "https://dynamodb.ap-south-1.amazonaws.com/"
2025-02-13 18:17:03,433 - ERROR - General error: Could not connect to the endpoint URL: "https://dynamodb.ap-south-1.amazonaws.com/"
2025-02-13 18:19:09,233 - ERROR - General error: Could not connect to the endpoint URL: "https://dynamodb.ap-south-1.amazonaws.com/"
2025-02-13 18:21:15,045 - ERROR - General error: Could not connect to the endpoint URL: "https://dynamodb.ap-south-1.amazonaws.com/"
2025-02-13 18:23:20,822 - ERROR - General error: Could not connect to the endpoint URL: "https://dynamodb.ap-south-1.amazonaws.com/"
2025-02-13 18:25:26,637 - ERROR - General error: Could not connect to the endpoint URL: "https://dynamodb.ap-south-1.amazonaws.com/"
2025-02-13 18:27:32,390 - ERROR - General error: Could not connect to the endpoint URL: "https://dynamodb.ap-south-1.amazonaws.com/"
2025-02-13 18:29:38,177 - ERROR - General error: Could not connect to the endpoint URL: "https://dynamodb.ap-south-1.amazonaws.com/"
2025-02-13 18:31:44,037 - ERROR - General error: Could not connect to the endpoint URL: "https://dynamodb.ap-south-1.amazonaws.com/"
2025-02-13 18:33:49,834 - ERROR - General error: Could not connect to the endpoint URL: "https://dynamodb.ap-south-1.amazonaws.com/"
2025-02-13 18:35:55,621 - ERROR - General error: Could not connect to the endpoint URL: "https://dynamodb.ap-south-1.amazonaws.com/"
2025-02-13 18:38:01,511 - ERROR - General error: Could not connect to the endpoint URL: "https://dynamodb.ap-south-1.amazonaws.com/"
2025-02-13 18:40:07,279 - ERROR - General error: Could not connect to the endpoint URL: "https://dynamodb.ap-south-1.amazonaws.com/"
2025-02-13 18:42:13,118 - ERROR - General error: Could not connect to the endpoint URL: "https://dynamodb.ap-south-1.amazonaws.com/"
2025-02-13 18:44:18,911 - ERROR - General error: Could not connect to the endpoint URL: "https://dynamodb.ap-south-1.amazonaws.com/"
2025-02-13 18:46:24,715 - ERROR - General error: Could not connect to the endpoint URL: "https://dynamodb.ap-south-1.amazonaws.com/"
2025-02-13 18:48:30,527 - ERROR - General error: Could not connect to the endpoint URL: "https://dynamodb.ap-south-1.amazonaws.com/"
2025-02-13 18:50:36,434 - ERROR - General error: Could not connect to the endpoint URL: "https://dynamodb.ap-south-1.amazonaws.com/"
2025-02-13 18:52:42,249 - ERROR - General error: Could not connect to the endpoint URL: "https://dynamodb.ap-south-1.amazonaws.com/"
2025-02-13 18:54:48,179 - ERROR - General error: Could not connect to the endpoint URL: "https://dynamodb.ap-south-1.amazonaws.com/"
2025-02-13 18:56:54,128 - ERROR - General error: Could not connect to the endpoint URL: "https://dynamodb.ap-south-1.amazonaws.com/"
2025-02-13 18:59:00,118 - ERROR - General error: Could not connect to the endpoint URL: "https://dynamodb.ap-south-1.amazonaws.com/"
2025-02-13 19:01:06,088 - ERROR - General error: Could not connect to the endpoint URL: "https://dynamodb.ap-south-1.amazonaws.com/"
2025-02-13 19:03:12,238 - ERROR - General error: Could not connect to the endpoint URL: "https://dynamodb.ap-south-1.amazonaws.com/"
2025-02-13 19:05:18,253 - ERROR - General error: Could not connect to the endpoint URL: "https://dynamodb.ap-south-1.amazonaws.com/"
2025-02-13 19:07:24,197 - ERROR - General error: Could not connect to the endpoint URL: "https://dynamodb.ap-south-1.amazonaws.com/"
2025-02-13 19:09:30,075 - ERROR - General error: Could not connect to the endpoint URL: "https://dynamodb.ap-south-1.amazonaws.com/"
2025-02-13 19:11:36,026 - ERROR - General error: Could not connect to the endpoint URL: "https://dynamodb.ap-south-1.amazonaws.com/"
2025-02-13 19:13:42,041 - ERROR - General error: Could not connect to the endpoint URL: "https://dynamodb.ap-south-1.amazonaws.com/"
2025-02-13 19:15:48,011 - ERROR - General error: Could not connect to the endpoint URL: "https://dynamodb.ap-south-1.amazonaws.com/"
2025-02-13 19:17:53,870 - ERROR - General error: Could not connect to the endpoint URL: "https://dynamodb.ap-south-1.amazonaws.com/"
2025-02-13 19:19:59,884 - ERROR - General error: Could not connect to the endpoint URL: "https://dynamodb.ap-south-1.amazonaws.com/"
2025-02-13 19:22:05,893 - ERROR - General error: Could not connect to the endpoint URL: "https://dynamodb.ap-south-1.amazonaws.com/"
2025-02-13 19:24:11,731 - ERROR - General error: Could not connect to the endpoint URL: "https://dynamodb.ap-south-1.amazonaws.com/"
2025-02-13 19:26:17,777 - ERROR - General error: Could not connect to the endpoint URL: "https://dynamodb.ap-south-1.amazonaws.com/"
2025-02-13 19:28:23,805 - ERROR - General error: Could not connect to the endpoint URL: "https://dynamodb.ap-south-1.amazonaws.com/"
2025-02-13 19:30:29,869 - ERROR - General error: Could not connect to the endpoint URL: "https://dynamodb.ap-south-1.amazonaws.com/"
2025-02-13 19:32:35,954 - ERROR - General error: Could not connect to the endpoint URL: "https://dynamodb.ap-south-1.amazonaws.com/"
2025-02-13 19:34:42,010 - ERROR - General error: Could not connect to the endpoint URL: "https://dynamodb.ap-south-1.amazonaws.com/"
2025-02-13 19:36:48,033 - ERROR - General error: Could not connect to the endpoint URL: "https://dynamodb.ap-south-1.amazonaws.com/"
2025-02-13 19:38:53,934 - ERROR - General error: Could not connect to the endpoint URL: "https://dynamodb.ap-south-1.amazonaws.com/"
2025-02-13 19:40:59,794 - ERROR - General error: Could not connect to the endpoint URL: "https://dynamodb.ap-south-1.amazonaws.com/"
2025-02-13 19:43:05,548 - ERROR - General error: Could not connect to the endpoint URL: "https://dynamodb.ap-south-1.amazonaws.com/"
2025-02-13 19:45:11,268 - ERROR - General error: Could not connect to the endpoint URL: "https://dynamodb.ap-south-1.amazonaws.com/"
2025-02-13 19:47:17,024 - ERROR - General error: Could not connect to the endpoint URL: "https://dynamodb.ap-south-1.amazonaws.com/"
2025-02-13 19:49:22,772 - ERROR - General error: Could not connect to the endpoint URL: "https://dynamodb.ap-south-1.amazonaws.com/"
2025-02-13 19:51:28,545 - ERROR - General error: Could not connect to the endpoint URL: "https://dynamodb.ap-south-1.amazonaws.com/"
2025-02-13 19:53:34,317 - ERROR - General error: Could not connect to the endpoint URL: "https://dynamodb.ap-south-1.amazonaws.com/"
2025-02-13 19:55:40,078 - ERROR - General error: Could not connect to the endpoint URL: "https://dynamodb.ap-south-1.amazonaws.com/"
2025-02-13 19:57:45,972 - ERROR - General error: Could not connect to the endpoint URL: "https://dynamodb.ap-south-1.amazonaws.com/"
2025-02-13 19:59:51,756 - ERROR - General error: Could not connect to the endpoint URL: "https://dynamodb.ap-south-1.amazonaws.com/"
2025-02-13 20:01:57,509 - ERROR - General error: Could not connect to the endpoint URL: "https://dynamodb.ap-south-1.amazonaws.com/"
2025-02-13 20:04:03,238 - ERROR - General error: Could not connect to the endpoint URL: "https://dynamodb.ap-south-1.amazonaws.com/"
2025-02-13 20:06:09,011 - ERROR - General error: Could not connect to the endpoint URL: "https://dynamodb.ap-south-1.amazonaws.com/"
2025-02-13 20:08:14,772 - ERROR - General error: Could not connect to the endpoint URL: "https://dynamodb.ap-south-1.amazonaws.com/"
2025-02-13 20:10:20,538 - ERROR - General error: Could not connect to the endpoint URL: "https://dynamodb.ap-south-1.amazonaws.com/"
2025-02-13 20:12:26,392 - ERROR - General error: Could not connect to the endpoint URL: "https://dynamodb.ap-south-1.amazonaws.com/"
2025-02-13 20:14:32,147 - ERROR - General error: Could not connect to the endpoint URL: "https://dynamodb.ap-south-1.amazonaws.com/"
2025-02-13 20:16:37,895 - ERROR - General error: Could not connect to the endpoint URL: "https://dynamodb.ap-south-1.amazonaws.com/"
2025-02-13 20:18:43,655 - ERROR - General error: Could not connect to the endpoint URL: "https://dynamodb.ap-south-1.amazonaws.com/"
2025-02-13 20:20:49,388 - ERROR - General error: Could not connect to the endpoint URL: "https://dynamodb.ap-south-1.amazonaws.com/"
2025-02-13 20:22:55,144 - ERROR - General error: Could not connect to the endpoint URL: "https://dynamodb.ap-south-1.amazonaws.com/"
2025-02-13 20:25:00,908 - ERROR - General error: Could not connect to the endpoint URL: "https://dynamodb.ap-south-1.amazonaws.com/"
2025-02-13 20:27:06,664 - ERROR - General error: Could not connect to the endpoint URL: "https://dynamodb.ap-south-1.amazonaws.com/"
2025-02-13 20:29:12,408 - ERROR - General error: Could not connect to the endpoint URL: "https://dynamodb.ap-south-1.amazonaws.com/"
2025-02-13 20:31:18,153 - ERROR - General error: Could not connect to the endpoint URL: "https://dynamodb.ap-south-1.amazonaws.com/"
2025-02-13 20:33:23,906 - ERROR - General error: Could not connect to the endpoint URL: "https://dynamodb.ap-south-1.amazonaws.com/"
2025-02-13 20:35:29,652 - ERROR - General error: Could not connect to the endpoint URL: "https://dynamodb.ap-south-1.amazonaws.com/"
2025-02-13 20:37:35,367 - ERROR - General error: Could not connect to the endpoint URL: "https://dynamodb.ap-south-1.amazonaws.com/"
2025-02-13 20:39:41,131 - ERROR - General error: Could not connect to the endpoint URL: "https://dynamodb.ap-south-1.amazonaws.com/"
2025-02-13 20:41:46,904 - ERROR - General error: Could not connect to the endpoint URL: "https://dynamodb.ap-south-1.amazonaws.com/"
2025-02-13 20:43:52,717 - ERROR - General error: Could not connect to the endpoint URL: "https://dynamodb.ap-south-1.amazonaws.com/"
2025-02-13 20:45:58,532 - ERROR - General error: Could not connect to the endpoint URL: "https://dynamodb.ap-south-1.amazonaws.com/"
2025-02-13 20:48:04,315 - ERROR - General error: Could not connect to the endpoint URL: "https://dynamodb.ap-south-1.amazonaws.com/"
2025-02-13 20:50:10,136 - ERROR - General error: Could not connect to the endpoint URL: "https://dynamodb.ap-south-1.amazonaws.com/"
2025-02-13 20:52:15,887 - ERROR - General error: Could not connect to the endpoint URL: "https://dynamodb.ap-south-1.amazonaws.com/"
2025-02-13 20:54:21,618 - ERROR - General error: Could not connect to the endpoint URL: "https://dynamodb.ap-south-1.amazonaws.com/"
2025-02-13 20:56:27,360 - ERROR - General error: Could not connect to the endpoint URL: "https://dynamodb.ap-south-1.amazonaws.com/"
2025-02-13 20:58:33,120 - ERROR - General error: Could not connect to the endpoint URL: "https://dynamodb.ap-south-1.amazonaws.com/"
2025-02-13 21:00:38,968 - ERROR - General error: Could not connect to the endpoint URL: "https://dynamodb.ap-south-1.amazonaws.com/"
2025-02-13 21:02:44,732 - ERROR - General error: Could not connect to the endpoint URL: "https://dynamodb.ap-south-1.amazonaws.com/"
2025-02-13 21:04:50,501 - ERROR - General error: Could not connect to the endpoint URL: "https://dynamodb.ap-south-1.amazonaws.com/"
2025-02-13 21:06:56,308 - ERROR - General error: Could not connect to the endpoint URL: "https://dynamodb.ap-south-1.amazonaws.com/"
2025-02-13 21:09:02,056 - ERROR - General error: Could not connect to the endpoint URL: "https://dynamodb.ap-south-1.amazonaws.com/"
2025-02-13 21:11:07,798 - ERROR - General error: Could not connect to the endpoint URL: "https://dynamodb.ap-south-1.amazonaws.com/"
2025-02-13 21:13:13,625 - ERROR - General error: Could not connect to the endpoint URL: "https://dynamodb.ap-south-1.amazonaws.com/"
2025-02-13 21:15:19,430 - ERROR - General error: Could not connect to the endpoint URL: "https://dynamodb.ap-south-1.amazonaws.com/"
2025-02-13 21:17:25,229 - ERROR - General error: Could not connect to the endpoint URL: "https://dynamodb.ap-south-1.amazonaws.com/"
2025-02-13 21:19:31,014 - ERROR - General error: Could not connect to the endpoint URL: "https://dynamodb.ap-south-1.amazonaws.com/"
2025-02-13 21:21:36,824 - ERROR - General error: Could not connect to the endpoint URL: "https://dynamodb.ap-south-1.amazonaws.com/"
2025-02-13 21:23:42,621 - ERROR - General error: Could not connect to the endpoint URL: "https://dynamodb.ap-south-1.amazonaws.com/"
2025-02-13 21:25:48,393 - ERROR - General error: Could not connect to the endpoint URL: "https://dynamodb.ap-south-1.amazonaws.com/"
2025-02-13 21:27:54,178 - ERROR - General error: Could not connect to the endpoint URL: "https://dynamodb.ap-south-1.amazonaws.com/"
2025-02-13 21:30:00,043 - ERROR - General error: Could not connect to the endpoint URL: "https://dynamodb.ap-south-1.amazonaws.com/"
2025-02-13 21:32:05,876 - ERROR - General error: Could not connect to the endpoint URL: "https://dynamodb.ap-south-1.amazonaws.com/"
2025-02-13 21:34:11,766 - ERROR - General error: Could not connect to the endpoint URL: "https://dynamodb.ap-south-1.amazonaws.com/"
2025-02-13 21:36:17,697 - ERROR - General error: Could not connect to the endpoint URL: "https://dynamodb.ap-south-1.amazonaws.com/"
2025-02-13 21:38:23,637 - ERROR - General error: Could not connect to the endpoint URL: "https://dynamodb.ap-south-1.amazonaws.com/"
2025-02-13 21:40:29,638 - ERROR - General error: Could not connect to the endpoint URL: "https://dynamodb.ap-south-1.amazonaws.com/"
2025-02-13 21:42:35,565 - ERROR - General error: Could not connect to the endpoint URL: "https://dynamodb.ap-south-1.amazonaws.com/"
2025-02-13 21:44:41,573 - ERROR - General error: Could not connect to the endpoint URL: "https://dynamodb.ap-south-1.amazonaws.com/"
2025-02-13 21:46:47,538 - ERROR - General error: Could not connect to the endpoint URL: "https://dynamodb.ap-south-1.amazonaws.com/"
2025-02-13 21:48:53,350 - ERROR - General error: Could not connect to the endpoint URL: "https://dynamodb.ap-south-1.amazonaws.com/"
2025-02-13 21:50:59,450 - ERROR - General error: Could not connect to the endpoint URL: "https://dynamodb.ap-south-1.amazonaws.com/"
2025-02-13 21:53:05,391 - ERROR - General error: Could not connect to the endpoint URL: "https://dynamodb.ap-south-1.amazonaws.com/"
2025-02-13 21:55:11,263 - ERROR - General error: Could not connect to the endpoint URL: "https://dynamodb.ap-south-1.amazonaws.com/"
2025-02-13 21:57:17,135 - ERROR - General error: Could not connect to the endpoint URL: "https://dynamodb.ap-south-1.amazonaws.com/"
2025-02-13 21:59:23,146 - ERROR - General error: Could not connect to the endpoint URL: "https://dynamodb.ap-south-1.amazonaws.com/"
2025-02-13 22:01:29,116 - ERROR - General error: Could not connect to the endpoint URL: "https://dynamodb.ap-south-1.amazonaws.com/"
2025-02-13 22:03:34,843 - ERROR - General error: Could not connect to the endpoint URL: "https://dynamodb.ap-south-1.amazonaws.com/"
2025-02-13 22:05:40,640 - ERROR - General error: Could not connect to the endpoint URL: "https://dynamodb.ap-south-1.amazonaws.com/"
2025-02-13 22:07:46,370 - ERROR - General error: Could not connect to the endpoint URL: "https://dynamodb.ap-south-1.amazonaws.com/"
2025-02-13 22:09:52,176 - ERROR - General error: Could not connect to the endpoint URL: "https://dynamodb.ap-south-1.amazonaws.com/"
2025-02-13 22:11:57,912 - ERROR - General error: Could not connect to the endpoint URL: "https://dynamodb.ap-south-1.amazonaws.com/"
2025-02-13 22:14:03,656 - ERROR - General error: Could not connect to the endpoint URL: "https://dynamodb.ap-south-1.amazonaws.com/"
2025-02-13 22:16:09,420 - ERROR - General error: Could not connect to the endpoint URL: "https://dynamodb.ap-south-1.amazonaws.com/"
2025-02-13 22:18:15,205 - ERROR - General error: Could not connect to the endpoint URL: "https://dynamodb.ap-south-1.amazonaws.com/"
2025-02-13 22:20:21,020 - ERROR - General error: Could not connect to the endpoint URL: "https://dynamodb.ap-south-1.amazonaws.com/"
2025-02-13 22:22:26,772 - ERROR - General error: Could not connect to the endpoint URL: "https://dynamodb.ap-south-1.amazonaws.com/"
2025-02-13 22:24:32,558 - ERROR - General error: Could not connect to the endpoint URL: "https://dynamodb.ap-south-1.amazonaws.com/"
2025-02-13 22:26:38,451 - ERROR - General error: Could not connect to the endpoint URL: "https://dynamodb.ap-south-1.amazonaws.com/"
2025-02-13 22:28:44,212 - ERROR - General error: Could not connect to the endpoint URL: "https://dynamodb.ap-south-1.amazonaws.com/"
2025-02-13 22:30:49,975 - ERROR - General error: Could not connect to the endpoint URL: "https://dynamodb.ap-south-1.amazonaws.com/"
2025-02-13 22:32:55,744 - ERROR - General error: Could not connect to the endpoint URL: "https://dynamodb.ap-south-1.amazonaws.com/"
2025-02-13 22:35:01,484 - ERROR - General error: Could not connect to the endpoint URL: "https://dynamodb.ap-south-1.amazonaws.com/"
2025-02-13 22:37:07,236 - ERROR - General error: Could not connect to the endpoint URL: "https://dynamodb.ap-south-1.amazonaws.com/"
2025-02-13 22:39:12,989 - ERROR - General error: Could not connect to the endpoint URL: "https://dynamodb.ap-south-1.amazonaws.com/"
2025-02-13 22:41:18,720 - ERROR - General error: Could not connect to the endpoint URL: "https://dynamodb.ap-south-1.amazonaws.com/"
2025-02-13 22:43:24,483 - ERROR - General error: Could not connect to the endpoint URL: "https://dynamodb.ap-south-1.amazonaws.com/"
2025-02-13 22:45:30,273 - ERROR - General error: Could not connect to the endpoint URL: "https://dynamodb.ap-south-1.amazonaws.com/"
2025-02-13 22:47:36,007 - ERROR - General error: Could not connect to the endpoint URL: "https://dynamodb.ap-south-1.amazonaws.com/"
2025-02-13 22:49:41,776 - ERROR - General error: Could not connect to the endpoint URL: "https://dynamodb.ap-south-1.amazonaws.com/"
2025-02-13 22:51:47,520 - ERROR - General error: Could not connect to the endpoint URL: "https://dynamodb.ap-south-1.amazonaws.com/"
2025-02-13 22:53:53,283 - ERROR - General error: Could not connect to the endpoint URL: "https://dynamodb.ap-south-1.amazonaws.com/"
2025-02-13 22:55:59,044 - ERROR - General error: Could not connect to the endpoint URL: "https://dynamodb.ap-south-1.amazonaws.com/"
2025-02-13 22:58:04,817 - ERROR - General error: Could not connect to the endpoint URL: "https://dynamodb.ap-south-1.amazonaws.com/"
2025-02-13 23:00:10,563 - ERROR - General error: Could not connect to the endpoint URL: "https://dynamodb.ap-south-1.amazonaws.com/"
2025-02-13 23:02:16,311 - ERROR - General error: Could not connect to the endpoint URL: "https://dynamodb.ap-south-1.amazonaws.com/"
2025-02-13 23:04:22,049 - ERROR - General error: Could not connect to the endpoint URL: "https://dynamodb.ap-south-1.amazonaws.com/"
2025-02-13 23:06:27,776 - ERROR - General error: Could not connect to the endpoint URL: "https://dynamodb.ap-south-1.amazonaws.com/"
2025-02-13 23:08:33,632 - ERROR - General error: Could not connect to the endpoint URL: "https://dynamodb.ap-south-1.amazonaws.com/"
2025-02-13 23:10:39,440 - ERROR - General error: Could not connect to the endpoint URL: "https://dynamodb.ap-south-1.amazonaws.com/"
2025-02-13 23:12:45,191 - ERROR - General error: Could not connect to the endpoint URL: "https://dynamodb.ap-south-1.amazonaws.com/"
2025-02-13 23:14:51,052 - ERROR - General error: Could not connect to the endpoint URL: "https://dynamodb.ap-south-1.amazonaws.com/"
2025-02-13 23:16:56,784 - ERROR - General error: Could not connect to the endpoint URL: "https://dynamodb.ap-south-1.amazonaws.com/"
2025-02-13 23:19:02,546 - ERROR - General error: Could not connect to the endpoint URL: "https://dynamodb.ap-south-1.amazonaws.com/"
2025-02-13 23:21:08,284 - ERROR - General error: Could not connect to the endpoint URL: "https://dynamodb.ap-south-1.amazonaws.com/"
2025-02-13 23:23:14,025 - ERROR - General error: Could not connect to the endpoint URL: "https://dynamodb.ap-south-1.amazonaws.com/"
2025-02-13 23:25:19,769 - ERROR - General error: Could not connect to the endpoint URL: "https://dynamodb.ap-south-1.amazonaws.com/"
2025-02-13 23:27:25,491 - ERROR - General error: Could not connect to the endpoint URL: "https://dynamodb.ap-south-1.amazonaws.com/"
2025-02-13 23:29:31,322 - ERROR - General error: Could not connect to the endpoint URL: "https://dynamodb.ap-south-1.amazonaws.com/"
2025-02-13 23:31:37,127 - ERROR - General error: Could not connect to the endpoint URL: "https://dynamodb.ap-south-1.amazonaws.com/"
2025-02-13 23:33:42,947 - ERROR - General error: Could not connect to the endpoint URL: "https://dynamodb.ap-south-1.amazonaws.com/"
2025-02-13 23:35:48,705 - ERROR - General error: Could not connect to the endpoint URL: "https://dynamodb.ap-south-1.amazonaws.com/"
2025-02-13 23:37:54,518 - ERROR - General error: Could not connect to the endpoint URL: "https://dynamodb.ap-south-1.amazonaws.com/"
2025-02-13 23:40:00,289 - ERROR - General error: Could not connect to the endpoint URL: "https://dynamodb.ap-south-1.amazonaws.com/"
2025-02-13 23:42:06,095 - ERROR - General error: Could not connect to the endpoint URL: "https://dynamodb.ap-south-1.amazonaws.com/"
2025-02-13 23:44:11,966 - ERROR - General error: Could not connect to the endpoint URL: "https://dynamodb.ap-south-1.amazonaws.com/"
2025-02-13 23:46:17,900 - ERROR - General error: Could not connect to the endpoint URL: "https://dynamodb.ap-south-1.amazonaws.com/"
2025-02-13 23:48:23,887 - ERROR - General error: Could not connect to the endpoint URL: "https://dynamodb.ap-south-1.amazonaws.com/"
2025-02-13 23:50:29,792 - ERROR - General error: Could not connect to the endpoint URL: "https://dynamodb.ap-south-1.amazonaws.com/"
2025-02-13 23:52:35,842 - ERROR - General error: Could not connect to the endpoint URL: "https://dynamodb.ap-south-1.amazonaws.com/"
2025-02-13 23:54:41,746 - ERROR - General error: Could not connect to the endpoint URL: "https://dynamodb.ap-south-1.amazonaws.com/"
2025-02-13 23:56:47,603 - ERROR - General error: Could not connect to the endpoint URL: "https://dynamodb.ap-south-1.amazonaws.com/"
2025-02-13 23:58:53,714 - ERROR - General error: Could not connect to the endpoint URL: "https://dynamodb.ap-south-1.amazonaws.com/"
2025-02-14 00:00:59,587 - ERROR - General error: Could not connect to the endpoint URL: "https://dynamodb.ap-south-1.amazonaws.com/"
2025-02-14 00:03:05,393 - ERROR - General error: Could not connect to the endpoint URL: "https://dynamodb.ap-south-1.amazonaws.com/"
2025-02-14 00:05:11,147 - ERROR - General error: Could not connect to the endpoint URL: "https://dynamodb.ap-south-1.amazonaws.com/"
2025-02-14 00:07:16,889 - ERROR - General error: Could not connect to the endpoint URL: "https://dynamodb.ap-south-1.amazonaws.com/"
2025-02-14 00:09:22,613 - ERROR - General error: Could not connect to the endpoint URL: "https://dynamodb.ap-south-1.amazonaws.com/"
2025-02-14 00:11:28,359 - ERROR - General error: Could not connect to the endpoint URL: "https://dynamodb.ap-south-1.amazonaws.com/"
2025-02-14 00:13:34,100 - ERROR - General error: Could not connect to the endpoint URL: "https://dynamodb.ap-south-1.amazonaws.com/"
2025-02-14 00:15:39,867 - ERROR - General error: Could not connect to the endpoint URL: "https://dynamodb.ap-south-1.amazonaws.com/"
2025-02-14 00:17:45,632 - ERROR - General error: Could not connect to the endpoint URL: "https://dynamodb.ap-south-1.amazonaws.com/"
2025-02-14 00:19:51,416 - ERROR - General error: Could not connect to the endpoint URL: "https://dynamodb.ap-south-1.amazonaws.com/"
2025-02-14 00:21:57,160 - ERROR - General error: Could not connect to the endpoint URL: "https://dynamodb.ap-south-1.amazonaws.com/"
2025-02-14 00:24:02,880 - ERROR - General error: Could not connect to the endpoint URL: "https://dynamodb.ap-south-1.amazonaws.com/"
2025-02-14 00:26:08,622 - ERROR - General error: Could not connect to the endpoint URL: "https://dynamodb.ap-south-1.amazonaws.com/"
2025-02-14 00:28:14,348 - ERROR - General error: Could not connect to the endpoint URL: "https://dynamodb.ap-south-1.amazonaws.com/"
2025-02-14 00:30:20,142 - ERROR - General error: Could not connect to the endpoint URL: "https://dynamodb.ap-south-1.amazonaws.com/"
2025-02-14 00:32:25,929 - ERROR - General error: Could not connect to the endpoint URL: "https://dynamodb.ap-south-1.amazonaws.com/"
2025-02-14 00:34:31,739 - ERROR - General error: Could not connect to the endpoint URL: "https://dynamodb.ap-south-1.amazonaws.com/"
2025-02-14 00:36:37,501 - ERROR - General error: Could not connect to the endpoint URL: "https://dynamodb.ap-south-1.amazonaws.com/"
2025-02-14 00:38:43,328 - ERROR - General error: Could not connect to the endpoint URL: "https://dynamodb.ap-south-1.amazonaws.com/"
2025-02-14 00:40:49,093 - ERROR - General error: Could not connect to the endpoint URL: "https://dynamodb.ap-south-1.amazonaws.com/"
2025-02-14 00:42:54,878 - ERROR - General error: Could not connect to the endpoint URL: "https://dynamodb.ap-south-1.amazonaws.com/"
2025-02-14 00:45:00,627 - ERROR - General error: Could not connect to the endpoint URL: "https://dynamodb.ap-south-1.amazonaws.com/"
2025-02-14 00:47:06,393 - ERROR - General error: Could not connect to the endpoint URL: "https://dynamodb.ap-south-1.amazonaws.com/"
2025-02-14 00:49:12,128 - ERROR - General error: Could not connect to the endpoint URL: "https://dynamodb.ap-south-1.amazonaws.com/"
2025-02-16 08:43:24,083 - ERROR - Error in retry logic: SSL connection has been closed unexpectedly

2025-02-16 08:43:24,100 - ERROR - Error in PostgreSQL listener: connection already closed
2025-02-16 08:48:28,713 - ERROR - Error in retry logic: SSL connection has been closed unexpectedly

2025-02-16 08:48:28,717 - ERROR - Error in PostgreSQL listener: connection already closed
2025-02-20 12:04:41,291 - ERROR - General error: Could not connect to the endpoint URL: "https://dynamodb.ap-south-1.amazonaws.com/"
2025-02-20 12:38:24,673 - ERROR - Error in retry logic: SSL connection has been closed unexpectedly

2025-02-20 12:38:24,673 - ERROR - Error in PostgreSQL listener: connection already closed
2025-02-20 12:50:27,400 - ERROR - Error in retry logic: SSL connection has been closed unexpectedly

2025-02-20 12:50:27,403 - ERROR - Error in PostgreSQL listener: connection already closed
2025-02-20 17:17:39,775 - ERROR - General error: Could not connect to the endpoint URL: "https://dynamodb.ap-south-1.amazonaws.com/"
2025-02-20 19:51:32,285 - ERROR - Error in retry logic: SSL connection has been closed unexpectedly

2025-02-20 19:51:32,285 - ERROR - Error in PostgreSQL listener: connection already closed
2025-02-21 07:30:21,681 - ERROR - General error: Could not connect to the endpoint URL: "https://dynamodb.ap-south-1.amazonaws.com/"
2025-02-21 12:12:29,022 - ERROR - General error: Could not connect to the endpoint URL: "https://dynamodb.ap-south-1.amazonaws.com/"
2025-02-21 12:14:34,711 - ERROR - General error: Could not connect to the endpoint URL: "https://dynamodb.ap-south-1.amazonaws.com/"
2025-02-21 12:16:40,398 - ERROR - General error: Could not connect to the endpoint URL: "https://dynamodb.ap-south-1.amazonaws.com/"
2025-02-21 12:18:34,161 - ERROR - General error: Could not connect to the endpoint URL: "https://dynamodb.ap-south-1.amazonaws.com/"
2025-02-25 16:37:44,259 - ERROR - Error in retry logic: SSL connection has been closed unexpectedly

2025-02-25 16:37:44,261 - ERROR - Error in PostgreSQL listener: connection already closed
2025-03-02 10:14:26,326 - ERROR - General error: Could not connect to the endpoint URL: "https://dynamodb.ap-south-1.amazonaws.com/"
2025-03-02 10:15:04,804 - ERROR - Error uploading to DynamoDB: An error occurred (InvalidSignatureException) when calling the PutItem operation: Signature expired: 20250302T044504Z is now earlier than 20250302T045634Z (20250302T051134Z - 15 min.)
2025-03-02 10:15:04,821 - ERROR - Error uploading to DynamoDB: An error occurred (InvalidSignatureException) when calling the PutItem operation: Signature expired: 20250302T044504Z is now earlier than 20250302T045634Z (20250302T051134Z - 15 min.)
2025-03-02 10:15:04,844 - ERROR - Error uploading to DynamoDB: An error occurred (InvalidSignatureException) when calling the PutItem operation: Signature expired: 20250302T044504Z is now earlier than 20250302T045634Z (20250302T051134Z - 15 min.)
2025-03-02 10:15:04,864 - ERROR - Error uploading to DynamoDB: An error occurred (InvalidSignatureException) when calling the PutItem operation: Signature expired: 20250302T044504Z is now earlier than 20250302T045634Z (20250302T051134Z - 15 min.)
2025-03-02 10:15:04,879 - ERROR - Error uploading to DynamoDB: An error occurred (InvalidSignatureException) when calling the PutItem operation: Signature expired: 20250302T044504Z is now earlier than 20250302T045634Z (20250302T051134Z - 15 min.)
2025-03-02 10:15:04,895 - ERROR - Error uploading to DynamoDB: An error occurred (InvalidSignatureException) when calling the PutItem operation: Signature expired: 20250302T044504Z is now earlier than 20250302T045634Z (20250302T051134Z - 15 min.)
2025-03-02 10:15:04,911 - ERROR - Error uploading to DynamoDB: An error occurred (InvalidSignatureException) when calling the PutItem operation: Signature expired: 20250302T044504Z is now earlier than 20250302T045634Z (20250302T051134Z - 15 min.)
2025-03-02 10:15:04,927 - ERROR - Error uploading to DynamoDB: An error occurred (InvalidSignatureException) when calling the PutItem operation: Signature expired: 20250302T044504Z is now earlier than 20250302T045634Z (20250302T051134Z - 15 min.)
2025-03-02 10:15:04,941 - ERROR - Error uploading to DynamoDB: An error occurred (InvalidSignatureException) when calling the PutItem operation: Signature expired: 20250302T044504Z is now earlier than 20250302T045634Z (20250302T051134Z - 15 min.)
2025-03-02 10:15:04,956 - ERROR - Error uploading to DynamoDB: An error occurred (InvalidSignatureException) when calling the PutItem operation: Signature expired: 20250302T044504Z is now earlier than 20250302T045634Z (20250302T051134Z - 15 min.)
2025-03-02 10:15:04,973 - ERROR - Error uploading to DynamoDB: An error occurred (InvalidSignatureException) when calling the PutItem operation: Signature expired: 20250302T044504Z is now earlier than 20250302T045634Z (20250302T051134Z - 15 min.)
2025-03-02 10:15:04,987 - ERROR - Error uploading to DynamoDB: An error occurred (InvalidSignatureException) when calling the PutItem operation: Signature expired: 20250302T044504Z is now earlier than 20250302T045634Z (20250302T051134Z - 15 min.)
2025-03-02 10:15:05,003 - ERROR - Error uploading to DynamoDB: An error occurred (InvalidSignatureException) when calling the PutItem operation: Signature expired: 20250302T044504Z is now earlier than 20250302T045634Z (20250302T051134Z - 15 min.)
2025-03-02 10:15:05,017 - ERROR - Error uploading to DynamoDB: An error occurred (InvalidSignatureException) when calling the PutItem operation: Signature expired: 20250302T044505Z is now earlier than 20250302T045634Z (20250302T051134Z - 15 min.)
2025-03-02 10:15:05,031 - ERROR - Error uploading to DynamoDB: An error occurred (InvalidSignatureException) when calling the PutItem operation: Signature expired: 20250302T044505Z is now earlier than 20250302T045634Z (20250302T051134Z - 15 min.)
2025-03-02 10:15:05,044 - ERROR - Error uploading to DynamoDB: An error occurred (InvalidSignatureException) when calling the PutItem operation: Signature expired: 20250302T044505Z is now earlier than 20250302T045634Z (20250302T051134Z - 15 min.)
2025-03-02 10:15:05,059 - ERROR - Error uploading to DynamoDB: An error occurred (InvalidSignatureException) when calling the PutItem operation: Signature expired: 20250302T044505Z is now earlier than 20250302T045634Z (20250302T051134Z - 15 min.)
2025-03-02 10:15:05,076 - ERROR - Error uploading to DynamoDB: An error occurred (InvalidSignatureException) when calling the PutItem operation: Signature expired: 20250302T044505Z is now earlier than 20250302T045634Z (20250302T051134Z - 15 min.)
2025-03-02 10:15:05,092 - ERROR - Error uploading to DynamoDB: An error occurred (InvalidSignatureException) when calling the PutItem operation: Signature expired: 20250302T044505Z is now earlier than 20250302T045634Z (20250302T051134Z - 15 min.)
2025-03-02 10:15:05,109 - ERROR - Error uploading to DynamoDB: An error occurred (InvalidSignatureException) when calling the PutItem operation: Signature expired: 20250302T044505Z is now earlier than 20250302T045634Z (20250302T051134Z - 15 min.)
2025-03-02 10:15:05,123 - ERROR - Error uploading to DynamoDB: An error occurred (InvalidSignatureException) when calling the PutItem operation: Signature expired: 20250302T044505Z is now earlier than 20250302T045634Z (20250302T051134Z - 15 min.)
2025-03-02 10:15:05,137 - ERROR - Error uploading to DynamoDB: An error occurred (InvalidSignatureException) when calling the PutItem operation: Signature expired: 20250302T044505Z is now earlier than 20250302T045634Z (20250302T051134Z - 15 min.)
2025-03-02 10:15:05,151 - ERROR - Error uploading to DynamoDB: An error occurred (InvalidSignatureException) when calling the PutItem operation: Signature expired: 20250302T044505Z is now earlier than 20250302T045634Z (20250302T051134Z - 15 min.)
2025-03-02 10:15:05,166 - ERROR - Error uploading to DynamoDB: An error occurred (InvalidSignatureException) when calling the PutItem operation: Signature expired: 20250302T044505Z is now earlier than 20250302T045634Z (20250302T051134Z - 15 min.)
2025-03-02 10:15:05,182 - ERROR - Error uploading to DynamoDB: An error occurred (InvalidSignatureException) when calling the PutItem operation: Signature expired: 20250302T044505Z is now earlier than 20250302T045634Z (20250302T051134Z - 15 min.)
2025-03-02 10:15:05,198 - ERROR - Error uploading to DynamoDB: An error occurred (InvalidSignatureException) when calling the PutItem operation: Signature expired: 20250302T044505Z is now earlier than 20250302T045634Z (20250302T051134Z - 15 min.)
2025-03-02 10:15:05,213 - ERROR - Error uploading to DynamoDB: An error occurred (InvalidSignatureException) when calling the PutItem operation: Signature expired: 20250302T044505Z is now earlier than 20250302T045634Z (20250302T051134Z - 15 min.)
2025-03-02 10:15:05,232 - ERROR - Error uploading to DynamoDB: An error occurred (InvalidSignatureException) when calling the PutItem operation: Signature expired: 20250302T044505Z is now earlier than 20250302T045634Z (20250302T051134Z - 15 min.)
2025-03-02 10:15:05,250 - ERROR - Error uploading to DynamoDB: An error occurred (InvalidSignatureException) when calling the PutItem operation: Signature expired: 20250302T044505Z is now earlier than 20250302T045634Z (20250302T051134Z - 15 min.)
2025-03-02 10:15:05,268 - ERROR - Error uploading to DynamoDB: An error occurred (InvalidSignatureException) when calling the PutItem operation: Signature expired: 20250302T044505Z is now earlier than 20250302T045634Z (20250302T051134Z - 15 min.)
2025-03-02 10:15:05,286 - ERROR - Error uploading to DynamoDB: An error occurred (InvalidSignatureException) when calling the PutItem operation: Signature expired: 20250302T044505Z is now earlier than 20250302T045634Z (20250302T051134Z - 15 min.)
2025-03-02 10:15:05,303 - ERROR - Error uploading to DynamoDB: An error occurred (InvalidSignatureException) when calling the PutItem operation: Signature expired: 20250302T044505Z is now earlier than 20250302T045634Z (20250302T051134Z - 15 min.)
2025-03-02 10:15:05,319 - ERROR - Error uploading to DynamoDB: An error occurred (InvalidSignatureException) when calling the PutItem operation: Signature expired: 20250302T044505Z is now earlier than 20250302T045634Z (20250302T051134Z - 15 min.)
2025-03-02 10:15:05,334 - ERROR - Error uploading to DynamoDB: An error occurred (InvalidSignatureException) when calling the PutItem operation: Signature expired: 20250302T044505Z is now earlier than 20250302T045634Z (20250302T051134Z - 15 min.)
2025-03-02 10:15:05,349 - ERROR - Error uploading to DynamoDB: An error occurred (InvalidSignatureException) when calling the PutItem operation: Signature expired: 20250302T044505Z is now earlier than 20250302T045634Z (20250302T051134Z - 15 min.)
2025-03-02 10:15:05,364 - ERROR - Error uploading to DynamoDB: An error occurred (InvalidSignatureException) when calling the PutItem operation: Signature expired: 20250302T044505Z is now earlier than 20250302T045634Z (20250302T051134Z - 15 min.)
2025-03-02 10:15:05,377 - ERROR - Error uploading to DynamoDB: An error occurred (InvalidSignatureException) when calling the PutItem operation: Signature expired: 20250302T044505Z is now earlier than 20250302T045634Z (20250302T051134Z - 15 min.)
2025-03-02 10:15:05,393 - ERROR - Error uploading to DynamoDB: An error occurred (InvalidSignatureException) when calling the PutItem operation: Signature expired: 20250302T044505Z is now earlier than 20250302T045634Z (20250302T051134Z - 15 min.)
2025-03-02 10:15:05,408 - ERROR - Error uploading to DynamoDB: An error occurred (InvalidSignatureException) when calling the PutItem operation: Signature expired: 20250302T044505Z is now earlier than 20250302T045634Z (20250302T051134Z - 15 min.)
2025-03-02 10:15:05,421 - ERROR - Error uploading to DynamoDB: An error occurred (InvalidSignatureException) when calling the PutItem operation: Signature expired: 20250302T044505Z is now earlier than 20250302T045634Z (20250302T051134Z - 15 min.)
2025-03-02 10:15:05,436 - ERROR - Error uploading to DynamoDB: An error occurred (InvalidSignatureException) when calling the PutItem operation: Signature expired: 20250302T044505Z is now earlier than 20250302T045634Z (20250302T051134Z - 15 min.)
2025-03-02 10:15:05,453 - ERROR - Error uploading to DynamoDB: An error occurred (InvalidSignatureException) when calling the PutItem operation: Signature expired: 20250302T044505Z is now earlier than 20250302T045634Z (20250302T051134Z - 15 min.)
2025-03-02 10:15:05,468 - ERROR - Error uploading to DynamoDB: An error occurred (InvalidSignatureException) when calling the PutItem operation: Signature expired: 20250302T044505Z is now earlier than 20250302T045634Z (20250302T051134Z - 15 min.)
2025-03-02 10:15:05,483 - ERROR - Error uploading to DynamoDB: An error occurred (InvalidSignatureException) when calling the PutItem operation: Signature expired: 20250302T044505Z is now earlier than 20250302T045634Z (20250302T051134Z - 15 min.)
2025-03-02 10:15:05,499 - ERROR - Error uploading to DynamoDB: An error occurred (InvalidSignatureException) when calling the PutItem operation: Signature expired: 20250302T044505Z is now earlier than 20250302T045634Z (20250302T051134Z - 15 min.)
2025-03-02 10:15:05,514 - ERROR - Error uploading to DynamoDB: An error occurred (InvalidSignatureException) when calling the PutItem operation: Signature expired: 20250302T044505Z is now earlier than 20250302T045634Z (20250302T051134Z - 15 min.)
2025-03-02 10:15:05,532 - ERROR - Error uploading to DynamoDB: An error occurred (InvalidSignatureException) when calling the PutItem operation: Signature expired: 20250302T044505Z is now earlier than 20250302T045634Z (20250302T051134Z - 15 min.)
2025-03-02 10:15:05,547 - ERROR - Error uploading to DynamoDB: An error occurred (InvalidSignatureException) when calling the PutItem operation: Signature expired: 20250302T044505Z is now earlier than 20250302T045634Z (20250302T051134Z - 15 min.)
2025-03-02 10:15:05,561 - ERROR - Error uploading to DynamoDB: An error occurred (InvalidSignatureException) when calling the PutItem operation: Signature expired: 20250302T044505Z is now earlier than 20250302T045634Z (20250302T051134Z - 15 min.)
2025-03-02 10:15:05,575 - ERROR - Error uploading to DynamoDB: An error occurred (InvalidSignatureException) when calling the PutItem operation: Signature expired: 20250302T044505Z is now earlier than 20250302T045634Z (20250302T051134Z - 15 min.)
2025-03-02 10:15:05,590 - ERROR - Error uploading to DynamoDB: An error occurred (InvalidSignatureException) when calling the PutItem operation: Signature expired: 20250302T044505Z is now earlier than 20250302T045634Z (20250302T051134Z - 15 min.)
2025-03-02 10:15:05,604 - ERROR - Error uploading to DynamoDB: An error occurred (InvalidSignatureException) when calling the PutItem operation: Signature expired: 20250302T044505Z is now earlier than 20250302T045634Z (20250302T051134Z - 15 min.)
2025-03-02 10:15:05,619 - ERROR - Error uploading to DynamoDB: An error occurred (InvalidSignatureException) when calling the PutItem operation: Signature expired: 20250302T044505Z is now earlier than 20250302T045634Z (20250302T051134Z - 15 min.)
2025-03-02 10:15:05,636 - ERROR - Error uploading to DynamoDB: An error occurred (InvalidSignatureException) when calling the PutItem operation: Signature expired: 20250302T044505Z is now earlier than 20250302T045634Z (20250302T051134Z - 15 min.)
2025-03-02 10:15:05,653 - ERROR - Error uploading to DynamoDB: An error occurred (InvalidSignatureException) when calling the PutItem operation: Signature expired: 20250302T044505Z is now earlier than 20250302T045634Z (20250302T051134Z - 15 min.)
2025-03-02 10:15:05,671 - ERROR - Error uploading to DynamoDB: An error occurred (InvalidSignatureException) when calling the PutItem operation: Signature expired: 20250302T044505Z is now earlier than 20250302T045634Z (20250302T051134Z - 15 min.)
2025-03-02 10:15:05,685 - ERROR - Error uploading to DynamoDB: An error occurred (InvalidSignatureException) when calling the PutItem operation: Signature expired: 20250302T044505Z is now earlier than 20250302T045634Z (20250302T051134Z - 15 min.)
2025-03-02 10:15:05,700 - ERROR - Error uploading to DynamoDB: An error occurred (InvalidSignatureException) when calling the PutItem operation: Signature expired: 20250302T044505Z is now earlier than 20250302T045634Z (20250302T051134Z - 15 min.)
2025-03-02 10:15:05,715 - ERROR - Error uploading to DynamoDB: An error occurred (InvalidSignatureException) when calling the PutItem operation: Signature expired: 20250302T044505Z is now earlier than 20250302T045634Z (20250302T051134Z - 15 min.)
2025-03-02 10:15:05,728 - ERROR - Error uploading to DynamoDB: An error occurred (InvalidSignatureException) when calling the PutItem operation: Signature expired: 20250302T044505Z is now earlier than 20250302T045635Z (20250302T051135Z - 15 min.)
2025-03-02 10:15:05,744 - ERROR - Error uploading to DynamoDB: An error occurred (InvalidSignatureException) when calling the PutItem operation: Signature expired: 20250302T044505Z is now earlier than 20250302T045635Z (20250302T051135Z - 15 min.)
2025-03-02 10:15:05,759 - ERROR - Error uploading to DynamoDB: An error occurred (InvalidSignatureException) when calling the PutItem operation: Signature expired: 20250302T044505Z is now earlier than 20250302T045635Z (20250302T051135Z - 15 min.)
2025-03-02 10:15:05,780 - ERROR - Error uploading to DynamoDB: An error occurred (InvalidSignatureException) when calling the PutItem operation: Signature expired: 20250302T044505Z is now earlier than 20250302T045635Z (20250302T051135Z - 15 min.)
2025-03-02 10:15:05,796 - ERROR - Error uploading to DynamoDB: An error occurred (InvalidSignatureException) when calling the PutItem operation: Signature expired: 20250302T044505Z is now earlier than 20250302T045635Z (20250302T051135Z - 15 min.)
2025-03-02 10:15:05,816 - ERROR - Error uploading to DynamoDB: An error occurred (InvalidSignatureException) when calling the PutItem operation: Signature expired: 20250302T044505Z is now earlier than 20250302T045635Z (20250302T051135Z - 15 min.)
2025-03-02 10:15:05,832 - ERROR - Error uploading to DynamoDB: An error occurred (InvalidSignatureException) when calling the PutItem operation: Signature expired: 20250302T044505Z is now earlier than 20250302T045635Z (20250302T051135Z - 15 min.)
2025-03-02 10:15:05,845 - ERROR - Error uploading to DynamoDB: An error occurred (InvalidSignatureException) when calling the PutItem operation: Signature expired: 20250302T044505Z is now earlier than 20250302T045635Z (20250302T051135Z - 15 min.)
2025-03-02 10:15:05,860 - ERROR - Error uploading to DynamoDB: An error occurred (InvalidSignatureException) when calling the PutItem operation: Signature expired: 20250302T044505Z is now earlier than 20250302T045635Z (20250302T051135Z - 15 min.)
2025-03-02 10:15:05,880 - ERROR - Error uploading to DynamoDB: An error occurred (InvalidSignatureException) when calling the PutItem operation: Signature expired: 20250302T044505Z is now earlier than 20250302T045635Z (20250302T051135Z - 15 min.)
2025-03-02 10:15:05,895 - ERROR - Error uploading to DynamoDB: An error occurred (InvalidSignatureException) when calling the PutItem operation: Signature expired: 20250302T044505Z is now earlier than 20250302T045635Z (20250302T051135Z - 15 min.)
2025-03-02 10:15:05,910 - ERROR - Error uploading to DynamoDB: An error occurred (InvalidSignatureException) when calling the PutItem operation: Signature expired: 20250302T044505Z is now earlier than 20250302T045635Z (20250302T051135Z - 15 min.)
2025-03-02 10:15:05,924 - ERROR - Error uploading to DynamoDB: An error occurred (InvalidSignatureException) when calling the PutItem operation: Signature expired: 20250302T044505Z is now earlier than 20250302T045635Z (20250302T051135Z - 15 min.)
2025-03-02 10:15:05,940 - ERROR - Error uploading to DynamoDB: An error occurred (InvalidSignatureException) when calling the PutItem operation: Signature expired: 20250302T044505Z is now earlier than 20250302T045635Z (20250302T051135Z - 15 min.)
2025-03-02 10:15:05,959 - ERROR - Error uploading to DynamoDB: An error occurred (InvalidSignatureException) when calling the PutItem operation: Signature expired: 20250302T044505Z is now earlier than 20250302T045635Z (20250302T051135Z - 15 min.)
2025-03-02 10:15:05,974 - ERROR - Error uploading to DynamoDB: An error occurred (InvalidSignatureException) when calling the PutItem operation: Signature expired: 20250302T044505Z is now earlier than 20250302T045635Z (20250302T051135Z - 15 min.)
2025-03-02 10:15:05,990 - ERROR - Error uploading to DynamoDB: An error occurred (InvalidSignatureException) when calling the PutItem operation: Signature expired: 20250302T044505Z is now earlier than 20250302T045635Z (20250302T051135Z - 15 min.)
2025-03-02 10:15:06,007 - ERROR - Error uploading to DynamoDB: An error occurred (InvalidSignatureException) when calling the PutItem operation: Signature expired: 20250302T044505Z is now earlier than 20250302T045635Z (20250302T051135Z - 15 min.)
2025-03-02 10:15:06,021 - ERROR - Error uploading to DynamoDB: An error occurred (InvalidSignatureException) when calling the PutItem operation: Signature expired: 20250302T044506Z is now earlier than 20250302T045635Z (20250302T051135Z - 15 min.)
2025-03-02 10:15:06,038 - ERROR - Error uploading to DynamoDB: An error occurred (InvalidSignatureException) when calling the PutItem operation: Signature expired: 20250302T044506Z is now earlier than 20250302T045635Z (20250302T051135Z - 15 min.)
2025-03-02 10:15:06,053 - ERROR - Error uploading to DynamoDB: An error occurred (InvalidSignatureException) when calling the PutItem operation: Signature expired: 20250302T044506Z is now earlier than 20250302T045635Z (20250302T051135Z - 15 min.)
2025-03-02 10:15:06,069 - ERROR - Error uploading to DynamoDB: An error occurred (InvalidSignatureException) when calling the PutItem operation: Signature expired: 20250302T044506Z is now earlier than 20250302T045635Z (20250302T051135Z - 15 min.)
2025-03-02 10:15:06,086 - ERROR - Error uploading to DynamoDB: An error occurred (InvalidSignatureException) when calling the PutItem operation: Signature expired: 20250302T044506Z is now earlier than 20250302T045635Z (20250302T051135Z - 15 min.)
2025-03-02 10:15:06,104 - ERROR - Error uploading to DynamoDB: An error occurred (InvalidSignatureException) when calling the PutItem operation: Signature expired: 20250302T044506Z is now earlier than 20250302T045635Z (20250302T051135Z - 15 min.)
2025-03-02 10:15:06,130 - ERROR - Error uploading to DynamoDB: An error occurred (InvalidSignatureException) when calling the PutItem operation: Signature expired: 20250302T044506Z is now earlier than 20250302T045635Z (20250302T051135Z - 15 min.)
2025-03-02 10:15:06,146 - ERROR - Error uploading to DynamoDB: An error occurred (InvalidSignatureException) when calling the PutItem operation: Signature expired: 20250302T044506Z is now earlier than 20250302T045635Z (20250302T051135Z - 15 min.)
2025-03-02 10:15:06,162 - ERROR - Error uploading to DynamoDB: An error occurred (InvalidSignatureException) when calling the PutItem operation: Signature expired: 20250302T044506Z is now earlier than 20250302T045635Z (20250302T051135Z - 15 min.)
2025-03-02 10:15:06,177 - ERROR - Error uploading to DynamoDB: An error occurred (InvalidSignatureException) when calling the PutItem operation: Signature expired: 20250302T044506Z is now earlier than 20250302T045635Z (20250302T051135Z - 15 min.)
2025-03-02 10:15:06,191 - ERROR - Error uploading to DynamoDB: An error occurred (InvalidSignatureException) when calling the PutItem operation: Signature expired: 20250302T044506Z is now earlier than 20250302T045635Z (20250302T051135Z - 15 min.)
2025-03-02 10:15:06,207 - ERROR - Error uploading to DynamoDB: An error occurred (InvalidSignatureException) when calling the PutItem operation: Signature expired: 20250302T044506Z is now earlier than 20250302T045635Z (20250302T051135Z - 15 min.)
2025-03-02 10:15:06,221 - ERROR - Error uploading to DynamoDB: An error occurred (InvalidSignatureException) when calling the PutItem operation: Signature expired: 20250302T044506Z is now earlier than 20250302T045635Z (20250302T051135Z - 15 min.)
2025-03-02 10:15:06,236 - ERROR - Error uploading to DynamoDB: An error occurred (InvalidSignatureException) when calling the PutItem operation: Signature expired: 20250302T044506Z is now earlier than 20250302T045635Z (20250302T051135Z - 15 min.)
2025-03-02 10:15:06,252 - ERROR - Error uploading to DynamoDB: An error occurred (InvalidSignatureException) when calling the PutItem operation: Signature expired: 20250302T044506Z is now earlier than 20250302T045635Z (20250302T051135Z - 15 min.)
2025-03-02 10:15:06,267 - ERROR - Error uploading to DynamoDB: An error occurred (InvalidSignatureException) when calling the PutItem operation: Signature expired: 20250302T044506Z is now earlier than 20250302T045635Z (20250302T051135Z - 15 min.)
2025-03-02 10:15:06,291 - ERROR - Error uploading to DynamoDB: An error occurred (InvalidSignatureException) when calling the PutItem operation: Signature expired: 20250302T044506Z is now earlier than 20250302T045635Z (20250302T051135Z - 15 min.)
2025-03-02 10:15:06,306 - ERROR - Error uploading to DynamoDB: An error occurred (InvalidSignatureException) when calling the PutItem operation: Signature expired: 20250302T044506Z is now earlier than 20250302T045635Z (20250302T051135Z - 15 min.)
2025-03-02 10:15:06,320 - ERROR - Error uploading to DynamoDB: An error occurred (InvalidSignatureException) when calling the PutItem operation: Signature expired: 20250302T044506Z is now earlier than 20250302T045635Z (20250302T051135Z - 15 min.)
2025-03-02 10:15:06,340 - ERROR - Error uploading to DynamoDB: An error occurred (InvalidSignatureException) when calling the PutItem operation: Signature expired: 20250302T044506Z is now earlier than 20250302T045635Z (20250302T051135Z - 15 min.)
2025-03-02 10:15:06,355 - ERROR - Error uploading to DynamoDB: An error occurred (InvalidSignatureException) when calling the PutItem operation: Signature expired: 20250302T044506Z is now earlier than 20250302T045635Z (20250302T051135Z - 15 min.)
2025-03-02 10:15:06,368 - ERROR - Error uploading to DynamoDB: An error occurred (InvalidSignatureException) when calling the PutItem operation: Signature expired: 20250302T044506Z is now earlier than 20250302T045635Z (20250302T051135Z - 15 min.)
2025-03-02 10:15:06,383 - ERROR - Error uploading to DynamoDB: An error occurred (InvalidSignatureException) when calling the PutItem operation: Signature expired: 20250302T044506Z is now earlier than 20250302T045635Z (20250302T051135Z - 15 min.)
2025-03-02 10:15:06,405 - ERROR - Error uploading to DynamoDB: An error occurred (InvalidSignatureException) when calling the PutItem operation: Signature expired: 20250302T044506Z is now earlier than 20250302T045635Z (20250302T051135Z - 15 min.)
2025-03-02 10:15:06,424 - ERROR - Error uploading to DynamoDB: An error occurred (InvalidSignatureException) when calling the PutItem operation: Signature expired: 20250302T044506Z is now earlier than 20250302T045635Z (20250302T051135Z - 15 min.)
2025-03-02 10:15:06,444 - ERROR - Error uploading to DynamoDB: An error occurred (InvalidSignatureException) when calling the PutItem operation: Signature expired: 20250302T044506Z is now earlier than 20250302T045635Z (20250302T051135Z - 15 min.)
2025-03-02 10:15:06,463 - ERROR - Error uploading to DynamoDB: An error occurred (InvalidSignatureException) when calling the PutItem operation: Signature expired: 20250302T044506Z is now earlier than 20250302T045635Z (20250302T051135Z - 15 min.)
2025-03-02 10:15:06,478 - ERROR - Error uploading to DynamoDB: An error occurred (InvalidSignatureException) when calling the PutItem operation: Signature expired: 20250302T044506Z is now earlier than 20250302T045635Z (20250302T051135Z - 15 min.)
2025-03-02 10:15:06,494 - ERROR - Error uploading to DynamoDB: An error occurred (InvalidSignatureException) when calling the PutItem operation: Signature expired: 20250302T044506Z is now earlier than 20250302T045635Z (20250302T051135Z - 15 min.)
2025-03-02 10:15:06,509 - ERROR - Error uploading to DynamoDB: An error occurred (InvalidSignatureException) when calling the PutItem operation: Signature expired: 20250302T044506Z is now earlier than 20250302T045635Z (20250302T051135Z - 15 min.)
2025-03-02 10:15:06,524 - ERROR - Error uploading to DynamoDB: An error occurred (InvalidSignatureException) when calling the PutItem operation: Signature expired: 20250302T044506Z is now earlier than 20250302T045635Z (20250302T051135Z - 15 min.)
2025-03-02 10:15:06,539 - ERROR - Error uploading to DynamoDB: An error occurred (InvalidSignatureException) when calling the PutItem operation: Signature expired: 20250302T044506Z is now earlier than 20250302T045635Z (20250302T051135Z - 15 min.)
2025-03-02 10:15:06,562 - ERROR - Error uploading to DynamoDB: An error occurred (InvalidSignatureException) when calling the PutItem operation: Signature expired: 20250302T044506Z is now earlier than 20250302T045635Z (20250302T051135Z - 15 min.)
2025-03-02 10:15:06,578 - ERROR - Error uploading to DynamoDB: An error occurred (InvalidSignatureException) when calling the PutItem operation: Signature expired: 20250302T044506Z is now earlier than 20250302T045635Z (20250302T051135Z - 15 min.)
2025-03-02 10:15:06,593 - ERROR - Error uploading to DynamoDB: An error occurred (InvalidSignatureException) when calling the PutItem operation: Signature expired: 20250302T044506Z is now earlier than 20250302T045635Z (20250302T051135Z - 15 min.)
2025-03-02 10:15:06,608 - ERROR - Error uploading to DynamoDB: An error occurred (InvalidSignatureException) when calling the PutItem operation: Signature expired: 20250302T044506Z is now earlier than 20250302T045635Z (20250302T051135Z - 15 min.)
2025-03-02 10:15:06,626 - ERROR - Error uploading to DynamoDB: An error occurred (InvalidSignatureException) when calling the PutItem operation: Signature expired: 20250302T044506Z is now earlier than 20250302T045635Z (20250302T051135Z - 15 min.)
2025-03-02 10:15:06,645 - ERROR - Error uploading to DynamoDB: An error occurred (InvalidSignatureException) when calling the PutItem operation: Signature expired: 20250302T044506Z is now earlier than 20250302T045635Z (20250302T051135Z - 15 min.)
2025-03-02 10:15:06,661 - ERROR - Error uploading to DynamoDB: An error occurred (InvalidSignatureException) when calling the PutItem operation: Signature expired: 20250302T044506Z is now earlier than 20250302T045635Z (20250302T051135Z - 15 min.)
2025-03-02 10:15:06,675 - ERROR - Error uploading to DynamoDB: An error occurred (InvalidSignatureException) when calling the PutItem operation: Signature expired: 20250302T044506Z is now earlier than 20250302T045635Z (20250302T051135Z - 15 min.)
2025-03-02 10:15:06,690 - ERROR - Error uploading to DynamoDB: An error occurred (InvalidSignatureException) when calling the PutItem operation: Signature expired: 20250302T044506Z is now earlier than 20250302T045635Z (20250302T051135Z - 15 min.)
2025-03-02 10:15:06,707 - ERROR - Error uploading to DynamoDB: An error occurred (InvalidSignatureException) when calling the PutItem operation: Signature expired: 20250302T044506Z is now earlier than 20250302T045635Z (20250302T051135Z - 15 min.)
2025-03-02 10:15:06,724 - ERROR - Error uploading to DynamoDB: An error occurred (InvalidSignatureException) when calling the PutItem operation: Signature expired: 20250302T044506Z is now earlier than 20250302T045635Z (20250302T051135Z - 15 min.)
2025-03-02 10:15:06,743 - ERROR - Error uploading to DynamoDB: An error occurred (InvalidSignatureException) when calling the PutItem operation: Signature expired: 20250302T044506Z is now earlier than 20250302T045636Z (20250302T051136Z - 15 min.)
2025-03-02 10:15:06,758 - ERROR - Error uploading to DynamoDB: An error occurred (InvalidSignatureException) when calling the PutItem operation: Signature expired: 20250302T044506Z is now earlier than 20250302T045636Z (20250302T051136Z - 15 min.)
2025-03-02 10:15:06,773 - ERROR - Error uploading to DynamoDB: An error occurred (InvalidSignatureException) when calling the PutItem operation: Signature expired: 20250302T044506Z is now earlier than 20250302T045636Z (20250302T051136Z - 15 min.)
2025-03-02 10:15:06,788 - ERROR - Error uploading to DynamoDB: An error occurred (InvalidSignatureException) when calling the PutItem operation: Signature expired: 20250302T044506Z is now earlier than 20250302T045636Z (20250302T051136Z - 15 min.)
2025-03-02 10:15:06,803 - ERROR - Error uploading to DynamoDB: An error occurred (InvalidSignatureException) when calling the PutItem operation: Signature expired: 20250302T044506Z is now earlier than 20250302T045636Z (20250302T051136Z - 15 min.)
2025-03-02 10:15:06,818 - ERROR - Error uploading to DynamoDB: An error occurred (InvalidSignatureException) when calling the PutItem operation: Signature expired: 20250302T044506Z is now earlier than 20250302T045636Z (20250302T051136Z - 15 min.)
2025-03-02 10:15:06,835 - ERROR - Error uploading to DynamoDB: An error occurred (InvalidSignatureException) when calling the PutItem operation: Signature expired: 20250302T044506Z is now earlier than 20250302T045636Z (20250302T051136Z - 15 min.)
2025-03-02 10:15:06,852 - ERROR - Error uploading to DynamoDB: An error occurred (InvalidSignatureException) when calling the PutItem operation: Signature expired: 20250302T044506Z is now earlier than 20250302T045636Z (20250302T051136Z - 15 min.)
2025-03-02 10:15:06,866 - ERROR - Error uploading to DynamoDB: An error occurred (InvalidSignatureException) when calling the PutItem operation: Signature expired: 20250302T044506Z is now earlier than 20250302T045636Z (20250302T051136Z - 15 min.)
2025-03-02 10:15:06,880 - ERROR - Error uploading to DynamoDB: An error occurred (InvalidSignatureException) when calling the PutItem operation: Signature expired: 20250302T044506Z is now earlier than 20250302T045636Z (20250302T051136Z - 15 min.)
2025-03-02 10:15:06,896 - ERROR - Error uploading to DynamoDB: An error occurred (InvalidSignatureException) when calling the PutItem operation: Signature expired: 20250302T044506Z is now earlier than 20250302T045636Z (20250302T051136Z - 15 min.)
2025-03-02 10:15:06,911 - ERROR - Error uploading to DynamoDB: An error occurred (InvalidSignatureException) when calling the PutItem operation: Signature expired: 20250302T044506Z is now earlier than 20250302T045636Z (20250302T051136Z - 15 min.)
2025-03-02 10:15:06,927 - ERROR - Error uploading to DynamoDB: An error occurred (InvalidSignatureException) when calling the PutItem operation: Signature expired: 20250302T044506Z is now earlier than 20250302T045636Z (20250302T051136Z - 15 min.)
2025-03-02 10:15:06,943 - ERROR - Error uploading to DynamoDB: An error occurred (InvalidSignatureException) when calling the PutItem operation: Signature expired: 20250302T044506Z is now earlier than 20250302T045636Z (20250302T051136Z - 15 min.)
2025-03-02 10:15:06,958 - ERROR - Error uploading to DynamoDB: An error occurred (InvalidSignatureException) when calling the PutItem operation: Signature expired: 20250302T044506Z is now earlier than 20250302T045636Z (20250302T051136Z - 15 min.)
2025-03-02 10:15:06,972 - ERROR - Error uploading to DynamoDB: An error occurred (InvalidSignatureException) when calling the PutItem operation: Signature expired: 20250302T044506Z is now earlier than 20250302T045636Z (20250302T051136Z - 15 min.)
2025-03-02 10:15:06,989 - ERROR - Error uploading to DynamoDB: An error occurred (InvalidSignatureException) when calling the PutItem operation: Signature expired: 20250302T044506Z is now earlier than 20250302T045636Z (20250302T051136Z - 15 min.)
2025-03-02 10:15:07,002 - ERROR - Error uploading to DynamoDB: An error occurred (InvalidSignatureException) when calling the PutItem operation: Signature expired: 20250302T044506Z is now earlier than 20250302T045636Z (20250302T051136Z - 15 min.)
2025-03-02 10:15:07,015 - ERROR - Error uploading to DynamoDB: An error occurred (InvalidSignatureException) when calling the PutItem operation: Signature expired: 20250302T044507Z is now earlier than 20250302T045636Z (20250302T051136Z - 15 min.)
2025-03-02 10:15:07,029 - ERROR - Error uploading to DynamoDB: An error occurred (InvalidSignatureException) when calling the PutItem operation: Signature expired: 20250302T044507Z is now earlier than 20250302T045636Z (20250302T051136Z - 15 min.)
2025-03-02 10:15:07,046 - ERROR - Error uploading to DynamoDB: An error occurred (InvalidSignatureException) when calling the PutItem operation: Signature expired: 20250302T044507Z is now earlier than 20250302T045636Z (20250302T051136Z - 15 min.)
2025-03-02 10:15:07,063 - ERROR - Error uploading to DynamoDB: An error occurred (InvalidSignatureException) when calling the PutItem operation: Signature expired: 20250302T044507Z is now earlier than 20250302T045636Z (20250302T051136Z - 15 min.)
2025-03-02 10:15:07,081 - ERROR - Error uploading to DynamoDB: An error occurred (InvalidSignatureException) when calling the PutItem operation: Signature expired: 20250302T044507Z is now earlier than 20250302T045636Z (20250302T051136Z - 15 min.)
2025-03-02 10:15:07,096 - ERROR - Error uploading to DynamoDB: An error occurred (InvalidSignatureException) when calling the PutItem operation: Signature expired: 20250302T044507Z is now earlier than 20250302T045636Z (20250302T051136Z - 15 min.)
2025-03-02 10:15:07,111 - ERROR - Error uploading to DynamoDB: An error occurred (InvalidSignatureException) when calling the PutItem operation: Signature expired: 20250302T044507Z is now earlier than 20250302T045636Z (20250302T051136Z - 15 min.)
2025-03-02 10:15:07,127 - ERROR - Error uploading to DynamoDB: An error occurred (InvalidSignatureException) when calling the PutItem operation: Signature expired: 20250302T044507Z is now earlier than 20250302T045636Z (20250302T051136Z - 15 min.)
2025-03-02 10:15:07,142 - ERROR - Error uploading to DynamoDB: An error occurred (InvalidSignatureException) when calling the PutItem operation: Signature expired: 20250302T044507Z is now earlier than 20250302T045636Z (20250302T051136Z - 15 min.)
2025-03-02 10:15:07,159 - ERROR - Error uploading to DynamoDB: An error occurred (InvalidSignatureException) when calling the PutItem operation: Signature expired: 20250302T044507Z is now earlier than 20250302T045636Z (20250302T051136Z - 15 min.)
2025-03-02 10:15:07,176 - ERROR - Error uploading to DynamoDB: An error occurred (InvalidSignatureException) when calling the PutItem operation: Signature expired: 20250302T044507Z is now earlier than 20250302T045636Z (20250302T051136Z - 15 min.)
2025-03-02 10:15:07,192 - ERROR - Error uploading to DynamoDB: An error occurred (InvalidSignatureException) when calling the PutItem operation: Signature expired: 20250302T044507Z is now earlier than 20250302T045636Z (20250302T051136Z - 15 min.)
2025-03-02 10:15:07,207 - ERROR - Error uploading to DynamoDB: An error occurred (InvalidSignatureException) when calling the PutItem operation: Signature expired: 20250302T044507Z is now earlier than 20250302T045636Z (20250302T051136Z - 15 min.)
2025-03-02 10:15:07,221 - ERROR - Error uploading to DynamoDB: An error occurred (InvalidSignatureException) when calling the PutItem operation: Signature expired: 20250302T044507Z is now earlier than 20250302T045636Z (20250302T051136Z - 15 min.)
2025-03-02 10:15:07,242 - ERROR - Error uploading to DynamoDB: An error occurred (InvalidSignatureException) when calling the PutItem operation: Signature expired: 20250302T044507Z is now earlier than 20250302T045636Z (20250302T051136Z - 15 min.)
2025-03-02 10:15:07,255 - ERROR - Error uploading to DynamoDB: An error occurred (InvalidSignatureException) when calling the PutItem operation: Signature expired: 20250302T044507Z is now earlier than 20250302T045636Z (20250302T051136Z - 15 min.)
2025-03-02 10:15:07,269 - ERROR - Error uploading to DynamoDB: An error occurred (InvalidSignatureException) when calling the PutItem operation: Signature expired: 20250302T044507Z is now earlier than 20250302T045636Z (20250302T051136Z - 15 min.)
2025-03-02 10:15:07,287 - ERROR - Error uploading to DynamoDB: An error occurred (InvalidSignatureException) when calling the PutItem operation: Signature expired: 20250302T044507Z is now earlier than 20250302T045636Z (20250302T051136Z - 15 min.)
2025-03-02 10:15:07,301 - ERROR - Error uploading to DynamoDB: An error occurred (InvalidSignatureException) when calling the PutItem operation: Signature expired: 20250302T044507Z is now earlier than 20250302T045636Z (20250302T051136Z - 15 min.)
2025-03-02 10:15:07,318 - ERROR - Error uploading to DynamoDB: An error occurred (InvalidSignatureException) when calling the PutItem operation: Signature expired: 20250302T044507Z is now earlier than 20250302T045636Z (20250302T051136Z - 15 min.)
2025-03-02 10:15:07,334 - ERROR - Error uploading to DynamoDB: An error occurred (InvalidSignatureException) when calling the PutItem operation: Signature expired: 20250302T044507Z is now earlier than 20250302T045636Z (20250302T051136Z - 15 min.)
2025-03-02 10:15:07,351 - ERROR - Error uploading to DynamoDB: An error occurred (InvalidSignatureException) when calling the PutItem operation: Signature expired: 20250302T044507Z is now earlier than 20250302T045636Z (20250302T051136Z - 15 min.)
2025-03-02 10:15:07,365 - ERROR - Error uploading to DynamoDB: An error occurred (InvalidSignatureException) when calling the PutItem operation: Signature expired: 20250302T044507Z is now earlier than 20250302T045636Z (20250302T051136Z - 15 min.)
2025-03-02 10:15:07,379 - ERROR - Error uploading to DynamoDB: An error occurred (InvalidSignatureException) when calling the PutItem operation: Signature expired: 20250302T044507Z is now earlier than 20250302T045636Z (20250302T051136Z - 15 min.)
2025-03-02 10:15:07,393 - ERROR - Error uploading to DynamoDB: An error occurred (InvalidSignatureException) when calling the PutItem operation: Signature expired: 20250302T044507Z is now earlier than 20250302T045636Z (20250302T051136Z - 15 min.)
2025-03-02 10:15:07,412 - ERROR - Error uploading to DynamoDB: An error occurred (InvalidSignatureException) when calling the PutItem operation: Signature expired: 20250302T044507Z is now earlier than 20250302T045636Z (20250302T051136Z - 15 min.)
2025-03-02 10:15:07,426 - ERROR - Error uploading to DynamoDB: An error occurred (InvalidSignatureException) when calling the PutItem operation: Signature expired: 20250302T044507Z is now earlier than 20250302T045636Z (20250302T051136Z - 15 min.)
2025-03-02 10:15:07,441 - ERROR - Error uploading to DynamoDB: An error occurred (InvalidSignatureException) when calling the PutItem operation: Signature expired: 20250302T044507Z is now earlier than 20250302T045636Z (20250302T051136Z - 15 min.)
2025-03-02 10:15:07,457 - ERROR - Error uploading to DynamoDB: An error occurred (InvalidSignatureException) when calling the PutItem operation: Signature expired: 20250302T044507Z is now earlier than 20250302T045636Z (20250302T051136Z - 15 min.)
2025-03-02 10:15:07,473 - ERROR - Error uploading to DynamoDB: An error occurred (InvalidSignatureException) when calling the PutItem operation: Signature expired: 20250302T044507Z is now earlier than 20250302T045636Z (20250302T051136Z - 15 min.)
2025-03-02 10:15:07,487 - ERROR - Error uploading to DynamoDB: An error occurred (InvalidSignatureException) when calling the PutItem operation: Signature expired: 20250302T044507Z is now earlier than 20250302T045636Z (20250302T051136Z - 15 min.)
2025-03-02 10:15:07,501 - ERROR - Error uploading to DynamoDB: An error occurred (InvalidSignatureException) when calling the PutItem operation: Signature expired: 20250302T044507Z is now earlier than 20250302T045636Z (20250302T051136Z - 15 min.)
2025-03-02 10:15:07,516 - ERROR - Error uploading to DynamoDB: An error occurred (InvalidSignatureException) when calling the PutItem operation: Signature expired: 20250302T044507Z is now earlier than 20250302T045636Z (20250302T051136Z - 15 min.)
2025-03-02 10:15:07,531 - ERROR - Error uploading to DynamoDB: An error occurred (InvalidSignatureException) when calling the PutItem operation: Signature expired: 20250302T044507Z is now earlier than 20250302T045636Z (20250302T051136Z - 15 min.)
2025-03-02 10:15:07,548 - ERROR - Error uploading to DynamoDB: An error occurred (InvalidSignatureException) when calling the PutItem operation: Signature expired: 20250302T044507Z is now earlier than 20250302T045636Z (20250302T051136Z - 15 min.)
2025-03-02 10:15:07,564 - ERROR - Error uploading to DynamoDB: An error occurred (InvalidSignatureException) when calling the PutItem operation: Signature expired: 20250302T044507Z is now earlier than 20250302T045636Z (20250302T051136Z - 15 min.)
2025-03-02 10:15:07,581 - ERROR - Error uploading to DynamoDB: An error occurred (InvalidSignatureException) when calling the PutItem operation: Signature expired: 20250302T044507Z is now earlier than 20250302T045636Z (20250302T051136Z - 15 min.)
2025-03-02 10:15:07,596 - ERROR - Error uploading to DynamoDB: An error occurred (InvalidSignatureException) when calling the PutItem operation: Signature expired: 20250302T044507Z is now earlier than 20250302T045636Z (20250302T051136Z - 15 min.)
2025-03-02 10:15:07,611 - ERROR - Error uploading to DynamoDB: An error occurred (InvalidSignatureException) when calling the PutItem operation: Signature expired: 20250302T044507Z is now earlier than 20250302T045636Z (20250302T051136Z - 15 min.)
2025-03-02 10:15:07,626 - ERROR - Error uploading to DynamoDB: An error occurred (InvalidSignatureException) when calling the PutItem operation: Signature expired: 20250302T044507Z is now earlier than 20250302T045636Z (20250302T051136Z - 15 min.)
2025-03-02 10:15:07,640 - ERROR - Error uploading to DynamoDB: An error occurred (InvalidSignatureException) when calling the PutItem operation: Signature expired: 20250302T044507Z is now earlier than 20250302T045636Z (20250302T051136Z - 15 min.)
2025-03-02 10:15:07,654 - ERROR - Error uploading to DynamoDB: An error occurred (InvalidSignatureException) when calling the PutItem operation: Signature expired: 20250302T044507Z is now earlier than 20250302T045636Z (20250302T051136Z - 15 min.)
2025-03-02 10:15:07,667 - ERROR - Error uploading to DynamoDB: An error occurred (InvalidSignatureException) when calling the PutItem operation: Signature expired: 20250302T044507Z is now earlier than 20250302T045636Z (20250302T051136Z - 15 min.)
2025-03-02 10:15:07,684 - ERROR - Error uploading to DynamoDB: An error occurred (InvalidSignatureException) when calling the PutItem operation: Signature expired: 20250302T044507Z is now earlier than 20250302T045636Z (20250302T051136Z - 15 min.)
2025-03-02 10:15:07,699 - ERROR - Error uploading to DynamoDB: An error occurred (InvalidSignatureException) when calling the PutItem operation: Signature expired: 20250302T044507Z is now earlier than 20250302T045636Z (20250302T051136Z - 15 min.)
2025-03-02 10:15:07,713 - ERROR - Error uploading to DynamoDB: An error occurred (InvalidSignatureException) when calling the PutItem operation: Signature expired: 20250302T044507Z is now earlier than 20250302T045636Z (20250302T051136Z - 15 min.)
2025-03-02 10:15:07,729 - ERROR - Error uploading to DynamoDB: An error occurred (InvalidSignatureException) when calling the PutItem operation: Signature expired: 20250302T044507Z is now earlier than 20250302T045637Z (20250302T051137Z - 15 min.)
2025-03-02 10:15:07,745 - ERROR - Error uploading to DynamoDB: An error occurred (InvalidSignatureException) when calling the PutItem operation: Signature expired: 20250302T044507Z is now earlier than 20250302T045637Z (20250302T051137Z - 15 min.)
2025-03-02 10:15:07,763 - ERROR - Error uploading to DynamoDB: An error occurred (InvalidSignatureException) when calling the PutItem operation: Signature expired: 20250302T044507Z is now earlier than 20250302T045637Z (20250302T051137Z - 15 min.)
2025-03-02 10:15:07,778 - ERROR - Error uploading to DynamoDB: An error occurred (InvalidSignatureException) when calling the PutItem operation: Signature expired: 20250302T044507Z is now earlier than 20250302T045637Z (20250302T051137Z - 15 min.)
2025-03-02 10:15:07,793 - ERROR - Error uploading to DynamoDB: An error occurred (InvalidSignatureException) when calling the PutItem operation: Signature expired: 20250302T044507Z is now earlier than 20250302T045637Z (20250302T051137Z - 15 min.)
2025-03-02 10:15:07,807 - ERROR - Error uploading to DynamoDB: An error occurred (InvalidSignatureException) when calling the PutItem operation: Signature expired: 20250302T044507Z is now earlier than 20250302T045637Z (20250302T051137Z - 15 min.)
2025-03-02 10:15:07,830 - ERROR - Error uploading to DynamoDB: An error occurred (InvalidSignatureException) when calling the PutItem operation: Signature expired: 20250302T044507Z is now earlier than 20250302T045637Z (20250302T051137Z - 15 min.)
2025-03-02 10:15:07,845 - ERROR - Error uploading to DynamoDB: An error occurred (InvalidSignatureException) when calling the PutItem operation: Signature expired: 20250302T044507Z is now earlier than 20250302T045637Z (20250302T051137Z - 15 min.)
2025-03-02 10:15:07,861 - ERROR - Error uploading to DynamoDB: An error occurred (InvalidSignatureException) when calling the PutItem operation: Signature expired: 20250302T044507Z is now earlier than 20250302T045637Z (20250302T051137Z - 15 min.)
2025-03-02 10:15:07,877 - ERROR - Error uploading to DynamoDB: An error occurred (InvalidSignatureException) when calling the PutItem operation: Signature expired: 20250302T044507Z is now earlier than 20250302T045637Z (20250302T051137Z - 15 min.)
2025-03-02 10:15:07,891 - ERROR - Error uploading to DynamoDB: An error occurred (InvalidSignatureException) when calling the PutItem operation: Signature expired: 20250302T044507Z is now earlier than 20250302T045637Z (20250302T051137Z - 15 min.)
2025-03-02 10:15:07,906 - ERROR - Error uploading to DynamoDB: An error occurred (InvalidSignatureException) when calling the PutItem operation: Signature expired: 20250302T044507Z is now earlier than 20250302T045637Z (20250302T051137Z - 15 min.)
2025-03-02 10:15:07,919 - ERROR - Error uploading to DynamoDB: An error occurred (InvalidSignatureException) when calling the PutItem operation: Signature expired: 20250302T044507Z is now earlier than 20250302T045637Z (20250302T051137Z - 15 min.)
2025-03-02 10:15:07,932 - ERROR - Error uploading to DynamoDB: An error occurred (InvalidSignatureException) when calling the PutItem operation: Signature expired: 20250302T044507Z is now earlier than 20250302T045637Z (20250302T051137Z - 15 min.)
2025-03-02 10:15:07,946 - ERROR - Error uploading to DynamoDB: An error occurred (InvalidSignatureException) when calling the PutItem operation: Signature expired: 20250302T044507Z is now earlier than 20250302T045637Z (20250302T051137Z - 15 min.)
2025-03-02 10:15:07,965 - ERROR - Error uploading to DynamoDB: An error occurred (InvalidSignatureException) when calling the PutItem operation: Signature expired: 20250302T044507Z is now earlier than 20250302T045637Z (20250302T051137Z - 15 min.)
2025-03-02 10:15:07,979 - ERROR - Error uploading to DynamoDB: An error occurred (InvalidSignatureException) when calling the PutItem operation: Signature expired: 20250302T044507Z is now earlier than 20250302T045637Z (20250302T051137Z - 15 min.)
2025-03-02 10:15:07,995 - ERROR - Error uploading to DynamoDB: An error occurred (InvalidSignatureException) when calling the PutItem operation: Signature expired: 20250302T044507Z is now earlier than 20250302T045637Z (20250302T051137Z - 15 min.)
2025-03-02 10:15:08,014 - ERROR - Error uploading to DynamoDB: An error occurred (InvalidSignatureException) when calling the PutItem operation: Signature expired: 20250302T044508Z is now earlier than 20250302T045637Z (20250302T051137Z - 15 min.)
2025-03-02 10:15:08,029 - ERROR - Error uploading to DynamoDB: An error occurred (InvalidSignatureException) when calling the PutItem operation: Signature expired: 20250302T044508Z is now earlier than 20250302T045637Z (20250302T051137Z - 15 min.)
2025-03-02 10:15:08,045 - ERROR - Error uploading to DynamoDB: An error occurred (InvalidSignatureException) when calling the PutItem operation: Signature expired: 20250302T044508Z is now earlier than 20250302T045637Z (20250302T051137Z - 15 min.)
2025-03-02 10:15:08,064 - ERROR - Error uploading to DynamoDB: An error occurred (InvalidSignatureException) when calling the PutItem operation: Signature expired: 20250302T044508Z is now earlier than 20250302T045637Z (20250302T051137Z - 15 min.)
2025-03-02 10:15:08,082 - ERROR - Error uploading to DynamoDB: An error occurred (InvalidSignatureException) when calling the PutItem operation: Signature expired: 20250302T044508Z is now earlier than 20250302T045637Z (20250302T051137Z - 15 min.)
2025-03-02 10:15:08,096 - ERROR - Error uploading to DynamoDB: An error occurred (InvalidSignatureException) when calling the PutItem operation: Signature expired: 20250302T044508Z is now earlier than 20250302T045637Z (20250302T051137Z - 15 min.)
2025-03-02 10:15:08,113 - ERROR - Error uploading to DynamoDB: An error occurred (InvalidSignatureException) when calling the PutItem operation: Signature expired: 20250302T044508Z is now earlier than 20250302T045637Z (20250302T051137Z - 15 min.)
2025-03-02 10:15:08,131 - ERROR - Error uploading to DynamoDB: An error occurred (InvalidSignatureException) when calling the PutItem operation: Signature expired: 20250302T044508Z is now earlier than 20250302T045637Z (20250302T051137Z - 15 min.)
2025-03-02 10:15:08,148 - ERROR - Error uploading to DynamoDB: An error occurred (InvalidSignatureException) when calling the PutItem operation: Signature expired: 20250302T044508Z is now earlier than 20250302T045637Z (20250302T051137Z - 15 min.)
2025-03-02 10:15:08,163 - ERROR - Error uploading to DynamoDB: An error occurred (InvalidSignatureException) when calling the PutItem operation: Signature expired: 20250302T044508Z is now earlier than 20250302T045637Z (20250302T051137Z - 15 min.)
2025-03-02 10:15:08,181 - ERROR - Error uploading to DynamoDB: An error occurred (InvalidSignatureException) when calling the PutItem operation: Signature expired: 20250302T044508Z is now earlier than 20250302T045637Z (20250302T051137Z - 15 min.)
2025-03-02 10:15:08,198 - ERROR - Error uploading to DynamoDB: An error occurred (InvalidSignatureException) when calling the PutItem operation: Signature expired: 20250302T044508Z is now earlier than 20250302T045637Z (20250302T051137Z - 15 min.)
2025-03-02 10:15:08,215 - ERROR - Error uploading to DynamoDB: An error occurred (InvalidSignatureException) when calling the PutItem operation: Signature expired: 20250302T044508Z is now earlier than 20250302T045637Z (20250302T051137Z - 15 min.)
2025-03-02 10:15:08,231 - ERROR - Error uploading to DynamoDB: An error occurred (InvalidSignatureException) when calling the PutItem operation: Signature expired: 20250302T044508Z is now earlier than 20250302T045637Z (20250302T051137Z - 15 min.)
2025-03-02 10:15:08,246 - ERROR - Error uploading to DynamoDB: An error occurred (InvalidSignatureException) when calling the PutItem operation: Signature expired: 20250302T044508Z is now earlier than 20250302T045637Z (20250302T051137Z - 15 min.)
2025-03-02 10:15:08,263 - ERROR - Error uploading to DynamoDB: An error occurred (InvalidSignatureException) when calling the PutItem operation: Signature expired: 20250302T044508Z is now earlier than 20250302T045637Z (20250302T051137Z - 15 min.)
2025-03-02 10:15:08,278 - ERROR - Error uploading to DynamoDB: An error occurred (InvalidSignatureException) when calling the PutItem operation: Signature expired: 20250302T044508Z is now earlier than 20250302T045637Z (20250302T051137Z - 15 min.)
2025-03-02 10:15:08,292 - ERROR - Error uploading to DynamoDB: An error occurred (InvalidSignatureException) when calling the PutItem operation: Signature expired: 20250302T044508Z is now earlier than 20250302T045637Z (20250302T051137Z - 15 min.)
2025-03-02 10:15:08,311 - ERROR - Error uploading to DynamoDB: An error occurred (InvalidSignatureException) when calling the PutItem operation: Signature expired: 20250302T044508Z is now earlier than 20250302T045637Z (20250302T051137Z - 15 min.)
2025-03-02 10:15:08,326 - ERROR - Error uploading to DynamoDB: An error occurred (InvalidSignatureException) when calling the PutItem operation: Signature expired: 20250302T044508Z is now earlier than 20250302T045637Z (20250302T051137Z - 15 min.)
2025-03-02 10:15:08,342 - ERROR - Error uploading to DynamoDB: An error occurred (InvalidSignatureException) when calling the PutItem operation: Signature expired: 20250302T044508Z is now earlier than 20250302T045637Z (20250302T051137Z - 15 min.)
2025-03-02 10:15:08,361 - ERROR - Error uploading to DynamoDB: An error occurred (InvalidSignatureException) when calling the PutItem operation: Signature expired: 20250302T044508Z is now earlier than 20250302T045637Z (20250302T051137Z - 15 min.)
2025-03-02 10:15:08,376 - ERROR - Error uploading to DynamoDB: An error occurred (InvalidSignatureException) when calling the PutItem operation: Signature expired: 20250302T044508Z is now earlier than 20250302T045637Z (20250302T051137Z - 15 min.)
2025-03-02 10:15:08,403 - ERROR - Error uploading to DynamoDB: An error occurred (InvalidSignatureException) when calling the PutItem operation: Signature expired: 20250302T044508Z is now earlier than 20250302T045637Z (20250302T051137Z - 15 min.)
2025-03-02 10:15:08,422 - ERROR - Error uploading to DynamoDB: An error occurred (InvalidSignatureException) when calling the PutItem operation: Signature expired: 20250302T044508Z is now earlier than 20250302T045637Z (20250302T051137Z - 15 min.)
2025-03-02 10:15:08,439 - ERROR - Error uploading to DynamoDB: An error occurred (InvalidSignatureException) when calling the PutItem operation: Signature expired: 20250302T044508Z is now earlier than 20250302T045637Z (20250302T051137Z - 15 min.)
2025-03-02 10:15:08,455 - ERROR - Error uploading to DynamoDB: An error occurred (InvalidSignatureException) when calling the PutItem operation: Signature expired: 20250302T044508Z is now earlier than 20250302T045637Z (20250302T051137Z - 15 min.)
2025-03-02 10:15:08,470 - ERROR - Error uploading to DynamoDB: An error occurred (InvalidSignatureException) when calling the PutItem operation: Signature expired: 20250302T044508Z is now earlier than 20250302T045637Z (20250302T051137Z - 15 min.)
2025-03-02 10:15:08,487 - ERROR - Error uploading to DynamoDB: An error occurred (InvalidSignatureException) when calling the PutItem operation: Signature expired: 20250302T044508Z is now earlier than 20250302T045637Z (20250302T051137Z - 15 min.)
2025-03-02 10:15:08,501 - ERROR - Error uploading to DynamoDB: An error occurred (InvalidSignatureException) when calling the PutItem operation: Signature expired: 20250302T044508Z is now earlier than 20250302T045637Z (20250302T051137Z - 15 min.)
2025-03-02 10:15:08,516 - ERROR - Error uploading to DynamoDB: An error occurred (InvalidSignatureException) when calling the PutItem operation: Signature expired: 20250302T044508Z is now earlier than 20250302T045637Z (20250302T051137Z - 15 min.)
2025-03-02 10:15:08,531 - ERROR - Error uploading to DynamoDB: An error occurred (InvalidSignatureException) when calling the PutItem operation: Signature expired: 20250302T044508Z is now earlier than 20250302T045637Z (20250302T051137Z - 15 min.)
2025-03-02 10:15:08,549 - ERROR - Error uploading to DynamoDB: An error occurred (InvalidSignatureException) when calling the PutItem operation: Signature expired: 20250302T044508Z is now earlier than 20250302T045637Z (20250302T051137Z - 15 min.)
2025-03-02 10:15:08,567 - ERROR - Error uploading to DynamoDB: An error occurred (InvalidSignatureException) when calling the PutItem operation: Signature expired: 20250302T044508Z is now earlier than 20250302T045637Z (20250302T051137Z - 15 min.)
2025-03-02 10:15:08,582 - ERROR - Error uploading to DynamoDB: An error occurred (InvalidSignatureException) when calling the PutItem operation: Signature expired: 20250302T044508Z is now earlier than 20250302T045637Z (20250302T051137Z - 15 min.)
2025-03-02 10:15:08,597 - ERROR - Error uploading to DynamoDB: An error occurred (InvalidSignatureException) when calling the PutItem operation: Signature expired: 20250302T044508Z is now earlier than 20250302T045637Z (20250302T051137Z - 15 min.)
2025-03-02 10:15:08,614 - ERROR - Error uploading to DynamoDB: An error occurred (InvalidSignatureException) when calling the PutItem operation: Signature expired: 20250302T044508Z is now earlier than 20250302T045637Z (20250302T051137Z - 15 min.)
2025-03-02 10:15:08,632 - ERROR - Error uploading to DynamoDB: An error occurred (InvalidSignatureException) when calling the PutItem operation: Signature expired: 20250302T044508Z is now earlier than 20250302T045637Z (20250302T051137Z - 15 min.)
2025-03-02 10:15:08,649 - ERROR - Error uploading to DynamoDB: An error occurred (InvalidSignatureException) when calling the PutItem operation: Signature expired: 20250302T044508Z is now earlier than 20250302T045637Z (20250302T051137Z - 15 min.)
2025-03-02 10:15:08,674 - ERROR - Error uploading to DynamoDB: An error occurred (InvalidSignatureException) when calling the PutItem operation: Signature expired: 20250302T044508Z is now earlier than 20250302T045637Z (20250302T051137Z - 15 min.)
2025-03-02 10:15:08,695 - ERROR - Error uploading to DynamoDB: An error occurred (InvalidSignatureException) when calling the PutItem operation: Signature expired: 20250302T044508Z is now earlier than 20250302T045637Z (20250302T051137Z - 15 min.)
2025-03-02 10:15:08,712 - ERROR - Error uploading to DynamoDB: An error occurred (InvalidSignatureException) when calling the PutItem operation: Signature expired: 20250302T044508Z is now earlier than 20250302T045637Z (20250302T051137Z - 15 min.)
2025-03-02 10:15:08,732 - ERROR - Error uploading to DynamoDB: An error occurred (InvalidSignatureException) when calling the PutItem operation: Signature expired: 20250302T044508Z is now earlier than 20250302T045638Z (20250302T051138Z - 15 min.)
2025-03-02 10:15:08,747 - ERROR - Error uploading to DynamoDB: An error occurred (InvalidSignatureException) when calling the PutItem operation: Signature expired: 20250302T044508Z is now earlier than 20250302T045638Z (20250302T051138Z - 15 min.)
2025-03-02 10:15:08,762 - ERROR - Error uploading to DynamoDB: An error occurred (InvalidSignatureException) when calling the PutItem operation: Signature expired: 20250302T044508Z is now earlier than 20250302T045638Z (20250302T051138Z - 15 min.)
2025-03-02 10:15:08,778 - ERROR - Error uploading to DynamoDB: An error occurred (InvalidSignatureException) when calling the PutItem operation: Signature expired: 20250302T044508Z is now earlier than 20250302T045638Z (20250302T051138Z - 15 min.)
2025-03-02 10:15:08,794 - ERROR - Error uploading to DynamoDB: An error occurred (InvalidSignatureException) when calling the PutItem operation: Signature expired: 20250302T044508Z is now earlier than 20250302T045638Z (20250302T051138Z - 15 min.)
2025-03-02 10:15:08,814 - ERROR - Error uploading to DynamoDB: An error occurred (InvalidSignatureException) when calling the PutItem operation: Signature expired: 20250302T044508Z is now earlier than 20250302T045638Z (20250302T051138Z - 15 min.)
2025-03-02 10:15:08,832 - ERROR - Error uploading to DynamoDB: An error occurred (InvalidSignatureException) when calling the PutItem operation: Signature expired: 20250302T044508Z is now earlier than 20250302T045638Z (20250302T051138Z - 15 min.)
2025-03-02 10:15:08,853 - ERROR - Error uploading to DynamoDB: An error occurred (InvalidSignatureException) when calling the PutItem operation: Signature expired: 20250302T044508Z is now earlier than 20250302T045638Z (20250302T051138Z - 15 min.)
2025-03-02 10:15:08,872 - ERROR - Error uploading to DynamoDB: An error occurred (InvalidSignatureException) when calling the PutItem operation: Signature expired: 20250302T044508Z is now earlier than 20250302T045638Z (20250302T051138Z - 15 min.)
2025-03-02 10:15:08,888 - ERROR - Error uploading to DynamoDB: An error occurred (InvalidSignatureException) when calling the PutItem operation: Signature expired: 20250302T044508Z is now earlier than 20250302T045638Z (20250302T051138Z - 15 min.)
2025-03-02 10:15:08,900 - ERROR - Error uploading to DynamoDB: An error occurred (InvalidSignatureException) when calling the PutItem operation: Signature expired: 20250302T044508Z is now earlier than 20250302T045638Z (20250302T051138Z - 15 min.)
2025-03-02 10:15:08,914 - ERROR - Error uploading to DynamoDB: An error occurred (InvalidSignatureException) when calling the PutItem operation: Signature expired: 20250302T044508Z is now earlier than 20250302T045638Z (20250302T051138Z - 15 min.)
2025-03-02 10:15:08,928 - ERROR - Error uploading to DynamoDB: An error occurred (InvalidSignatureException) when calling the PutItem operation: Signature expired: 20250302T044508Z is now earlier than 20250302T045638Z (20250302T051138Z - 15 min.)
2025-03-02 10:15:08,943 - ERROR - Error uploading to DynamoDB: An error occurred (InvalidSignatureException) when calling the PutItem operation: Signature expired: 20250302T044508Z is now earlier than 20250302T045638Z (20250302T051138Z - 15 min.)
2025-03-02 10:15:08,960 - ERROR - Error uploading to DynamoDB: An error occurred (InvalidSignatureException) when calling the PutItem operation: Signature expired: 20250302T044508Z is now earlier than 20250302T045638Z (20250302T051138Z - 15 min.)
2025-03-02 10:15:08,975 - ERROR - Error uploading to DynamoDB: An error occurred (InvalidSignatureException) when calling the PutItem operation: Signature expired: 20250302T044508Z is now earlier than 20250302T045638Z (20250302T051138Z - 15 min.)
2025-03-02 10:15:08,989 - ERROR - Error uploading to DynamoDB: An error occurred (InvalidSignatureException) when calling the PutItem operation: Signature expired: 20250302T044508Z is now earlier than 20250302T045638Z (20250302T051138Z - 15 min.)
2025-03-02 10:15:09,004 - ERROR - Error uploading to DynamoDB: An error occurred (InvalidSignatureException) when calling the PutItem operation: Signature expired: 20250302T044508Z is now earlier than 20250302T045638Z (20250302T051138Z - 15 min.)
2025-03-02 10:15:09,022 - ERROR - Error uploading to DynamoDB: An error occurred (InvalidSignatureException) when calling the PutItem operation: Signature expired: 20250302T044509Z is now earlier than 20250302T045638Z (20250302T051138Z - 15 min.)
2025-03-02 10:15:09,039 - ERROR - Error uploading to DynamoDB: An error occurred (InvalidSignatureException) when calling the PutItem operation: Signature expired: 20250302T044509Z is now earlier than 20250302T045638Z (20250302T051138Z - 15 min.)
2025-03-02 10:15:09,053 - ERROR - Error uploading to DynamoDB: An error occurred (InvalidSignatureException) when calling the PutItem operation: Signature expired: 20250302T044509Z is now earlier than 20250302T045638Z (20250302T051138Z - 15 min.)
2025-03-02 10:15:09,070 - ERROR - Error uploading to DynamoDB: An error occurred (InvalidSignatureException) when calling the PutItem operation: Signature expired: 20250302T044509Z is now earlier than 20250302T045638Z (20250302T051138Z - 15 min.)
2025-03-02 10:15:09,085 - ERROR - Error uploading to DynamoDB: An error occurred (InvalidSignatureException) when calling the PutItem operation: Signature expired: 20250302T044509Z is now earlier than 20250302T045638Z (20250302T051138Z - 15 min.)
2025-03-02 10:15:09,102 - ERROR - Error uploading to DynamoDB: An error occurred (InvalidSignatureException) when calling the PutItem operation: Signature expired: 20250302T044509Z is now earlier than 20250302T045638Z (20250302T051138Z - 15 min.)
2025-03-02 10:15:09,117 - ERROR - Error uploading to DynamoDB: An error occurred (InvalidSignatureException) when calling the PutItem operation: Signature expired: 20250302T044509Z is now earlier than 20250302T045638Z (20250302T051138Z - 15 min.)
2025-03-02 10:15:09,133 - ERROR - Error uploading to DynamoDB: An error occurred (InvalidSignatureException) when calling the PutItem operation: Signature expired: 20250302T044509Z is now earlier than 20250302T045638Z (20250302T051138Z - 15 min.)
2025-03-02 10:15:09,148 - ERROR - Error uploading to DynamoDB: An error occurred (InvalidSignatureException) when calling the PutItem operation: Signature expired: 20250302T044509Z is now earlier than 20250302T045638Z (20250302T051138Z - 15 min.)
2025-03-02 10:15:09,168 - ERROR - Error uploading to DynamoDB: An error occurred (InvalidSignatureException) when calling the PutItem operation: Signature expired: 20250302T044509Z is now earlier than 20250302T045638Z (20250302T051138Z - 15 min.)
2025-03-02 10:15:09,182 - ERROR - Error uploading to DynamoDB: An error occurred (InvalidSignatureException) when calling the PutItem operation: Signature expired: 20250302T044509Z is now earlier than 20250302T045638Z (20250302T051138Z - 15 min.)
2025-03-02 10:15:09,194 - ERROR - Error uploading to DynamoDB: An error occurred (InvalidSignatureException) when calling the PutItem operation: Signature expired: 20250302T044509Z is now earlier than 20250302T045638Z (20250302T051138Z - 15 min.)
2025-03-02 10:15:09,207 - ERROR - Error uploading to DynamoDB: An error occurred (InvalidSignatureException) when calling the PutItem operation: Signature expired: 20250302T044509Z is now earlier than 20250302T045638Z (20250302T051138Z - 15 min.)
2025-03-02 10:15:09,221 - ERROR - Error uploading to DynamoDB: An error occurred (InvalidSignatureException) when calling the PutItem operation: Signature expired: 20250302T044509Z is now earlier than 20250302T045638Z (20250302T051138Z - 15 min.)
2025-03-02 10:15:09,235 - ERROR - Error uploading to DynamoDB: An error occurred (InvalidSignatureException) when calling the PutItem operation: Signature expired: 20250302T044509Z is now earlier than 20250302T045638Z (20250302T051138Z - 15 min.)
2025-03-02 10:15:09,249 - ERROR - Error uploading to DynamoDB: An error occurred (InvalidSignatureException) when calling the PutItem operation: Signature expired: 20250302T044509Z is now earlier than 20250302T045638Z (20250302T051138Z - 15 min.)
2025-03-02 10:15:09,268 - ERROR - Error uploading to DynamoDB: An error occurred (InvalidSignatureException) when calling the PutItem operation: Signature expired: 20250302T044509Z is now earlier than 20250302T045638Z (20250302T051138Z - 15 min.)
2025-03-02 10:15:09,284 - ERROR - Error uploading to DynamoDB: An error occurred (InvalidSignatureException) when calling the PutItem operation: Signature expired: 20250302T044509Z is now earlier than 20250302T045638Z (20250302T051138Z - 15 min.)
2025-03-02 10:15:09,301 - ERROR - Error uploading to DynamoDB: An error occurred (InvalidSignatureException) when calling the PutItem operation: Signature expired: 20250302T044509Z is now earlier than 20250302T045638Z (20250302T051138Z - 15 min.)
2025-03-02 10:15:09,315 - ERROR - Error uploading to DynamoDB: An error occurred (InvalidSignatureException) when calling the PutItem operation: Signature expired: 20250302T044509Z is now earlier than 20250302T045638Z (20250302T051138Z - 15 min.)
2025-03-02 10:15:09,330 - ERROR - Error uploading to DynamoDB: An error occurred (InvalidSignatureException) when calling the PutItem operation: Signature expired: 20250302T044509Z is now earlier than 20250302T045638Z (20250302T051138Z - 15 min.)
2025-03-02 10:15:09,347 - ERROR - Error uploading to DynamoDB: An error occurred (InvalidSignatureException) when calling the PutItem operation: Signature expired: 20250302T044509Z is now earlier than 20250302T045638Z (20250302T051138Z - 15 min.)
2025-03-02 10:15:09,362 - ERROR - Error uploading to DynamoDB: An error occurred (InvalidSignatureException) when calling the PutItem operation: Signature expired: 20250302T044509Z is now earlier than 20250302T045638Z (20250302T051138Z - 15 min.)
2025-03-02 10:15:09,377 - ERROR - Error uploading to DynamoDB: An error occurred (InvalidSignatureException) when calling the PutItem operation: Signature expired: 20250302T044509Z is now earlier than 20250302T045638Z (20250302T051138Z - 15 min.)
2025-03-02 10:15:09,399 - ERROR - Error uploading to DynamoDB: An error occurred (InvalidSignatureException) when calling the PutItem operation: Signature expired: 20250302T044509Z is now earlier than 20250302T045638Z (20250302T051138Z - 15 min.)
2025-03-02 10:15:09,414 - ERROR - Error uploading to DynamoDB: An error occurred (InvalidSignatureException) when calling the PutItem operation: Signature expired: 20250302T044509Z is now earlier than 20250302T045638Z (20250302T051138Z - 15 min.)
2025-03-02 10:15:09,429 - ERROR - Error uploading to DynamoDB: An error occurred (InvalidSignatureException) when calling the PutItem operation: Signature expired: 20250302T044509Z is now earlier than 20250302T045638Z (20250302T051138Z - 15 min.)
2025-03-02 10:15:09,445 - ERROR - Error uploading to DynamoDB: An error occurred (InvalidSignatureException) when calling the PutItem operation: Signature expired: 20250302T044509Z is now earlier than 20250302T045638Z (20250302T051138Z - 15 min.)
2025-03-02 10:15:09,459 - ERROR - Error uploading to DynamoDB: An error occurred (InvalidSignatureException) when calling the PutItem operation: Signature expired: 20250302T044509Z is now earlier than 20250302T045638Z (20250302T051138Z - 15 min.)
2025-03-02 10:15:09,475 - ERROR - Error uploading to DynamoDB: An error occurred (InvalidSignatureException) when calling the PutItem operation: Signature expired: 20250302T044509Z is now earlier than 20250302T045638Z (20250302T051138Z - 15 min.)
2025-03-02 10:15:09,490 - ERROR - Error uploading to DynamoDB: An error occurred (InvalidSignatureException) when calling the PutItem operation: Signature expired: 20250302T044509Z is now earlier than 20250302T045638Z (20250302T051138Z - 15 min.)
2025-03-02 10:15:09,506 - ERROR - Error uploading to DynamoDB: An error occurred (InvalidSignatureException) when calling the PutItem operation: Signature expired: 20250302T044509Z is now earlier than 20250302T045638Z (20250302T051138Z - 15 min.)
2025-03-02 10:15:09,520 - ERROR - Error uploading to DynamoDB: An error occurred (InvalidSignatureException) when calling the PutItem operation: Signature expired: 20250302T044509Z is now earlier than 20250302T045638Z (20250302T051138Z - 15 min.)
2025-03-02 10:15:09,536 - ERROR - Error uploading to DynamoDB: An error occurred (InvalidSignatureException) when calling the PutItem operation: Signature expired: 20250302T044509Z is now earlier than 20250302T045638Z (20250302T051138Z - 15 min.)
2025-03-02 10:15:09,549 - ERROR - Error uploading to DynamoDB: An error occurred (InvalidSignatureException) when calling the PutItem operation: Signature expired: 20250302T044509Z is now earlier than 20250302T045638Z (20250302T051138Z - 15 min.)
2025-03-02 10:15:09,563 - ERROR - Error uploading to DynamoDB: An error occurred (InvalidSignatureException) when calling the PutItem operation: Signature expired: 20250302T044509Z is now earlier than 20250302T045638Z (20250302T051138Z - 15 min.)
2025-03-02 10:15:09,579 - ERROR - Error uploading to DynamoDB: An error occurred (InvalidSignatureException) when calling the PutItem operation: Signature expired: 20250302T044509Z is now earlier than 20250302T045638Z (20250302T051138Z - 15 min.)
2025-03-02 10:15:09,597 - ERROR - Error uploading to DynamoDB: An error occurred (InvalidSignatureException) when calling the PutItem operation: Signature expired: 20250302T044509Z is now earlier than 20250302T045638Z (20250302T051138Z - 15 min.)
2025-03-02 10:15:09,612 - ERROR - Error uploading to DynamoDB: An error occurred (InvalidSignatureException) when calling the PutItem operation: Signature expired: 20250302T044509Z is now earlier than 20250302T045638Z (20250302T051138Z - 15 min.)
2025-03-02 10:15:09,629 - ERROR - Error uploading to DynamoDB: An error occurred (InvalidSignatureException) when calling the PutItem operation: Signature expired: 20250302T044509Z is now earlier than 20250302T045638Z (20250302T051138Z - 15 min.)
2025-03-02 10:15:09,645 - ERROR - Error uploading to DynamoDB: An error occurred (InvalidSignatureException) when calling the PutItem operation: Signature expired: 20250302T044509Z is now earlier than 20250302T045638Z (20250302T051138Z - 15 min.)
2025-03-02 10:15:09,661 - ERROR - Error uploading to DynamoDB: An error occurred (InvalidSignatureException) when calling the PutItem operation: Signature expired: 20250302T044509Z is now earlier than 20250302T045638Z (20250302T051138Z - 15 min.)
2025-03-02 10:15:09,679 - ERROR - Error uploading to DynamoDB: An error occurred (InvalidSignatureException) when calling the PutItem operation: Signature expired: 20250302T044509Z is now earlier than 20250302T045638Z (20250302T051138Z - 15 min.)
2025-03-02 10:15:09,695 - ERROR - Error uploading to DynamoDB: An error occurred (InvalidSignatureException) when calling the PutItem operation: Signature expired: 20250302T044509Z is now earlier than 20250302T045638Z (20250302T051138Z - 15 min.)
2025-03-02 10:15:09,710 - ERROR - Error uploading to DynamoDB: An error occurred (InvalidSignatureException) when calling the PutItem operation: Signature expired: 20250302T044509Z is now earlier than 20250302T045638Z (20250302T051138Z - 15 min.)
2025-03-02 10:15:09,728 - ERROR - Error uploading to DynamoDB: An error occurred (InvalidSignatureException) when calling the PutItem operation: Signature expired: 20250302T044509Z is now earlier than 20250302T045639Z (20250302T051139Z - 15 min.)
2025-03-02 10:15:09,742 - ERROR - Error uploading to DynamoDB: An error occurred (InvalidSignatureException) when calling the PutItem operation: Signature expired: 20250302T044509Z is now earlier than 20250302T045639Z (20250302T051139Z - 15 min.)
2025-03-02 10:15:09,756 - ERROR - Error uploading to DynamoDB: An error occurred (InvalidSignatureException) when calling the PutItem operation: Signature expired: 20250302T044509Z is now earlier than 20250302T045639Z (20250302T051139Z - 15 min.)
2025-03-02 10:15:09,769 - ERROR - Error uploading to DynamoDB: An error occurred (InvalidSignatureException) when calling the PutItem operation: Signature expired: 20250302T044509Z is now earlier than 20250302T045639Z (20250302T051139Z - 15 min.)
2025-03-02 10:15:09,783 - ERROR - Error uploading to DynamoDB: An error occurred (InvalidSignatureException) when calling the PutItem operation: Signature expired: 20250302T044509Z is now earlier than 20250302T045639Z (20250302T051139Z - 15 min.)
2025-03-02 10:15:09,799 - ERROR - Error uploading to DynamoDB: An error occurred (InvalidSignatureException) when calling the PutItem operation: Signature expired: 20250302T044509Z is now earlier than 20250302T045639Z (20250302T051139Z - 15 min.)
2025-03-02 10:15:09,822 - ERROR - Error uploading to DynamoDB: An error occurred (InvalidSignatureException) when calling the PutItem operation: Signature expired: 20250302T044509Z is now earlier than 20250302T045639Z (20250302T051139Z - 15 min.)
2025-03-02 10:15:09,837 - ERROR - Error uploading to DynamoDB: An error occurred (InvalidSignatureException) when calling the PutItem operation: Signature expired: 20250302T044509Z is now earlier than 20250302T045639Z (20250302T051139Z - 15 min.)
2025-03-02 10:15:09,851 - ERROR - Error uploading to DynamoDB: An error occurred (InvalidSignatureException) when calling the PutItem operation: Signature expired: 20250302T044509Z is now earlier than 20250302T045639Z (20250302T051139Z - 15 min.)
2025-03-02 10:15:09,866 - ERROR - Error uploading to DynamoDB: An error occurred (InvalidSignatureException) when calling the PutItem operation: Signature expired: 20250302T044509Z is now earlier than 20250302T045639Z (20250302T051139Z - 15 min.)
2025-03-02 10:15:09,883 - ERROR - Error uploading to DynamoDB: An error occurred (InvalidSignatureException) when calling the PutItem operation: Signature expired: 20250302T044509Z is now earlier than 20250302T045639Z (20250302T051139Z - 15 min.)
2025-03-02 10:15:09,898 - ERROR - Error uploading to DynamoDB: An error occurred (InvalidSignatureException) when calling the PutItem operation: Signature expired: 20250302T044509Z is now earlier than 20250302T045639Z (20250302T051139Z - 15 min.)
2025-03-02 10:15:09,917 - ERROR - Error uploading to DynamoDB: An error occurred (InvalidSignatureException) when calling the PutItem operation: Signature expired: 20250302T044509Z is now earlier than 20250302T045639Z (20250302T051139Z - 15 min.)
2025-03-02 10:15:09,934 - ERROR - Error uploading to DynamoDB: An error occurred (InvalidSignatureException) when calling the PutItem operation: Signature expired: 20250302T044509Z is now earlier than 20250302T045639Z (20250302T051139Z - 15 min.)
2025-03-02 10:15:09,949 - ERROR - Error uploading to DynamoDB: An error occurred (InvalidSignatureException) when calling the PutItem operation: Signature expired: 20250302T044509Z is now earlier than 20250302T045639Z (20250302T051139Z - 15 min.)
2025-03-02 10:15:09,966 - ERROR - Error uploading to DynamoDB: An error occurred (InvalidSignatureException) when calling the PutItem operation: Signature expired: 20250302T044509Z is now earlier than 20250302T045639Z (20250302T051139Z - 15 min.)
2025-03-02 10:15:09,980 - ERROR - Error uploading to DynamoDB: An error occurred (InvalidSignatureException) when calling the PutItem operation: Signature expired: 20250302T044509Z is now earlier than 20250302T045639Z (20250302T051139Z - 15 min.)
2025-03-02 10:15:09,997 - ERROR - Error uploading to DynamoDB: An error occurred (InvalidSignatureException) when calling the PutItem operation: Signature expired: 20250302T044509Z is now earlier than 20250302T045639Z (20250302T051139Z - 15 min.)
2025-03-02 10:15:10,012 - ERROR - Error uploading to DynamoDB: An error occurred (InvalidSignatureException) when calling the PutItem operation: Signature expired: 20250302T044510Z is now earlier than 20250302T045639Z (20250302T051139Z - 15 min.)
2025-03-02 10:15:10,029 - ERROR - Error uploading to DynamoDB: An error occurred (InvalidSignatureException) when calling the PutItem operation: Signature expired: 20250302T044510Z is now earlier than 20250302T045639Z (20250302T051139Z - 15 min.)
2025-03-02 10:15:10,044 - ERROR - Error uploading to DynamoDB: An error occurred (InvalidSignatureException) when calling the PutItem operation: Signature expired: 20250302T044510Z is now earlier than 20250302T045639Z (20250302T051139Z - 15 min.)
2025-03-02 10:15:10,059 - ERROR - Error uploading to DynamoDB: An error occurred (InvalidSignatureException) when calling the PutItem operation: Signature expired: 20250302T044510Z is now earlier than 20250302T045639Z (20250302T051139Z - 15 min.)
2025-03-02 10:15:10,074 - ERROR - Error uploading to DynamoDB: An error occurred (InvalidSignatureException) when calling the PutItem operation: Signature expired: 20250302T044510Z is now earlier than 20250302T045639Z (20250302T051139Z - 15 min.)
2025-03-02 10:15:10,087 - ERROR - Error uploading to DynamoDB: An error occurred (InvalidSignatureException) when calling the PutItem operation: Signature expired: 20250302T044510Z is now earlier than 20250302T045639Z (20250302T051139Z - 15 min.)
2025-03-02 10:15:10,101 - ERROR - Error uploading to DynamoDB: An error occurred (InvalidSignatureException) when calling the PutItem operation: Signature expired: 20250302T044510Z is now earlier than 20250302T045639Z (20250302T051139Z - 15 min.)
2025-03-02 10:15:10,114 - ERROR - Error uploading to DynamoDB: An error occurred (InvalidSignatureException) when calling the PutItem operation: Signature expired: 20250302T044510Z is now earlier than 20250302T045639Z (20250302T051139Z - 15 min.)
2025-03-02 10:15:10,127 - ERROR - Error uploading to DynamoDB: An error occurred (InvalidSignatureException) when calling the PutItem operation: Signature expired: 20250302T044510Z is now earlier than 20250302T045639Z (20250302T051139Z - 15 min.)
2025-03-02 10:15:10,143 - ERROR - Error uploading to DynamoDB: An error occurred (InvalidSignatureException) when calling the PutItem operation: Signature expired: 20250302T044510Z is now earlier than 20250302T045639Z (20250302T051139Z - 15 min.)
2025-03-02 10:15:10,157 - ERROR - Error uploading to DynamoDB: An error occurred (InvalidSignatureException) when calling the PutItem operation: Signature expired: 20250302T044510Z is now earlier than 20250302T045639Z (20250302T051139Z - 15 min.)
2025-03-02 10:15:10,172 - ERROR - Error uploading to DynamoDB: An error occurred (InvalidSignatureException) when calling the PutItem operation: Signature expired: 20250302T044510Z is now earlier than 20250302T045639Z (20250302T051139Z - 15 min.)
2025-03-02 10:15:10,187 - ERROR - Error uploading to DynamoDB: An error occurred (InvalidSignatureException) when calling the PutItem operation: Signature expired: 20250302T044510Z is now earlier than 20250302T045639Z (20250302T051139Z - 15 min.)
2025-03-02 10:15:10,209 - ERROR - Error uploading to DynamoDB: An error occurred (InvalidSignatureException) when calling the PutItem operation: Signature expired: 20250302T044510Z is now earlier than 20250302T045639Z (20250302T051139Z - 15 min.)
2025-03-02 10:15:10,224 - ERROR - Error uploading to DynamoDB: An error occurred (InvalidSignatureException) when calling the PutItem operation: Signature expired: 20250302T044510Z is now earlier than 20250302T045639Z (20250302T051139Z - 15 min.)
2025-03-02 10:15:10,239 - ERROR - Error uploading to DynamoDB: An error occurred (InvalidSignatureException) when calling the PutItem operation: Signature expired: 20250302T044510Z is now earlier than 20250302T045639Z (20250302T051139Z - 15 min.)
2025-03-02 10:15:10,258 - ERROR - Error uploading to DynamoDB: An error occurred (InvalidSignatureException) when calling the PutItem operation: Signature expired: 20250302T044510Z is now earlier than 20250302T045639Z (20250302T051139Z - 15 min.)
2025-03-02 10:15:10,276 - ERROR - Error uploading to DynamoDB: An error occurred (InvalidSignatureException) when calling the PutItem operation: Signature expired: 20250302T044510Z is now earlier than 20250302T045639Z (20250302T051139Z - 15 min.)
2025-03-02 10:15:10,296 - ERROR - Error uploading to DynamoDB: An error occurred (InvalidSignatureException) when calling the PutItem operation: Signature expired: 20250302T044510Z is now earlier than 20250302T045639Z (20250302T051139Z - 15 min.)
2025-03-02 10:15:10,316 - ERROR - Error uploading to DynamoDB: An error occurred (InvalidSignatureException) when calling the PutItem operation: Signature expired: 20250302T044510Z is now earlier than 20250302T045639Z (20250302T051139Z - 15 min.)
2025-03-02 10:15:10,333 - ERROR - Error uploading to DynamoDB: An error occurred (InvalidSignatureException) when calling the PutItem operation: Signature expired: 20250302T044510Z is now earlier than 20250302T045639Z (20250302T051139Z - 15 min.)
2025-03-02 10:15:10,347 - ERROR - Error uploading to DynamoDB: An error occurred (InvalidSignatureException) when calling the PutItem operation: Signature expired: 20250302T044510Z is now earlier than 20250302T045639Z (20250302T051139Z - 15 min.)
2025-03-02 10:15:10,364 - ERROR - Error uploading to DynamoDB: An error occurred (InvalidSignatureException) when calling the PutItem operation: Signature expired: 20250302T044510Z is now earlier than 20250302T045639Z (20250302T051139Z - 15 min.)
2025-03-02 10:15:10,379 - ERROR - Error uploading to DynamoDB: An error occurred (InvalidSignatureException) when calling the PutItem operation: Signature expired: 20250302T044510Z is now earlier than 20250302T045639Z (20250302T051139Z - 15 min.)
2025-03-02 10:15:10,399 - ERROR - Error uploading to DynamoDB: An error occurred (InvalidSignatureException) when calling the PutItem operation: Signature expired: 20250302T044510Z is now earlier than 20250302T045639Z (20250302T051139Z - 15 min.)
2025-03-02 10:15:10,415 - ERROR - Error uploading to DynamoDB: An error occurred (InvalidSignatureException) when calling the PutItem operation: Signature expired: 20250302T044510Z is now earlier than 20250302T045639Z (20250302T051139Z - 15 min.)
2025-03-02 10:15:10,440 - ERROR - Error uploading to DynamoDB: An error occurred (InvalidSignatureException) when calling the PutItem operation: Signature expired: 20250302T044510Z is now earlier than 20250302T045639Z (20250302T051139Z - 15 min.)
2025-03-02 10:15:10,459 - ERROR - Error uploading to DynamoDB: An error occurred (InvalidSignatureException) when calling the PutItem operation: Signature expired: 20250302T044510Z is now earlier than 20250302T045639Z (20250302T051139Z - 15 min.)
2025-03-02 10:15:10,473 - ERROR - Error uploading to DynamoDB: An error occurred (InvalidSignatureException) when calling the PutItem operation: Signature expired: 20250302T044510Z is now earlier than 20250302T045639Z (20250302T051139Z - 15 min.)
2025-03-02 10:15:10,489 - ERROR - Error uploading to DynamoDB: An error occurred (InvalidSignatureException) when calling the PutItem operation: Signature expired: 20250302T044510Z is now earlier than 20250302T045639Z (20250302T051139Z - 15 min.)
2025-03-02 10:15:10,510 - ERROR - Error uploading to DynamoDB: An error occurred (InvalidSignatureException) when calling the PutItem operation: Signature expired: 20250302T044510Z is now earlier than 20250302T045639Z (20250302T051139Z - 15 min.)
2025-03-02 10:15:10,525 - ERROR - Error uploading to DynamoDB: An error occurred (InvalidSignatureException) when calling the PutItem operation: Signature expired: 20250302T044510Z is now earlier than 20250302T045639Z (20250302T051139Z - 15 min.)
2025-03-02 10:15:10,539 - ERROR - Error uploading to DynamoDB: An error occurred (InvalidSignatureException) when calling the PutItem operation: Signature expired: 20250302T044510Z is now earlier than 20250302T045639Z (20250302T051139Z - 15 min.)
2025-03-02 10:15:10,554 - ERROR - Error uploading to DynamoDB: An error occurred (InvalidSignatureException) when calling the PutItem operation: Signature expired: 20250302T044510Z is now earlier than 20250302T045639Z (20250302T051139Z - 15 min.)
2025-03-02 10:15:10,572 - ERROR - Error uploading to DynamoDB: An error occurred (InvalidSignatureException) when calling the PutItem operation: Signature expired: 20250302T044510Z is now earlier than 20250302T045639Z (20250302T051139Z - 15 min.)
2025-03-02 10:15:10,587 - ERROR - Error uploading to DynamoDB: An error occurred (InvalidSignatureException) when calling the PutItem operation: Signature expired: 20250302T044510Z is now earlier than 20250302T045639Z (20250302T051139Z - 15 min.)
2025-03-02 10:15:10,605 - ERROR - Error uploading to DynamoDB: An error occurred (InvalidSignatureException) when calling the PutItem operation: Signature expired: 20250302T044510Z is now earlier than 20250302T045639Z (20250302T051139Z - 15 min.)
2025-03-02 10:15:10,621 - ERROR - Error uploading to DynamoDB: An error occurred (InvalidSignatureException) when calling the PutItem operation: Signature expired: 20250302T044510Z is now earlier than 20250302T045639Z (20250302T051139Z - 15 min.)
2025-03-02 10:15:10,636 - ERROR - Error uploading to DynamoDB: An error occurred (InvalidSignatureException) when calling the PutItem operation: Signature expired: 20250302T044510Z is now earlier than 20250302T045639Z (20250302T051139Z - 15 min.)
2025-03-02 10:15:10,653 - ERROR - Error uploading to DynamoDB: An error occurred (InvalidSignatureException) when calling the PutItem operation: Signature expired: 20250302T044510Z is now earlier than 20250302T045639Z (20250302T051139Z - 15 min.)
2025-03-02 10:15:10,674 - ERROR - Error uploading to DynamoDB: An error occurred (InvalidSignatureException) when calling the PutItem operation: Signature expired: 20250302T044510Z is now earlier than 20250302T045639Z (20250302T051139Z - 15 min.)
2025-03-02 10:15:10,697 - ERROR - Error uploading to DynamoDB: An error occurred (InvalidSignatureException) when calling the PutItem operation: Signature expired: 20250302T044510Z is now earlier than 20250302T045639Z (20250302T051139Z - 15 min.)
2025-03-02 10:15:10,711 - ERROR - Error uploading to DynamoDB: An error occurred (InvalidSignatureException) when calling the PutItem operation: Signature expired: 20250302T044510Z is now earlier than 20250302T045639Z (20250302T051139Z - 15 min.)
2025-03-02 10:15:10,723 - ERROR - Error uploading to DynamoDB: An error occurred (InvalidSignatureException) when calling the PutItem operation: Signature expired: 20250302T044510Z is now earlier than 20250302T045640Z (20250302T051140Z - 15 min.)
2025-03-02 10:15:10,736 - ERROR - Error uploading to DynamoDB: An error occurred (InvalidSignatureException) when calling the PutItem operation: Signature expired: 20250302T044510Z is now earlier than 20250302T045640Z (20250302T051140Z - 15 min.)
2025-03-02 10:15:10,753 - ERROR - Error uploading to DynamoDB: An error occurred (InvalidSignatureException) when calling the PutItem operation: Signature expired: 20250302T044510Z is now earlier than 20250302T045640Z (20250302T051140Z - 15 min.)
2025-03-02 10:15:10,768 - ERROR - Error uploading to DynamoDB: An error occurred (InvalidSignatureException) when calling the PutItem operation: Signature expired: 20250302T044510Z is now earlier than 20250302T045640Z (20250302T051140Z - 15 min.)
2025-03-02 10:15:10,783 - ERROR - Error uploading to DynamoDB: An error occurred (InvalidSignatureException) when calling the PutItem operation: Signature expired: 20250302T044510Z is now earlier than 20250302T045640Z (20250302T051140Z - 15 min.)
2025-03-02 10:15:10,797 - ERROR - Error uploading to DynamoDB: An error occurred (InvalidSignatureException) when calling the PutItem operation: Signature expired: 20250302T044510Z is now earlier than 20250302T045640Z (20250302T051140Z - 15 min.)
2025-03-02 10:15:10,812 - ERROR - Error uploading to DynamoDB: An error occurred (InvalidSignatureException) when calling the PutItem operation: Signature expired: 20250302T044510Z is now earlier than 20250302T045640Z (20250302T051140Z - 15 min.)
2025-03-02 10:15:10,830 - ERROR - Error uploading to DynamoDB: An error occurred (InvalidSignatureException) when calling the PutItem operation: Signature expired: 20250302T044510Z is now earlier than 20250302T045640Z (20250302T051140Z - 15 min.)
2025-03-02 10:15:10,845 - ERROR - Error uploading to DynamoDB: An error occurred (InvalidSignatureException) when calling the PutItem operation: Signature expired: 20250302T044510Z is now earlier than 20250302T045640Z (20250302T051140Z - 15 min.)
2025-03-02 10:15:10,860 - ERROR - Error uploading to DynamoDB: An error occurred (InvalidSignatureException) when calling the PutItem operation: Signature expired: 20250302T044510Z is now earlier than 20250302T045640Z (20250302T051140Z - 15 min.)
2025-03-02 10:15:10,875 - ERROR - Error uploading to DynamoDB: An error occurred (InvalidSignatureException) when calling the PutItem operation: Signature expired: 20250302T044510Z is now earlier than 20250302T045640Z (20250302T051140Z - 15 min.)
2025-03-02 10:15:10,891 - ERROR - Error uploading to DynamoDB: An error occurred (InvalidSignatureException) when calling the PutItem operation: Signature expired: 20250302T044510Z is now earlier than 20250302T045640Z (20250302T051140Z - 15 min.)
2025-03-02 10:15:10,907 - ERROR - Error uploading to DynamoDB: An error occurred (InvalidSignatureException) when calling the PutItem operation: Signature expired: 20250302T044510Z is now earlier than 20250302T045640Z (20250302T051140Z - 15 min.)
2025-03-02 10:15:10,922 - ERROR - Error uploading to DynamoDB: An error occurred (InvalidSignatureException) when calling the PutItem operation: Signature expired: 20250302T044510Z is now earlier than 20250302T045640Z (20250302T051140Z - 15 min.)
2025-03-02 10:15:10,938 - ERROR - Error uploading to DynamoDB: An error occurred (InvalidSignatureException) when calling the PutItem operation: Signature expired: 20250302T044510Z is now earlier than 20250302T045640Z (20250302T051140Z - 15 min.)
2025-03-02 10:15:10,951 - ERROR - Error uploading to DynamoDB: An error occurred (InvalidSignatureException) when calling the PutItem operation: Signature expired: 20250302T044510Z is now earlier than 20250302T045640Z (20250302T051140Z - 15 min.)
2025-03-02 10:15:10,965 - ERROR - Error uploading to DynamoDB: An error occurred (InvalidSignatureException) when calling the PutItem operation: Signature expired: 20250302T044510Z is now earlier than 20250302T045640Z (20250302T051140Z - 15 min.)
2025-03-02 10:15:10,982 - ERROR - Error uploading to DynamoDB: An error occurred (InvalidSignatureException) when calling the PutItem operation: Signature expired: 20250302T044510Z is now earlier than 20250302T045640Z (20250302T051140Z - 15 min.)
2025-03-02 10:15:10,996 - ERROR - Error uploading to DynamoDB: An error occurred (InvalidSignatureException) when calling the PutItem operation: Signature expired: 20250302T044510Z is now earlier than 20250302T045640Z (20250302T051140Z - 15 min.)
2025-03-02 10:15:11,012 - ERROR - Error uploading to DynamoDB: An error occurred (InvalidSignatureException) when calling the PutItem operation: Signature expired: 20250302T044511Z is now earlier than 20250302T045640Z (20250302T051140Z - 15 min.)
2025-03-02 10:15:11,029 - ERROR - Error uploading to DynamoDB: An error occurred (InvalidSignatureException) when calling the PutItem operation: Signature expired: 20250302T044511Z is now earlier than 20250302T045640Z (20250302T051140Z - 15 min.)
2025-03-02 10:15:11,042 - ERROR - Error uploading to DynamoDB: An error occurred (InvalidSignatureException) when calling the PutItem operation: Signature expired: 20250302T044511Z is now earlier than 20250302T045640Z (20250302T051140Z - 15 min.)
2025-03-02 10:15:11,055 - ERROR - Error uploading to DynamoDB: An error occurred (InvalidSignatureException) when calling the PutItem operation: Signature expired: 20250302T044511Z is now earlier than 20250302T045640Z (20250302T051140Z - 15 min.)
2025-03-02 10:15:11,070 - ERROR - Error uploading to DynamoDB: An error occurred (InvalidSignatureException) when calling the PutItem operation: Signature expired: 20250302T044511Z is now earlier than 20250302T045640Z (20250302T051140Z - 15 min.)
2025-03-02 10:15:11,086 - ERROR - Error uploading to DynamoDB: An error occurred (InvalidSignatureException) when calling the PutItem operation: Signature expired: 20250302T044511Z is now earlier than 20250302T045640Z (20250302T051140Z - 15 min.)
2025-03-02 10:15:11,100 - ERROR - Error uploading to DynamoDB: An error occurred (InvalidSignatureException) when calling the PutItem operation: Signature expired: 20250302T044511Z is now earlier than 20250302T045640Z (20250302T051140Z - 15 min.)
2025-03-02 10:15:11,113 - ERROR - Error uploading to DynamoDB: An error occurred (InvalidSignatureException) when calling the PutItem operation: Signature expired: 20250302T044511Z is now earlier than 20250302T045640Z (20250302T051140Z - 15 min.)
2025-03-02 10:15:11,127 - ERROR - Error uploading to DynamoDB: An error occurred (InvalidSignatureException) when calling the PutItem operation: Signature expired: 20250302T044511Z is now earlier than 20250302T045640Z (20250302T051140Z - 15 min.)
2025-03-02 10:15:11,141 - ERROR - Error uploading to DynamoDB: An error occurred (InvalidSignatureException) when calling the PutItem operation: Signature expired: 20250302T044511Z is now earlier than 20250302T045640Z (20250302T051140Z - 15 min.)
2025-03-02 10:15:11,158 - ERROR - Error uploading to DynamoDB: An error occurred (InvalidSignatureException) when calling the PutItem operation: Signature expired: 20250302T044511Z is now earlier than 20250302T045640Z (20250302T051140Z - 15 min.)
2025-03-02 10:15:11,173 - ERROR - Error uploading to DynamoDB: An error occurred (InvalidSignatureException) when calling the PutItem operation: Signature expired: 20250302T044511Z is now earlier than 20250302T045640Z (20250302T051140Z - 15 min.)
2025-03-02 10:15:11,192 - ERROR - Error uploading to DynamoDB: An error occurred (InvalidSignatureException) when calling the PutItem operation: Signature expired: 20250302T044511Z is now earlier than 20250302T045640Z (20250302T051140Z - 15 min.)
2025-03-02 10:15:11,212 - ERROR - Error uploading to DynamoDB: An error occurred (InvalidSignatureException) when calling the PutItem operation: Signature expired: 20250302T044511Z is now earlier than 20250302T045640Z (20250302T051140Z - 15 min.)
2025-03-02 10:15:11,226 - ERROR - Error uploading to DynamoDB: An error occurred (InvalidSignatureException) when calling the PutItem operation: Signature expired: 20250302T044511Z is now earlier than 20250302T045640Z (20250302T051140Z - 15 min.)
2025-03-02 10:15:11,240 - ERROR - Error uploading to DynamoDB: An error occurred (InvalidSignatureException) when calling the PutItem operation: Signature expired: 20250302T044511Z is now earlier than 20250302T045640Z (20250302T051140Z - 15 min.)
2025-03-02 10:15:11,254 - ERROR - Error uploading to DynamoDB: An error occurred (InvalidSignatureException) when calling the PutItem operation: Signature expired: 20250302T044511Z is now earlier than 20250302T045640Z (20250302T051140Z - 15 min.)
2025-03-02 10:15:11,269 - ERROR - Error uploading to DynamoDB: An error occurred (InvalidSignatureException) when calling the PutItem operation: Signature expired: 20250302T044511Z is now earlier than 20250302T045640Z (20250302T051140Z - 15 min.)
2025-03-02 10:15:11,283 - ERROR - Error uploading to DynamoDB: An error occurred (InvalidSignatureException) when calling the PutItem operation: Signature expired: 20250302T044511Z is now earlier than 20250302T045640Z (20250302T051140Z - 15 min.)
2025-03-02 10:15:11,298 - ERROR - Error uploading to DynamoDB: An error occurred (InvalidSignatureException) when calling the PutItem operation: Signature expired: 20250302T044511Z is now earlier than 20250302T045640Z (20250302T051140Z - 15 min.)
2025-03-02 10:15:11,310 - ERROR - Error uploading to DynamoDB: An error occurred (InvalidSignatureException) when calling the PutItem operation: Signature expired: 20250302T044511Z is now earlier than 20250302T045640Z (20250302T051140Z - 15 min.)
2025-03-02 10:15:11,326 - ERROR - Error uploading to DynamoDB: An error occurred (InvalidSignatureException) when calling the PutItem operation: Signature expired: 20250302T044511Z is now earlier than 20250302T045640Z (20250302T051140Z - 15 min.)
2025-03-02 10:15:11,340 - ERROR - Error uploading to DynamoDB: An error occurred (InvalidSignatureException) when calling the PutItem operation: Signature expired: 20250302T044511Z is now earlier than 20250302T045640Z (20250302T051140Z - 15 min.)
2025-03-02 10:15:11,355 - ERROR - Error uploading to DynamoDB: An error occurred (InvalidSignatureException) when calling the PutItem operation: Signature expired: 20250302T044511Z is now earlier than 20250302T045640Z (20250302T051140Z - 15 min.)
2025-03-02 10:15:11,371 - ERROR - Error uploading to DynamoDB: An error occurred (InvalidSignatureException) when calling the PutItem operation: Signature expired: 20250302T044511Z is now earlier than 20250302T045640Z (20250302T051140Z - 15 min.)
2025-03-02 10:15:11,385 - ERROR - Error uploading to DynamoDB: An error occurred (InvalidSignatureException) when calling the PutItem operation: Signature expired: 20250302T044511Z is now earlier than 20250302T045640Z (20250302T051140Z - 15 min.)
2025-03-02 10:15:11,400 - ERROR - Error uploading to DynamoDB: An error occurred (InvalidSignatureException) when calling the PutItem operation: Signature expired: 20250302T044511Z is now earlier than 20250302T045640Z (20250302T051140Z - 15 min.)
2025-03-02 10:15:11,413 - ERROR - Error uploading to DynamoDB: An error occurred (InvalidSignatureException) when calling the PutItem operation: Signature expired: 20250302T044511Z is now earlier than 20250302T045640Z (20250302T051140Z - 15 min.)
2025-03-02 10:15:11,431 - ERROR - Error uploading to DynamoDB: An error occurred (InvalidSignatureException) when calling the PutItem operation: Signature expired: 20250302T044511Z is now earlier than 20250302T045640Z (20250302T051140Z - 15 min.)
2025-03-02 10:15:11,445 - ERROR - Error uploading to DynamoDB: An error occurred (InvalidSignatureException) when calling the PutItem operation: Signature expired: 20250302T044511Z is now earlier than 20250302T045640Z (20250302T051140Z - 15 min.)
2025-03-02 10:15:11,463 - ERROR - Error uploading to DynamoDB: An error occurred (InvalidSignatureException) when calling the PutItem operation: Signature expired: 20250302T044511Z is now earlier than 20250302T045640Z (20250302T051140Z - 15 min.)
2025-03-02 10:15:11,478 - ERROR - Error uploading to DynamoDB: An error occurred (InvalidSignatureException) when calling the PutItem operation: Signature expired: 20250302T044511Z is now earlier than 20250302T045640Z (20250302T051140Z - 15 min.)
2025-03-02 10:15:11,494 - ERROR - Error uploading to DynamoDB: An error occurred (InvalidSignatureException) when calling the PutItem operation: Signature expired: 20250302T044511Z is now earlier than 20250302T045640Z (20250302T051140Z - 15 min.)
2025-03-02 10:15:11,512 - ERROR - Error uploading to DynamoDB: An error occurred (InvalidSignatureException) when calling the PutItem operation: Signature expired: 20250302T044511Z is now earlier than 20250302T045640Z (20250302T051140Z - 15 min.)
2025-03-02 10:15:11,526 - ERROR - Error uploading to DynamoDB: An error occurred (InvalidSignatureException) when calling the PutItem operation: Signature expired: 20250302T044511Z is now earlier than 20250302T045640Z (20250302T051140Z - 15 min.)
2025-03-02 10:15:11,544 - ERROR - Error uploading to DynamoDB: An error occurred (InvalidSignatureException) when calling the PutItem operation: Signature expired: 20250302T044511Z is now earlier than 20250302T045640Z (20250302T051140Z - 15 min.)
2025-03-02 10:15:11,563 - ERROR - Error uploading to DynamoDB: An error occurred (InvalidSignatureException) when calling the PutItem operation: Signature expired: 20250302T044511Z is now earlier than 20250302T045640Z (20250302T051140Z - 15 min.)
2025-03-03 15:36:57,430 - ERROR - Error in retry logic: SSL connection has been closed unexpectedly

2025-03-03 15:36:57,434 - ERROR - Error in PostgreSQL listener: connection already closed
2025-03-03 15:44:00,235 - ERROR - Error in retry logic: SSL connection has been closed unexpectedly

2025-03-03 15:44:00,240 - ERROR - Error in PostgreSQL listener: connection already closed
2025-03-11 12:41:31,688 - ERROR - Error in retry logic: SSL connection has been closed unexpectedly

2025-03-11 12:41:31,697 - ERROR - Error in PostgreSQL listener: connection already closed
2025-03-11 14:41:19,433 - ERROR - General error: Could not connect to the endpoint URL: "https://dynamodb.ap-south-1.amazonaws.com/"
2025-03-11 14:42:48,519 - ERROR - General error: Could not connect to the endpoint URL: "https://dynamodb.ap-south-1.amazonaws.com/"
2025-03-11 15:27:35,469 - ERROR - General error: Could not connect to the endpoint URL: "https://dynamodb.ap-south-1.amazonaws.com/"
2025-03-11 15:29:41,161 - ERROR - General error: Could not connect to the endpoint URL: "https://dynamodb.ap-south-1.amazonaws.com/"
2025-03-11 15:31:46,853 - ERROR - General error: Could not connect to the endpoint URL: "https://dynamodb.ap-south-1.amazonaws.com/"
2025-03-11 15:33:52,533 - ERROR - General error: Could not connect to the endpoint URL: "https://dynamodb.ap-south-1.amazonaws.com/"
2025-03-11 15:35:58,266 - ERROR - General error: Could not connect to the endpoint URL: "https://dynamodb.ap-south-1.amazonaws.com/"
2025-03-11 15:38:03,965 - ERROR - General error: Could not connect to the endpoint URL: "https://dynamodb.ap-south-1.amazonaws.com/"
2025-03-11 15:40:09,653 - ERROR - General error: Could not connect to the endpoint URL: "https://dynamodb.ap-south-1.amazonaws.com/"
2025-03-11 15:42:15,342 - ERROR - General error: Could not connect to the endpoint URL: "https://dynamodb.ap-south-1.amazonaws.com/"
2025-03-11 15:44:21,038 - ERROR - General error: Could not connect to the endpoint URL: "https://dynamodb.ap-south-1.amazonaws.com/"
2025-03-11 15:46:26,730 - ERROR - General error: Could not connect to the endpoint URL: "https://dynamodb.ap-south-1.amazonaws.com/"
2025-03-11 15:48:32,434 - ERROR - General error: Could not connect to the endpoint URL: "https://dynamodb.ap-south-1.amazonaws.com/"
2025-03-11 15:50:38,125 - ERROR - General error: Could not connect to the endpoint URL: "https://dynamodb.ap-south-1.amazonaws.com/"
2025-03-12 12:41:42,077 - ERROR - General error: Could not connect to the endpoint URL: "https://dynamodb.ap-south-1.amazonaws.com/"
2025-03-12 12:43:47,778 - ERROR - General error: Could not connect to the endpoint URL: "https://dynamodb.ap-south-1.amazonaws.com/"
2025-03-12 12:45:53,482 - ERROR - General error: Could not connect to the endpoint URL: "https://dynamodb.ap-south-1.amazonaws.com/"
2025-03-12 15:36:11,620 - ERROR - General error: Could not connect to the endpoint URL: "https://dynamodb.ap-south-1.amazonaws.com/"
2025-03-13 11:55:48,253 - ERROR - General error: Could not connect to the endpoint URL: "https://dynamodb.ap-south-1.amazonaws.com/"
2025-03-13 11:57:53,941 - ERROR - General error: Could not connect to the endpoint URL: "https://dynamodb.ap-south-1.amazonaws.com/"
2025-03-13 11:59:59,626 - ERROR - General error: Could not connect to the endpoint URL: "https://dynamodb.ap-south-1.amazonaws.com/"
2025-03-13 12:02:05,317 - ERROR - General error: Could not connect to the endpoint URL: "https://dynamodb.ap-south-1.amazonaws.com/"
2025-03-13 12:04:11,007 - ERROR - General error: Could not connect to the endpoint URL: "https://dynamodb.ap-south-1.amazonaws.com/"
2025-03-13 12:06:16,697 - ERROR - General error: Could not connect to the endpoint URL: "https://dynamodb.ap-south-1.amazonaws.com/"
2025-03-13 12:08:22,382 - ERROR - General error: Could not connect to the endpoint URL: "https://dynamodb.ap-south-1.amazonaws.com/"
2025-03-13 12:10:28,065 - ERROR - General error: Could not connect to the endpoint URL: "https://dynamodb.ap-south-1.amazonaws.com/"
2025-03-13 12:12:33,758 - ERROR - General error: Could not connect to the endpoint URL: "https://dynamodb.ap-south-1.amazonaws.com/"
2025-03-13 12:14:39,455 - ERROR - General error: Could not connect to the endpoint URL: "https://dynamodb.ap-south-1.amazonaws.com/"
2025-03-13 12:16:45,137 - ERROR - General error: Could not connect to the endpoint URL: "https://dynamodb.ap-south-1.amazonaws.com/"
2025-03-13 12:18:50,834 - ERROR - General error: Could not connect to the endpoint URL: "https://dynamodb.ap-south-1.amazonaws.com/"
2025-03-13 12:20:43,908 - ERROR - General error: Could not connect to the endpoint URL: "https://dynamodb.ap-south-1.amazonaws.com/"
2025-03-13 12:21:42,277 - ERROR - General error: Could not connect to the endpoint URL: "https://dynamodb.ap-south-1.amazonaws.com/"
2025-03-13 12:22:43,716 - ERROR - General error: Could not connect to the endpoint URL: "https://dynamodb.ap-south-1.amazonaws.com/"
2025-03-13 13:42:14,151 - ERROR - General error: Could not connect to the endpoint URL: "https://dynamodb.ap-south-1.amazonaws.com/"
2025-03-13 13:44:19,837 - ERROR - General error: Could not connect to the endpoint URL: "https://dynamodb.ap-south-1.amazonaws.com/"
2025-03-13 13:46:25,521 - ERROR - General error: Could not connect to the endpoint URL: "https://dynamodb.ap-south-1.amazonaws.com/"
2025-03-13 13:48:04,708 - ERROR - General error: Could not connect to the endpoint URL: "https://dynamodb.ap-south-1.amazonaws.com/"
2025-03-13 13:49:12,297 - ERROR - General error: Could not connect to the endpoint URL: "https://dynamodb.ap-south-1.amazonaws.com/"
2025-03-13 13:51:02,884 - ERROR - General error: Could not connect to the endpoint URL: "https://dynamodb.ap-south-1.amazonaws.com/"
2025-03-13 18:59:52,007 - ERROR - Error in retry logic: SSL connection has been closed unexpectedly

2025-03-13 18:59:52,008 - ERROR - Error in PostgreSQL listener: connection already closed
2025-03-14 13:45:23,017 - ERROR - General error: Could not connect to the endpoint URL: "https://dynamodb.ap-south-1.amazonaws.com/"
2025-03-14 13:47:28,747 - ERROR - General error: Could not connect to the endpoint URL: "https://dynamodb.ap-south-1.amazonaws.com/"
2025-03-14 13:49:34,452 - ERROR - General error: Could not connect to the endpoint URL: "https://dynamodb.ap-south-1.amazonaws.com/"
2025-03-14 13:51:40,150 - ERROR - General error: Could not connect to the endpoint URL: "https://dynamodb.ap-south-1.amazonaws.com/"
2025-03-14 13:53:45,856 - ERROR - General error: Could not connect to the endpoint URL: "https://dynamodb.ap-south-1.amazonaws.com/"
2025-03-14 13:55:51,565 - ERROR - General error: Could not connect to the endpoint URL: "https://dynamodb.ap-south-1.amazonaws.com/"
2025-03-14 13:57:57,291 - ERROR - General error: Could not connect to the endpoint URL: "https://dynamodb.ap-south-1.amazonaws.com/"
2025-03-14 14:00:03,035 - ERROR - General error: Could not connect to the endpoint URL: "https://dynamodb.ap-south-1.amazonaws.com/"
2025-03-14 14:02:08,736 - ERROR - General error: Could not connect to the endpoint URL: "https://dynamodb.ap-south-1.amazonaws.com/"
2025-03-14 14:04:14,449 - ERROR - General error: Could not connect to the endpoint URL: "https://dynamodb.ap-south-1.amazonaws.com/"
2025-03-14 14:06:20,160 - ERROR - General error: Could not connect to the endpoint URL: "https://dynamodb.ap-south-1.amazonaws.com/"
2025-03-14 14:08:25,864 - ERROR - General error: Could not connect to the endpoint URL: "https://dynamodb.ap-south-1.amazonaws.com/"
2025-03-14 14:10:31,571 - ERROR - General error: Could not connect to the endpoint URL: "https://dynamodb.ap-south-1.amazonaws.com/"
2025-03-14 14:12:37,275 - ERROR - General error: Could not connect to the endpoint URL: "https://dynamodb.ap-south-1.amazonaws.com/"
2025-03-14 14:14:42,979 - ERROR - General error: Could not connect to the endpoint URL: "https://dynamodb.ap-south-1.amazonaws.com/"
2025-03-14 14:16:48,680 - ERROR - General error: Could not connect to the endpoint URL: "https://dynamodb.ap-south-1.amazonaws.com/"
2025-03-14 14:18:54,392 - ERROR - General error: Could not connect to the endpoint URL: "https://dynamodb.ap-south-1.amazonaws.com/"
2025-03-14 14:21:00,104 - ERROR - General error: Could not connect to the endpoint URL: "https://dynamodb.ap-south-1.amazonaws.com/"
2025-03-14 14:23:05,812 - ERROR - General error: Could not connect to the endpoint URL: "https://dynamodb.ap-south-1.amazonaws.com/"
2025-03-14 14:25:11,551 - ERROR - General error: Could not connect to the endpoint URL: "https://dynamodb.ap-south-1.amazonaws.com/"
2025-03-14 14:27:17,255 - ERROR - General error: Could not connect to the endpoint URL: "https://dynamodb.ap-south-1.amazonaws.com/"
2025-03-14 14:29:22,963 - ERROR - General error: Could not connect to the endpoint URL: "https://dynamodb.ap-south-1.amazonaws.com/"
2025-03-14 14:31:28,675 - ERROR - General error: Could not connect to the endpoint URL: "https://dynamodb.ap-south-1.amazonaws.com/"
2025-03-14 14:33:34,380 - ERROR - General error: Could not connect to the endpoint URL: "https://dynamodb.ap-south-1.amazonaws.com/"
2025-03-14 14:35:40,091 - ERROR - General error: Could not connect to the endpoint URL: "https://dynamodb.ap-south-1.amazonaws.com/"
2025-03-14 14:37:45,796 - ERROR - General error: Could not connect to the endpoint URL: "https://dynamodb.ap-south-1.amazonaws.com/"
2025-03-14 14:39:51,533 - ERROR - General error: Could not connect to the endpoint URL: "https://dynamodb.ap-south-1.amazonaws.com/"
2025-03-14 14:41:57,227 - ERROR - General error: Could not connect to the endpoint URL: "https://dynamodb.ap-south-1.amazonaws.com/"
2025-03-14 14:44:02,928 - ERROR - General error: Could not connect to the endpoint URL: "https://dynamodb.ap-south-1.amazonaws.com/"
2025-03-14 14:46:08,631 - ERROR - General error: Could not connect to the endpoint URL: "https://dynamodb.ap-south-1.amazonaws.com/"
2025-03-14 14:48:14,333 - ERROR - General error: Could not connect to the endpoint URL: "https://dynamodb.ap-south-1.amazonaws.com/"
2025-03-14 14:50:20,039 - ERROR - General error: Could not connect to the endpoint URL: "https://dynamodb.ap-south-1.amazonaws.com/"
2025-03-14 14:52:25,755 - ERROR - General error: Could not connect to the endpoint URL: "https://dynamodb.ap-south-1.amazonaws.com/"
2025-03-14 14:54:31,489 - ERROR - General error: Could not connect to the endpoint URL: "https://dynamodb.ap-south-1.amazonaws.com/"
2025-03-14 14:56:37,199 - ERROR - General error: Could not connect to the endpoint URL: "https://dynamodb.ap-south-1.amazonaws.com/"
2025-03-14 14:58:42,912 - ERROR - General error: Could not connect to the endpoint URL: "https://dynamodb.ap-south-1.amazonaws.com/"
2025-03-14 15:00:48,646 - ERROR - General error: Could not connect to the endpoint URL: "https://dynamodb.ap-south-1.amazonaws.com/"
2025-03-14 15:02:54,351 - ERROR - General error: Could not connect to the endpoint URL: "https://dynamodb.ap-south-1.amazonaws.com/"
2025-03-14 15:05:00,064 - ERROR - General error: Could not connect to the endpoint URL: "https://dynamodb.ap-south-1.amazonaws.com/"
2025-03-14 15:07:05,782 - ERROR - General error: Could not connect to the endpoint URL: "https://dynamodb.ap-south-1.amazonaws.com/"
2025-03-14 15:08:48,063 - ERROR - General error: Could not connect to the endpoint URL: "https://dynamodb.ap-south-1.amazonaws.com/"
2025-03-14 15:10:06,552 - ERROR - General error: Could not connect to the endpoint URL: "https://dynamodb.ap-south-1.amazonaws.com/"
2025-03-18 20:54:31,329 - ERROR - General error: Could not connect to the endpoint URL: "https://dynamodb.ap-south-1.amazonaws.com/"
2025-03-18 20:56:37,018 - ERROR - General error: Could not connect to the endpoint URL: "https://dynamodb.ap-south-1.amazonaws.com/"
2025-03-18 20:58:42,713 - ERROR - General error: Could not connect to the endpoint URL: "https://dynamodb.ap-south-1.amazonaws.com/"
2025-03-18 21:00:48,401 - ERROR - General error: Could not connect to the endpoint URL: "https://dynamodb.ap-south-1.amazonaws.com/"
2025-03-18 21:02:54,094 - ERROR - General error: Could not connect to the endpoint URL: "https://dynamodb.ap-south-1.amazonaws.com/"
2025-03-18 21:04:59,777 - ERROR - General error: Could not connect to the endpoint URL: "https://dynamodb.ap-south-1.amazonaws.com/"
2025-03-18 21:07:05,461 - ERROR - General error: Could not connect to the endpoint URL: "https://dynamodb.ap-south-1.amazonaws.com/"
2025-03-18 21:09:11,153 - ERROR - General error: Could not connect to the endpoint URL: "https://dynamodb.ap-south-1.amazonaws.com/"
2025-03-18 21:11:16,841 - ERROR - General error: Could not connect to the endpoint URL: "https://dynamodb.ap-south-1.amazonaws.com/"
2025-03-18 21:13:22,525 - ERROR - General error: Could not connect to the endpoint URL: "https://dynamodb.ap-south-1.amazonaws.com/"
2025-03-18 21:15:28,205 - ERROR - General error: Could not connect to the endpoint URL: "https://dynamodb.ap-south-1.amazonaws.com/"
2025-03-18 21:17:33,909 - ERROR - General error: Could not connect to the endpoint URL: "https://dynamodb.ap-south-1.amazonaws.com/"
2025-03-18 21:19:39,594 - ERROR - General error: Could not connect to the endpoint URL: "https://dynamodb.ap-south-1.amazonaws.com/"
2025-03-18 21:21:45,287 - ERROR - General error: Could not connect to the endpoint URL: "https://dynamodb.ap-south-1.amazonaws.com/"
2025-03-18 21:23:50,974 - ERROR - General error: Could not connect to the endpoint URL: "https://dynamodb.ap-south-1.amazonaws.com/"
2025-03-18 21:25:56,661 - ERROR - General error: Could not connect to the endpoint URL: "https://dynamodb.ap-south-1.amazonaws.com/"
2025-03-18 21:28:02,349 - ERROR - General error: Could not connect to the endpoint URL: "https://dynamodb.ap-south-1.amazonaws.com/"
2025-03-18 21:30:08,046 - ERROR - General error: Could not connect to the endpoint URL: "https://dynamodb.ap-south-1.amazonaws.com/"
2025-03-18 21:32:13,733 - ERROR - General error: Could not connect to the endpoint URL: "https://dynamodb.ap-south-1.amazonaws.com/"
2025-03-18 21:34:19,417 - ERROR - General error: Could not connect to the endpoint URL: "https://dynamodb.ap-south-1.amazonaws.com/"
2025-03-18 21:36:25,101 - ERROR - General error: Could not connect to the endpoint URL: "https://dynamodb.ap-south-1.amazonaws.com/"
2025-03-18 21:38:30,784 - ERROR - General error: Could not connect to the endpoint URL: "https://dynamodb.ap-south-1.amazonaws.com/"
2025-03-18 21:40:36,465 - ERROR - General error: Could not connect to the endpoint URL: "https://dynamodb.ap-south-1.amazonaws.com/"
2025-03-18 21:42:42,158 - ERROR - General error: Could not connect to the endpoint URL: "https://dynamodb.ap-south-1.amazonaws.com/"
2025-03-18 21:44:47,837 - ERROR - General error: Could not connect to the endpoint URL: "https://dynamodb.ap-south-1.amazonaws.com/"
2025-03-18 21:46:53,530 - ERROR - General error: Could not connect to the endpoint URL: "https://dynamodb.ap-south-1.amazonaws.com/"
2025-03-18 21:48:59,213 - ERROR - General error: Could not connect to the endpoint URL: "https://dynamodb.ap-south-1.amazonaws.com/"
2025-03-18 21:51:04,901 - ERROR - General error: Could not connect to the endpoint URL: "https://dynamodb.ap-south-1.amazonaws.com/"
2025-03-18 21:53:10,581 - ERROR - General error: Could not connect to the endpoint URL: "https://dynamodb.ap-south-1.amazonaws.com/"
2025-03-18 21:55:16,277 - ERROR - General error: Could not connect to the endpoint URL: "https://dynamodb.ap-south-1.amazonaws.com/"
2025-03-18 21:57:21,961 - ERROR - General error: Could not connect to the endpoint URL: "https://dynamodb.ap-south-1.amazonaws.com/"
2025-03-18 21:59:27,645 - ERROR - General error: Could not connect to the endpoint URL: "https://dynamodb.ap-south-1.amazonaws.com/"
2025-03-18 22:01:33,329 - ERROR - General error: Could not connect to the endpoint URL: "https://dynamodb.ap-south-1.amazonaws.com/"
2025-03-18 22:03:39,009 - ERROR - General error: Could not connect to the endpoint URL: "https://dynamodb.ap-south-1.amazonaws.com/"
2025-03-18 22:05:44,697 - ERROR - General error: Could not connect to the endpoint URL: "https://dynamodb.ap-south-1.amazonaws.com/"
2025-03-18 22:07:50,385 - ERROR - General error: Could not connect to the endpoint URL: "https://dynamodb.ap-south-1.amazonaws.com/"
2025-03-18 22:09:56,073 - ERROR - General error: Could not connect to the endpoint URL: "https://dynamodb.ap-south-1.amazonaws.com/"
2025-03-18 22:12:01,753 - ERROR - General error: Could not connect to the endpoint URL: "https://dynamodb.ap-south-1.amazonaws.com/"
2025-03-18 22:14:07,433 - ERROR - General error: Could not connect to the endpoint URL: "https://dynamodb.ap-south-1.amazonaws.com/"
2025-03-18 22:16:13,134 - ERROR - General error: Could not connect to the endpoint URL: "https://dynamodb.ap-south-1.amazonaws.com/"
2025-03-18 22:18:18,833 - ERROR - General error: Could not connect to the endpoint URL: "https://dynamodb.ap-south-1.amazonaws.com/"
2025-03-18 22:20:24,517 - ERROR - General error: Could not connect to the endpoint URL: "https://dynamodb.ap-south-1.amazonaws.com/"
2025-03-18 22:22:30,205 - ERROR - General error: Could not connect to the endpoint URL: "https://dynamodb.ap-south-1.amazonaws.com/"
2025-03-18 22:24:35,889 - ERROR - General error: Could not connect to the endpoint URL: "https://dynamodb.ap-south-1.amazonaws.com/"
2025-03-18 22:26:41,573 - ERROR - General error: Could not connect to the endpoint URL: "https://dynamodb.ap-south-1.amazonaws.com/"
2025-03-18 22:28:47,257 - ERROR - General error: Could not connect to the endpoint URL: "https://dynamodb.ap-south-1.amazonaws.com/"
2025-03-18 22:30:52,949 - ERROR - General error: Could not connect to the endpoint URL: "https://dynamodb.ap-south-1.amazonaws.com/"
2025-03-18 22:32:58,633 - ERROR - General error: Could not connect to the endpoint URL: "https://dynamodb.ap-south-1.amazonaws.com/"
2025-03-18 22:35:04,319 - ERROR - General error: Could not connect to the endpoint URL: "https://dynamodb.ap-south-1.amazonaws.com/"
2025-03-18 22:37:10,005 - ERROR - General error: Could not connect to the endpoint URL: "https://dynamodb.ap-south-1.amazonaws.com/"
2025-03-18 22:39:15,693 - ERROR - General error: Could not connect to the endpoint URL: "https://dynamodb.ap-south-1.amazonaws.com/"
2025-03-18 22:41:21,377 - ERROR - General error: Could not connect to the endpoint URL: "https://dynamodb.ap-south-1.amazonaws.com/"
2025-03-18 22:43:27,069 - ERROR - General error: Could not connect to the endpoint URL: "https://dynamodb.ap-south-1.amazonaws.com/"
2025-03-18 22:45:32,762 - ERROR - General error: Could not connect to the endpoint URL: "https://dynamodb.ap-south-1.amazonaws.com/"
2025-03-18 22:47:38,453 - ERROR - General error: Could not connect to the endpoint URL: "https://dynamodb.ap-south-1.amazonaws.com/"
2025-03-18 22:49:44,162 - ERROR - General error: Could not connect to the endpoint URL: "https://dynamodb.ap-south-1.amazonaws.com/"
2025-03-18 22:51:49,853 - ERROR - General error: Could not connect to the endpoint URL: "https://dynamodb.ap-south-1.amazonaws.com/"
2025-03-18 22:53:55,545 - ERROR - General error: Could not connect to the endpoint URL: "https://dynamodb.ap-south-1.amazonaws.com/"
2025-03-18 22:56:01,226 - ERROR - General error: Could not connect to the endpoint URL: "https://dynamodb.ap-south-1.amazonaws.com/"
2025-03-18 22:58:06,913 - ERROR - General error: Could not connect to the endpoint URL: "https://dynamodb.ap-south-1.amazonaws.com/"
2025-03-18 23:00:12,597 - ERROR - General error: Could not connect to the endpoint URL: "https://dynamodb.ap-south-1.amazonaws.com/"
2025-03-18 23:02:18,292 - ERROR - General error: Could not connect to the endpoint URL: "https://dynamodb.ap-south-1.amazonaws.com/"
2025-03-18 23:04:23,973 - ERROR - General error: Could not connect to the endpoint URL: "https://dynamodb.ap-south-1.amazonaws.com/"
2025-03-18 23:06:29,661 - ERROR - General error: Could not connect to the endpoint URL: "https://dynamodb.ap-south-1.amazonaws.com/"
2025-03-18 23:08:35,350 - ERROR - General error: Could not connect to the endpoint URL: "https://dynamodb.ap-south-1.amazonaws.com/"
2025-03-18 23:10:41,033 - ERROR - General error: Could not connect to the endpoint URL: "https://dynamodb.ap-south-1.amazonaws.com/"
2025-03-18 23:12:46,721 - ERROR - General error: Could not connect to the endpoint URL: "https://dynamodb.ap-south-1.amazonaws.com/"
2025-03-18 23:14:52,405 - ERROR - General error: Could not connect to the endpoint URL: "https://dynamodb.ap-south-1.amazonaws.com/"
2025-03-18 23:16:58,085 - ERROR - General error: Could not connect to the endpoint URL: "https://dynamodb.ap-south-1.amazonaws.com/"
2025-03-18 23:19:03,769 - ERROR - General error: Could not connect to the endpoint URL: "https://dynamodb.ap-south-1.amazonaws.com/"
2025-03-18 23:21:09,453 - ERROR - General error: Could not connect to the endpoint URL: "https://dynamodb.ap-south-1.amazonaws.com/"
2025-03-18 23:23:15,138 - ERROR - General error: Could not connect to the endpoint URL: "https://dynamodb.ap-south-1.amazonaws.com/"
2025-03-18 23:25:20,822 - ERROR - General error: Could not connect to the endpoint URL: "https://dynamodb.ap-south-1.amazonaws.com/"
2025-03-18 23:27:26,509 - ERROR - General error: Could not connect to the endpoint URL: "https://dynamodb.ap-south-1.amazonaws.com/"
2025-03-18 23:29:32,197 - ERROR - General error: Could not connect to the endpoint URL: "https://dynamodb.ap-south-1.amazonaws.com/"
2025-03-18 23:31:37,873 - ERROR - General error: Could not connect to the endpoint URL: "https://dynamodb.ap-south-1.amazonaws.com/"
2025-03-18 23:33:43,557 - ERROR - General error: Could not connect to the endpoint URL: "https://dynamodb.ap-south-1.amazonaws.com/"
2025-03-18 23:35:49,241 - ERROR - General error: Could not connect to the endpoint URL: "https://dynamodb.ap-south-1.amazonaws.com/"
2025-03-18 23:37:54,928 - ERROR - General error: Could not connect to the endpoint URL: "https://dynamodb.ap-south-1.amazonaws.com/"
2025-03-18 23:40:00,620 - ERROR - General error: Could not connect to the endpoint URL: "https://dynamodb.ap-south-1.amazonaws.com/"
2025-03-18 23:42:06,305 - ERROR - General error: Could not connect to the endpoint URL: "https://dynamodb.ap-south-1.amazonaws.com/"
2025-03-18 23:44:11,993 - ERROR - General error: Could not connect to the endpoint URL: "https://dynamodb.ap-south-1.amazonaws.com/"
2025-03-18 23:46:17,681 - ERROR - General error: Could not connect to the endpoint URL: "https://dynamodb.ap-south-1.amazonaws.com/"
2025-03-18 23:48:23,361 - ERROR - General error: Could not connect to the endpoint URL: "https://dynamodb.ap-south-1.amazonaws.com/"
2025-03-18 23:50:29,044 - ERROR - General error: Could not connect to the endpoint URL: "https://dynamodb.ap-south-1.amazonaws.com/"
2025-03-18 23:52:34,725 - ERROR - General error: Could not connect to the endpoint URL: "https://dynamodb.ap-south-1.amazonaws.com/"
2025-03-18 23:54:40,405 - ERROR - General error: Could not connect to the endpoint URL: "https://dynamodb.ap-south-1.amazonaws.com/"
2025-03-18 23:56:46,098 - ERROR - General error: Could not connect to the endpoint URL: "https://dynamodb.ap-south-1.amazonaws.com/"
2025-03-18 23:58:51,785 - ERROR - General error: Could not connect to the endpoint URL: "https://dynamodb.ap-south-1.amazonaws.com/"
2025-03-19 00:00:57,473 - ERROR - General error: Could not connect to the endpoint URL: "https://dynamodb.ap-south-1.amazonaws.com/"
2025-03-19 00:03:03,157 - ERROR - General error: Could not connect to the endpoint URL: "https://dynamodb.ap-south-1.amazonaws.com/"
2025-03-19 00:05:08,841 - ERROR - General error: Could not connect to the endpoint URL: "https://dynamodb.ap-south-1.amazonaws.com/"
2025-03-19 00:07:14,521 - ERROR - General error: Could not connect to the endpoint URL: "https://dynamodb.ap-south-1.amazonaws.com/"
2025-03-19 00:09:20,223 - ERROR - General error: Could not connect to the endpoint URL: "https://dynamodb.ap-south-1.amazonaws.com/"
2025-03-19 00:11:25,910 - ERROR - General error: Could not connect to the endpoint URL: "https://dynamodb.ap-south-1.amazonaws.com/"
2025-03-19 00:13:31,605 - ERROR - General error: Could not connect to the endpoint URL: "https://dynamodb.ap-south-1.amazonaws.com/"
2025-03-19 00:15:37,290 - ERROR - General error: Could not connect to the endpoint URL: "https://dynamodb.ap-south-1.amazonaws.com/"
2025-03-19 00:17:42,981 - ERROR - General error: Could not connect to the endpoint URL: "https://dynamodb.ap-south-1.amazonaws.com/"
2025-03-19 00:19:48,674 - ERROR - General error: Could not connect to the endpoint URL: "https://dynamodb.ap-south-1.amazonaws.com/"
2025-03-19 00:21:54,365 - ERROR - General error: Could not connect to the endpoint URL: "https://dynamodb.ap-south-1.amazonaws.com/"
2025-03-19 00:24:00,057 - ERROR - General error: Could not connect to the endpoint URL: "https://dynamodb.ap-south-1.amazonaws.com/"
2025-03-19 00:26:05,738 - ERROR - General error: Could not connect to the endpoint URL: "https://dynamodb.ap-south-1.amazonaws.com/"
2025-03-19 00:28:11,425 - ERROR - General error: Could not connect to the endpoint URL: "https://dynamodb.ap-south-1.amazonaws.com/"
2025-03-19 00:30:17,109 - ERROR - General error: Could not connect to the endpoint URL: "https://dynamodb.ap-south-1.amazonaws.com/"
2025-03-19 00:32:22,798 - ERROR - General error: Could not connect to the endpoint URL: "https://dynamodb.ap-south-1.amazonaws.com/"
2025-03-19 00:34:28,485 - ERROR - General error: Could not connect to the endpoint URL: "https://dynamodb.ap-south-1.amazonaws.com/"
2025-03-19 00:36:34,173 - ERROR - General error: Could not connect to the endpoint URL: "https://dynamodb.ap-south-1.amazonaws.com/"
2025-03-19 00:38:39,869 - ERROR - General error: Could not connect to the endpoint URL: "https://dynamodb.ap-south-1.amazonaws.com/"
2025-03-19 00:40:45,553 - ERROR - General error: Could not connect to the endpoint URL: "https://dynamodb.ap-south-1.amazonaws.com/"
2025-03-19 00:42:51,237 - ERROR - General error: Could not connect to the endpoint URL: "https://dynamodb.ap-south-1.amazonaws.com/"
2025-03-19 00:44:56,923 - ERROR - General error: Could not connect to the endpoint URL: "https://dynamodb.ap-south-1.amazonaws.com/"
2025-03-19 00:47:02,617 - ERROR - General error: Could not connect to the endpoint URL: "https://dynamodb.ap-south-1.amazonaws.com/"
2025-03-19 00:49:08,310 - ERROR - General error: Could not connect to the endpoint URL: "https://dynamodb.ap-south-1.amazonaws.com/"
2025-03-19 00:51:14,007 - ERROR - General error: Could not connect to the endpoint URL: "https://dynamodb.ap-south-1.amazonaws.com/"
2025-03-19 00:53:19,713 - ERROR - General error: Could not connect to the endpoint URL: "https://dynamodb.ap-south-1.amazonaws.com/"
2025-03-19 00:55:25,394 - ERROR - General error: Could not connect to the endpoint URL: "https://dynamodb.ap-south-1.amazonaws.com/"
2025-03-19 00:57:31,077 - ERROR - General error: Could not connect to the endpoint URL: "https://dynamodb.ap-south-1.amazonaws.com/"
2025-03-19 00:59:36,765 - ERROR - General error: Could not connect to the endpoint URL: "https://dynamodb.ap-south-1.amazonaws.com/"
2025-03-19 01:01:42,453 - ERROR - General error: Could not connect to the endpoint URL: "https://dynamodb.ap-south-1.amazonaws.com/"
2025-03-19 01:03:48,137 - ERROR - General error: Could not connect to the endpoint URL: "https://dynamodb.ap-south-1.amazonaws.com/"
2025-03-19 01:05:53,817 - ERROR - General error: Could not connect to the endpoint URL: "https://dynamodb.ap-south-1.amazonaws.com/"
2025-03-19 01:07:59,506 - ERROR - General error: Could not connect to the endpoint URL: "https://dynamodb.ap-south-1.amazonaws.com/"
2025-03-19 01:10:05,188 - ERROR - General error: Could not connect to the endpoint URL: "https://dynamodb.ap-south-1.amazonaws.com/"
2025-03-19 01:12:10,880 - ERROR - General error: Could not connect to the endpoint URL: "https://dynamodb.ap-south-1.amazonaws.com/"
2025-03-19 01:14:16,565 - ERROR - General error: Could not connect to the endpoint URL: "https://dynamodb.ap-south-1.amazonaws.com/"
2025-03-19 01:16:22,255 - ERROR - General error: Could not connect to the endpoint URL: "https://dynamodb.ap-south-1.amazonaws.com/"
2025-03-19 01:18:27,941 - ERROR - General error: Could not connect to the endpoint URL: "https://dynamodb.ap-south-1.amazonaws.com/"
2025-03-19 01:20:33,628 - ERROR - General error: Could not connect to the endpoint URL: "https://dynamodb.ap-south-1.amazonaws.com/"
2025-03-19 01:22:39,318 - ERROR - General error: Could not connect to the endpoint URL: "https://dynamodb.ap-south-1.amazonaws.com/"
2025-03-19 01:24:45,005 - ERROR - General error: Could not connect to the endpoint URL: "https://dynamodb.ap-south-1.amazonaws.com/"
2025-03-19 01:26:50,689 - ERROR - General error: Could not connect to the endpoint URL: "https://dynamodb.ap-south-1.amazonaws.com/"
2025-03-19 01:28:56,381 - ERROR - General error: Could not connect to the endpoint URL: "https://dynamodb.ap-south-1.amazonaws.com/"
2025-03-19 01:31:02,069 - ERROR - General error: Could not connect to the endpoint URL: "https://dynamodb.ap-south-1.amazonaws.com/"
2025-03-19 01:33:07,757 - ERROR - General error: Could not connect to the endpoint URL: "https://dynamodb.ap-south-1.amazonaws.com/"
2025-03-19 01:35:13,449 - ERROR - General error: Could not connect to the endpoint URL: "https://dynamodb.ap-south-1.amazonaws.com/"
2025-03-19 01:37:19,147 - ERROR - General error: Could not connect to the endpoint URL: "https://dynamodb.ap-south-1.amazonaws.com/"
2025-03-19 01:39:24,833 - ERROR - General error: Could not connect to the endpoint URL: "https://dynamodb.ap-south-1.amazonaws.com/"
2025-03-19 01:41:30,513 - ERROR - General error: Could not connect to the endpoint URL: "https://dynamodb.ap-south-1.amazonaws.com/"
2025-03-19 01:43:36,197 - ERROR - General error: Could not connect to the endpoint URL: "https://dynamodb.ap-south-1.amazonaws.com/"
2025-03-19 01:45:41,889 - ERROR - General error: Could not connect to the endpoint URL: "https://dynamodb.ap-south-1.amazonaws.com/"
2025-03-19 01:47:47,573 - ERROR - General error: Could not connect to the endpoint URL: "https://dynamodb.ap-south-1.amazonaws.com/"
2025-03-19 01:49:53,253 - ERROR - General error: Could not connect to the endpoint URL: "https://dynamodb.ap-south-1.amazonaws.com/"
2025-03-19 01:51:58,945 - ERROR - General error: Could not connect to the endpoint URL: "https://dynamodb.ap-south-1.amazonaws.com/"
2025-03-19 01:54:04,637 - ERROR - General error: Could not connect to the endpoint URL: "https://dynamodb.ap-south-1.amazonaws.com/"
2025-03-19 01:56:10,325 - ERROR - General error: Could not connect to the endpoint URL: "https://dynamodb.ap-south-1.amazonaws.com/"
2025-03-19 01:58:16,009 - ERROR - General error: Could not connect to the endpoint URL: "https://dynamodb.ap-south-1.amazonaws.com/"
2025-03-19 02:00:21,693 - ERROR - General error: Could not connect to the endpoint URL: "https://dynamodb.ap-south-1.amazonaws.com/"
2025-03-19 02:02:27,389 - ERROR - General error: Could not connect to the endpoint URL: "https://dynamodb.ap-south-1.amazonaws.com/"
2025-03-19 02:04:33,085 - ERROR - General error: Could not connect to the endpoint URL: "https://dynamodb.ap-south-1.amazonaws.com/"
2025-03-19 02:06:38,777 - ERROR - General error: Could not connect to the endpoint URL: "https://dynamodb.ap-south-1.amazonaws.com/"
2025-03-19 02:08:44,472 - ERROR - General error: Could not connect to the endpoint URL: "https://dynamodb.ap-south-1.amazonaws.com/"
2025-03-19 02:10:50,166 - ERROR - General error: Could not connect to the endpoint URL: "https://dynamodb.ap-south-1.amazonaws.com/"
2025-03-19 02:12:55,853 - ERROR - General error: Could not connect to the endpoint URL: "https://dynamodb.ap-south-1.amazonaws.com/"
2025-03-19 02:15:01,545 - ERROR - General error: Could not connect to the endpoint URL: "https://dynamodb.ap-south-1.amazonaws.com/"
2025-03-19 02:17:07,234 - ERROR - General error: Could not connect to the endpoint URL: "https://dynamodb.ap-south-1.amazonaws.com/"
2025-03-19 02:19:12,929 - ERROR - General error: Could not connect to the endpoint URL: "https://dynamodb.ap-south-1.amazonaws.com/"
2025-03-19 02:21:18,615 - ERROR - General error: Could not connect to the endpoint URL: "https://dynamodb.ap-south-1.amazonaws.com/"
2025-03-19 02:23:24,305 - ERROR - General error: Could not connect to the endpoint URL: "https://dynamodb.ap-south-1.amazonaws.com/"
2025-03-19 02:25:29,985 - ERROR - General error: Could not connect to the endpoint URL: "https://dynamodb.ap-south-1.amazonaws.com/"
2025-03-19 02:27:35,673 - ERROR - General error: Could not connect to the endpoint URL: "https://dynamodb.ap-south-1.amazonaws.com/"
2025-03-19 02:29:41,357 - ERROR - General error: Could not connect to the endpoint URL: "https://dynamodb.ap-south-1.amazonaws.com/"
2025-03-19 02:31:47,037 - ERROR - General error: Could not connect to the endpoint URL: "https://dynamodb.ap-south-1.amazonaws.com/"
2025-03-19 02:33:52,737 - ERROR - General error: Could not connect to the endpoint URL: "https://dynamodb.ap-south-1.amazonaws.com/"
2025-03-19 02:35:58,425 - ERROR - General error: Could not connect to the endpoint URL: "https://dynamodb.ap-south-1.amazonaws.com/"
2025-03-19 02:37:19,488 - ERROR - General error: Could not connect to the endpoint URL: "https://dynamodb.ap-south-1.amazonaws.com/"
2025-03-19 02:38:33,532 - ERROR - General error: Could not connect to the endpoint URL: "https://dynamodb.ap-south-1.amazonaws.com/"
2025-03-21 17:58:01,582 - ERROR - Error in PostgreSQL listener: connection to server at "localhost" (::1), port 5432 failed: Connection refused
	Is the server running on that host and accepting TCP/IP connections?
connection to server at "localhost" (127.0.0.1), port 5432 failed: Connection refused
	Is the server running on that host and accepting TCP/IP connections?

2025-03-21 18:11:02,293 - ERROR - Error in PostgreSQL listener: connection to server at "localhost" (::1), port 5432 failed: Connection refused
	Is the server running on that host and accepting TCP/IP connections?
connection to server at "localhost" (127.0.0.1), port 5432 failed: Connection refused
	Is the server running on that host and accepting TCP/IP connections?

2025-03-21 18:41:37,007 - ERROR - Error in PostgreSQL listener: connection to server at "localhost" (::1), port 5432 failed: Connection refused
	Is the server running on that host and accepting TCP/IP connections?
connection to server at "localhost" (127.0.0.1), port 5432 failed: Connection refused
	Is the server running on that host and accepting TCP/IP connections?

2025-03-21 18:51:42,205 - ERROR - Error in PostgreSQL listener: connection to server at "localhost" (::1), port 5432 failed: Connection refused
	Is the server running on that host and accepting TCP/IP connections?
connection to server at "localhost" (127.0.0.1), port 5432 failed: Connection refused
	Is the server running on that host and accepting TCP/IP connections?

2025-03-21 18:56:52,275 - ERROR - Error in PostgreSQL listener: connection to server at "localhost" (::1), port 5432 failed: Connection refused
	Is the server running on that host and accepting TCP/IP connections?
connection to server at "localhost" (127.0.0.1), port 5432 failed: Connection refused
	Is the server running on that host and accepting TCP/IP connections?

2025-03-24 12:29:54,198 - ERROR - Error in PostgreSQL listener: connection to server at "localhost" (::1), port 5432 failed: Connection refused
	Is the server running on that host and accepting TCP/IP connections?
connection to server at "localhost" (127.0.0.1), port 5432 failed: Connection refused
	Is the server running on that host and accepting TCP/IP connections?

2025-03-24 13:22:01,763 - ERROR - Error in retry logic: server closed the connection unexpectedly
	This probably means the server terminated abnormally
	before or while processing the request.

2025-03-24 13:22:01,764 - ERROR - Error in PostgreSQL listener: connection already closed
2025-03-24 13:24:06,557 - ERROR - Error in PostgreSQL listener: connection to server at "localhost" (::1), port 5432 failed: Connection refused
	Is the server running on that host and accepting TCP/IP connections?
connection to server at "localhost" (127.0.0.1), port 5432 failed: Connection refused
	Is the server running on that host and accepting TCP/IP connections?

2025-03-24 17:19:29,201 - ERROR - Error in PostgreSQL listener: connection to server at "localhost" (::1), port 5432 failed: Connection refused
	Is the server running on that host and accepting TCP/IP connections?
connection to server at "localhost" (127.0.0.1), port 5432 failed: Connection refused
	Is the server running on that host and accepting TCP/IP connections?

2025-03-27 12:48:10,033 - ERROR - General error: Could not connect to the endpoint URL: "https://dynamodb.ap-south-1.amazonaws.com/"
2025-03-27 12:50:15,719 - ERROR - General error: Could not connect to the endpoint URL: "https://dynamodb.ap-south-1.amazonaws.com/"
2025-03-31 15:49:51,284 - ERROR - Error in PostgreSQL listener: connection to server at "localhost" (::1), port 5432 failed: Connection refused
	Is the server running on that host and accepting TCP/IP connections?
connection to server at "localhost" (127.0.0.1), port 5432 failed: Connection refused
	Is the server running on that host and accepting TCP/IP connections?

2025-04-10 14:29:37,934 - ERROR - General error: Could not connect to the endpoint URL: "https://dynamodb.ap-south-1.amazonaws.com/"
2025-04-10 14:31:43,622 - ERROR - General error: Could not connect to the endpoint URL: "https://dynamodb.ap-south-1.amazonaws.com/"
2025-04-10 14:33:49,312 - ERROR - General error: Could not connect to the endpoint URL: "https://dynamodb.ap-south-1.amazonaws.com/"
2025-04-10 15:49:29,842 - ERROR - General error: Could not connect to the endpoint URL: "https://dynamodb.ap-south-1.amazonaws.com/"
2025-04-17 11:39:21,621 - ERROR - General error: Could not connect to the endpoint URL: "https://dynamodb.ap-south-1.amazonaws.com/"
2025-04-26 15:57:41,536 - ERROR - General error: Could not connect to the endpoint URL: "https://dynamodb.ap-south-1.amazonaws.com/"
2025-04-27 01:38:17,991 - ERROR - General error: Could not connect to the endpoint URL: "https://dynamodb.ap-south-1.amazonaws.com/"
2025-04-27 01:40:23,735 - ERROR - General error: Could not connect to the endpoint URL: "https://dynamodb.ap-south-1.amazonaws.com/"
2025-04-27 01:42:29,427 - ERROR - General error: Could not connect to the endpoint URL: "https://dynamodb.ap-south-1.amazonaws.com/"
2025-04-27 01:44:35,117 - ERROR - General error: Could not connect to the endpoint URL: "https://dynamodb.ap-south-1.amazonaws.com/"
2025-04-27 01:46:40,804 - ERROR - General error: Could not connect to the endpoint URL: "https://dynamodb.ap-south-1.amazonaws.com/"
2025-04-27 01:48:46,496 - ERROR - General error: Could not connect to the endpoint URL: "https://dynamodb.ap-south-1.amazonaws.com/"
2025-04-27 01:50:52,185 - ERROR - General error: Could not connect to the endpoint URL: "https://dynamodb.ap-south-1.amazonaws.com/"
2025-04-27 01:52:57,872 - ERROR - General error: Could not connect to the endpoint URL: "https://dynamodb.ap-south-1.amazonaws.com/"
2025-04-27 01:55:03,560 - ERROR - General error: Could not connect to the endpoint URL: "https://dynamodb.ap-south-1.amazonaws.com/"
2025-04-27 01:57:09,252 - ERROR - General error: Could not connect to the endpoint URL: "https://dynamodb.ap-south-1.amazonaws.com/"
2025-04-27 01:59:14,942 - ERROR - General error: Could not connect to the endpoint URL: "https://dynamodb.ap-south-1.amazonaws.com/"
2025-04-27 02:01:20,627 - ERROR - General error: Could not connect to the endpoint URL: "https://dynamodb.ap-south-1.amazonaws.com/"
2025-04-27 02:03:26,318 - ERROR - General error: Could not connect to the endpoint URL: "https://dynamodb.ap-south-1.amazonaws.com/"
2025-04-27 02:05:32,007 - ERROR - General error: Could not connect to the endpoint URL: "https://dynamodb.ap-south-1.amazonaws.com/"
2025-04-27 02:07:37,698 - ERROR - General error: Could not connect to the endpoint URL: "https://dynamodb.ap-south-1.amazonaws.com/"
2025-04-27 02:09:43,388 - ERROR - General error: Could not connect to the endpoint URL: "https://dynamodb.ap-south-1.amazonaws.com/"
2025-04-27 02:11:49,078 - ERROR - General error: Could not connect to the endpoint URL: "https://dynamodb.ap-south-1.amazonaws.com/"
2025-04-27 02:13:54,770 - ERROR - General error: Could not connect to the endpoint URL: "https://dynamodb.ap-south-1.amazonaws.com/"
2025-04-27 02:16:00,462 - ERROR - General error: Could not connect to the endpoint URL: "https://dynamodb.ap-south-1.amazonaws.com/"
2025-04-27 02:18:06,147 - ERROR - General error: Could not connect to the endpoint URL: "https://dynamodb.ap-south-1.amazonaws.com/"
2025-04-27 02:20:11,838 - ERROR - General error: Could not connect to the endpoint URL: "https://dynamodb.ap-south-1.amazonaws.com/"
2025-04-27 02:22:17,526 - ERROR - General error: Could not connect to the endpoint URL: "https://dynamodb.ap-south-1.amazonaws.com/"
2025-04-27 02:24:23,217 - ERROR - General error: Could not connect to the endpoint URL: "https://dynamodb.ap-south-1.amazonaws.com/"
2025-04-27 02:26:28,901 - ERROR - General error: Could not connect to the endpoint URL: "https://dynamodb.ap-south-1.amazonaws.com/"
2025-04-27 02:28:34,588 - ERROR - General error: Could not connect to the endpoint URL: "https://dynamodb.ap-south-1.amazonaws.com/"
2025-04-27 02:30:40,279 - ERROR - General error: Could not connect to the endpoint URL: "https://dynamodb.ap-south-1.amazonaws.com/"
2025-04-27 02:32:45,969 - ERROR - General error: Could not connect to the endpoint URL: "https://dynamodb.ap-south-1.amazonaws.com/"
2025-04-27 02:34:51,658 - ERROR - General error: Could not connect to the endpoint URL: "https://dynamodb.ap-south-1.amazonaws.com/"
2025-04-27 02:36:57,350 - ERROR - General error: Could not connect to the endpoint URL: "https://dynamodb.ap-south-1.amazonaws.com/"
2025-04-27 02:39:03,036 - ERROR - General error: Could not connect to the endpoint URL: "https://dynamodb.ap-south-1.amazonaws.com/"
2025-04-27 02:41:08,724 - ERROR - General error: Could not connect to the endpoint URL: "https://dynamodb.ap-south-1.amazonaws.com/"
2025-04-27 02:43:14,414 - ERROR - General error: Could not connect to the endpoint URL: "https://dynamodb.ap-south-1.amazonaws.com/"
2025-04-27 02:45:20,102 - ERROR - General error: Could not connect to the endpoint URL: "https://dynamodb.ap-south-1.amazonaws.com/"
2025-04-27 02:47:25,792 - ERROR - General error: Could not connect to the endpoint URL: "https://dynamodb.ap-south-1.amazonaws.com/"
2025-04-27 02:49:31,483 - ERROR - General error: Could not connect to the endpoint URL: "https://dynamodb.ap-south-1.amazonaws.com/"
2025-04-27 02:51:37,173 - ERROR - General error: Could not connect to the endpoint URL: "https://dynamodb.ap-south-1.amazonaws.com/"
2025-04-27 02:53:42,865 - ERROR - General error: Could not connect to the endpoint URL: "https://dynamodb.ap-south-1.amazonaws.com/"
2025-04-27 02:55:48,556 - ERROR - General error: Could not connect to the endpoint URL: "https://dynamodb.ap-south-1.amazonaws.com/"
2025-04-27 02:57:54,243 - ERROR - General error: Could not connect to the endpoint URL: "https://dynamodb.ap-south-1.amazonaws.com/"
2025-04-27 02:59:59,934 - ERROR - General error: Could not connect to the endpoint URL: "https://dynamodb.ap-south-1.amazonaws.com/"
2025-04-27 03:02:05,625 - ERROR - General error: Could not connect to the endpoint URL: "https://dynamodb.ap-south-1.amazonaws.com/"
2025-04-27 03:04:11,313 - ERROR - General error: Could not connect to the endpoint URL: "https://dynamodb.ap-south-1.amazonaws.com/"
2025-04-27 03:06:17,002 - ERROR - General error: Could not connect to the endpoint URL: "https://dynamodb.ap-south-1.amazonaws.com/"
2025-04-27 03:08:22,690 - ERROR - General error: Could not connect to the endpoint URL: "https://dynamodb.ap-south-1.amazonaws.com/"
2025-04-27 03:10:28,380 - ERROR - General error: Could not connect to the endpoint URL: "https://dynamodb.ap-south-1.amazonaws.com/"
2025-04-27 03:12:34,067 - ERROR - General error: Could not connect to the endpoint URL: "https://dynamodb.ap-south-1.amazonaws.com/"
2025-04-27 03:14:39,754 - ERROR - General error: Could not connect to the endpoint URL: "https://dynamodb.ap-south-1.amazonaws.com/"
2025-04-27 03:16:45,442 - ERROR - General error: Could not connect to the endpoint URL: "https://dynamodb.ap-south-1.amazonaws.com/"
2025-04-27 03:18:51,134 - ERROR - General error: Could not connect to the endpoint URL: "https://dynamodb.ap-south-1.amazonaws.com/"
2025-04-27 03:20:56,826 - ERROR - General error: Could not connect to the endpoint URL: "https://dynamodb.ap-south-1.amazonaws.com/"
2025-04-27 03:23:02,517 - ERROR - General error: Could not connect to the endpoint URL: "https://dynamodb.ap-south-1.amazonaws.com/"
2025-04-27 03:25:08,204 - ERROR - General error: Could not connect to the endpoint URL: "https://dynamodb.ap-south-1.amazonaws.com/"
2025-04-27 03:27:13,897 - ERROR - General error: Could not connect to the endpoint URL: "https://dynamodb.ap-south-1.amazonaws.com/"
2025-04-27 03:29:19,584 - ERROR - General error: Could not connect to the endpoint URL: "https://dynamodb.ap-south-1.amazonaws.com/"
2025-04-27 03:31:25,272 - ERROR - General error: Could not connect to the endpoint URL: "https://dynamodb.ap-south-1.amazonaws.com/"
2025-04-27 03:33:30,966 - ERROR - General error: Could not connect to the endpoint URL: "https://dynamodb.ap-south-1.amazonaws.com/"
2025-04-27 03:35:36,656 - ERROR - General error: Could not connect to the endpoint URL: "https://dynamodb.ap-south-1.amazonaws.com/"
2025-04-27 03:37:42,339 - ERROR - General error: Could not connect to the endpoint URL: "https://dynamodb.ap-south-1.amazonaws.com/"
2025-04-27 03:39:48,030 - ERROR - General error: Could not connect to the endpoint URL: "https://dynamodb.ap-south-1.amazonaws.com/"
2025-04-27 03:41:53,718 - ERROR - General error: Could not connect to the endpoint URL: "https://dynamodb.ap-south-1.amazonaws.com/"
2025-04-27 03:43:59,405 - ERROR - General error: Could not connect to the endpoint URL: "https://dynamodb.ap-south-1.amazonaws.com/"
2025-04-27 03:46:05,102 - ERROR - General error: Could not connect to the endpoint URL: "https://dynamodb.ap-south-1.amazonaws.com/"
2025-04-27 03:48:10,793 - ERROR - General error: Could not connect to the endpoint URL: "https://dynamodb.ap-south-1.amazonaws.com/"
2025-04-27 03:50:16,481 - ERROR - General error: Could not connect to the endpoint URL: "https://dynamodb.ap-south-1.amazonaws.com/"
2025-04-27 03:52:22,165 - ERROR - General error: Could not connect to the endpoint URL: "https://dynamodb.ap-south-1.amazonaws.com/"
2025-04-27 03:54:27,854 - ERROR - General error: Could not connect to the endpoint URL: "https://dynamodb.ap-south-1.amazonaws.com/"
2025-04-27 03:56:33,544 - ERROR - General error: Could not connect to the endpoint URL: "https://dynamodb.ap-south-1.amazonaws.com/"
2025-04-27 03:58:39,234 - ERROR - General error: Could not connect to the endpoint URL: "https://dynamodb.ap-south-1.amazonaws.com/"
2025-04-27 04:00:44,922 - ERROR - General error: Could not connect to the endpoint URL: "https://dynamodb.ap-south-1.amazonaws.com/"
2025-04-27 04:02:50,608 - ERROR - General error: Could not connect to the endpoint URL: "https://dynamodb.ap-south-1.amazonaws.com/"
2025-04-27 04:04:56,297 - ERROR - General error: Could not connect to the endpoint URL: "https://dynamodb.ap-south-1.amazonaws.com/"
2025-04-27 04:07:01,986 - ERROR - General error: Could not connect to the endpoint URL: "https://dynamodb.ap-south-1.amazonaws.com/"
2025-04-27 04:09:07,672 - ERROR - General error: Could not connect to the endpoint URL: "https://dynamodb.ap-south-1.amazonaws.com/"
2025-04-27 04:11:13,362 - ERROR - General error: Could not connect to the endpoint URL: "https://dynamodb.ap-south-1.amazonaws.com/"
2025-04-27 04:13:19,049 - ERROR - General error: Could not connect to the endpoint URL: "https://dynamodb.ap-south-1.amazonaws.com/"
2025-04-27 04:15:24,738 - ERROR - General error: Could not connect to the endpoint URL: "https://dynamodb.ap-south-1.amazonaws.com/"
2025-04-27 04:17:30,426 - ERROR - General error: Could not connect to the endpoint URL: "https://dynamodb.ap-south-1.amazonaws.com/"
2025-04-27 04:19:36,113 - ERROR - General error: Could not connect to the endpoint URL: "https://dynamodb.ap-south-1.amazonaws.com/"
2025-04-27 04:21:41,799 - ERROR - General error: Could not connect to the endpoint URL: "https://dynamodb.ap-south-1.amazonaws.com/"
2025-04-27 04:23:47,491 - ERROR - General error: Could not connect to the endpoint URL: "https://dynamodb.ap-south-1.amazonaws.com/"
2025-04-27 04:25:53,179 - ERROR - General error: Could not connect to the endpoint URL: "https://dynamodb.ap-south-1.amazonaws.com/"
2025-04-27 04:27:58,868 - ERROR - General error: Could not connect to the endpoint URL: "https://dynamodb.ap-south-1.amazonaws.com/"
2025-04-27 04:30:04,559 - ERROR - General error: Could not connect to the endpoint URL: "https://dynamodb.ap-south-1.amazonaws.com/"
2025-04-27 04:32:10,246 - ERROR - General error: Could not connect to the endpoint URL: "https://dynamodb.ap-south-1.amazonaws.com/"
2025-04-27 04:34:15,935 - ERROR - General error: Could not connect to the endpoint URL: "https://dynamodb.ap-south-1.amazonaws.com/"
2025-04-27 04:36:21,625 - ERROR - General error: Could not connect to the endpoint URL: "https://dynamodb.ap-south-1.amazonaws.com/"
2025-04-27 04:38:27,313 - ERROR - General error: Could not connect to the endpoint URL: "https://dynamodb.ap-south-1.amazonaws.com/"
2025-04-27 04:40:33,003 - ERROR - General error: Could not connect to the endpoint URL: "https://dynamodb.ap-south-1.amazonaws.com/"
2025-04-27 04:42:38,688 - ERROR - General error: Could not connect to the endpoint URL: "https://dynamodb.ap-south-1.amazonaws.com/"
2025-04-27 04:44:44,372 - ERROR - General error: Could not connect to the endpoint URL: "https://dynamodb.ap-south-1.amazonaws.com/"
2025-04-27 04:46:50,056 - ERROR - General error: Could not connect to the endpoint URL: "https://dynamodb.ap-south-1.amazonaws.com/"
2025-04-27 04:48:55,744 - ERROR - General error: Could not connect to the endpoint URL: "https://dynamodb.ap-south-1.amazonaws.com/"
2025-04-27 04:51:01,432 - ERROR - General error: Could not connect to the endpoint URL: "https://dynamodb.ap-south-1.amazonaws.com/"
2025-04-27 04:53:07,120 - ERROR - General error: Could not connect to the endpoint URL: "https://dynamodb.ap-south-1.amazonaws.com/"
2025-04-27 04:55:12,814 - ERROR - General error: Could not connect to the endpoint URL: "https://dynamodb.ap-south-1.amazonaws.com/"
2025-04-27 04:57:18,504 - ERROR - General error: Could not connect to the endpoint URL: "https://dynamodb.ap-south-1.amazonaws.com/"
2025-04-27 04:59:24,196 - ERROR - General error: Could not connect to the endpoint URL: "https://dynamodb.ap-south-1.amazonaws.com/"
2025-04-27 05:01:29,885 - ERROR - General error: Could not connect to the endpoint URL: "https://dynamodb.ap-south-1.amazonaws.com/"
2025-04-27 05:03:35,574 - ERROR - General error: Could not connect to the endpoint URL: "https://dynamodb.ap-south-1.amazonaws.com/"
2025-04-27 05:05:41,264 - ERROR - General error: Could not connect to the endpoint URL: "https://dynamodb.ap-south-1.amazonaws.com/"
2025-04-27 05:07:46,956 - ERROR - General error: Could not connect to the endpoint URL: "https://dynamodb.ap-south-1.amazonaws.com/"
2025-04-27 05:09:52,642 - ERROR - General error: Could not connect to the endpoint URL: "https://dynamodb.ap-south-1.amazonaws.com/"
2025-04-27 05:11:58,330 - ERROR - General error: Could not connect to the endpoint URL: "https://dynamodb.ap-south-1.amazonaws.com/"
2025-04-27 05:14:04,022 - ERROR - General error: Could not connect to the endpoint URL: "https://dynamodb.ap-south-1.amazonaws.com/"
2025-04-27 05:16:09,710 - ERROR - General error: Could not connect to the endpoint URL: "https://dynamodb.ap-south-1.amazonaws.com/"
2025-04-27 05:18:15,398 - ERROR - General error: Could not connect to the endpoint URL: "https://dynamodb.ap-south-1.amazonaws.com/"
2025-04-27 05:20:21,088 - ERROR - General error: Could not connect to the endpoint URL: "https://dynamodb.ap-south-1.amazonaws.com/"
2025-04-27 05:22:26,775 - ERROR - General error: Could not connect to the endpoint URL: "https://dynamodb.ap-south-1.amazonaws.com/"
2025-04-27 05:24:32,462 - ERROR - General error: Could not connect to the endpoint URL: "https://dynamodb.ap-south-1.amazonaws.com/"
2025-04-27 05:26:38,212 - ERROR - General error: Could not connect to the endpoint URL: "https://dynamodb.ap-south-1.amazonaws.com/"
2025-04-27 05:28:43,896 - ERROR - General error: Could not connect to the endpoint URL: "https://dynamodb.ap-south-1.amazonaws.com/"
2025-04-27 05:30:49,575 - ERROR - General error: Could not connect to the endpoint URL: "https://dynamodb.ap-south-1.amazonaws.com/"
2025-04-27 05:32:55,261 - ERROR - General error: Could not connect to the endpoint URL: "https://dynamodb.ap-south-1.amazonaws.com/"
2025-04-27 05:35:00,949 - ERROR - General error: Could not connect to the endpoint URL: "https://dynamodb.ap-south-1.amazonaws.com/"
2025-04-27 05:37:06,639 - ERROR - General error: Could not connect to the endpoint URL: "https://dynamodb.ap-south-1.amazonaws.com/"
2025-04-27 05:39:12,332 - ERROR - General error: Could not connect to the endpoint URL: "https://dynamodb.ap-south-1.amazonaws.com/"
2025-04-27 05:41:18,018 - ERROR - General error: Could not connect to the endpoint URL: "https://dynamodb.ap-south-1.amazonaws.com/"
2025-04-27 05:43:23,705 - ERROR - General error: Could not connect to the endpoint URL: "https://dynamodb.ap-south-1.amazonaws.com/"
2025-04-27 05:45:29,394 - ERROR - General error: Could not connect to the endpoint URL: "https://dynamodb.ap-south-1.amazonaws.com/"
2025-04-27 05:47:35,079 - ERROR - General error: Could not connect to the endpoint URL: "https://dynamodb.ap-south-1.amazonaws.com/"
2025-04-27 05:49:40,768 - ERROR - General error: Could not connect to the endpoint URL: "https://dynamodb.ap-south-1.amazonaws.com/"
2025-04-27 05:51:46,458 - ERROR - General error: Could not connect to the endpoint URL: "https://dynamodb.ap-south-1.amazonaws.com/"
2025-04-27 05:53:52,146 - ERROR - General error: Could not connect to the endpoint URL: "https://dynamodb.ap-south-1.amazonaws.com/"
2025-04-27 05:55:57,833 - ERROR - General error: Could not connect to the endpoint URL: "https://dynamodb.ap-south-1.amazonaws.com/"
2025-04-27 05:58:03,525 - ERROR - General error: Could not connect to the endpoint URL: "https://dynamodb.ap-south-1.amazonaws.com/"
2025-04-27 06:00:09,211 - ERROR - General error: Could not connect to the endpoint URL: "https://dynamodb.ap-south-1.amazonaws.com/"
2025-04-27 06:02:14,897 - ERROR - General error: Could not connect to the endpoint URL: "https://dynamodb.ap-south-1.amazonaws.com/"
2025-04-27 06:04:20,587 - ERROR - General error: Could not connect to the endpoint URL: "https://dynamodb.ap-south-1.amazonaws.com/"
2025-04-27 06:06:26,274 - ERROR - General error: Could not connect to the endpoint URL: "https://dynamodb.ap-south-1.amazonaws.com/"
2025-04-27 06:08:31,962 - ERROR - General error: Could not connect to the endpoint URL: "https://dynamodb.ap-south-1.amazonaws.com/"
2025-04-27 06:10:37,652 - ERROR - General error: Could not connect to the endpoint URL: "https://dynamodb.ap-south-1.amazonaws.com/"
2025-04-27 06:12:43,336 - ERROR - General error: Could not connect to the endpoint URL: "https://dynamodb.ap-south-1.amazonaws.com/"
2025-04-27 06:14:49,023 - ERROR - General error: Could not connect to the endpoint URL: "https://dynamodb.ap-south-1.amazonaws.com/"
2025-04-27 06:16:54,714 - ERROR - General error: Could not connect to the endpoint URL: "https://dynamodb.ap-south-1.amazonaws.com/"
2025-04-27 06:19:00,400 - ERROR - General error: Could not connect to the endpoint URL: "https://dynamodb.ap-south-1.amazonaws.com/"
2025-04-27 06:21:06,088 - ERROR - General error: Could not connect to the endpoint URL: "https://dynamodb.ap-south-1.amazonaws.com/"
2025-04-27 06:23:11,776 - ERROR - General error: Could not connect to the endpoint URL: "https://dynamodb.ap-south-1.amazonaws.com/"
2025-04-27 06:25:17,462 - ERROR - General error: Could not connect to the endpoint URL: "https://dynamodb.ap-south-1.amazonaws.com/"
2025-04-27 06:27:23,151 - ERROR - General error: Could not connect to the endpoint URL: "https://dynamodb.ap-south-1.amazonaws.com/"
2025-04-27 06:29:28,841 - ERROR - General error: Could not connect to the endpoint URL: "https://dynamodb.ap-south-1.amazonaws.com/"
2025-04-27 06:31:34,528 - ERROR - General error: Could not connect to the endpoint URL: "https://dynamodb.ap-south-1.amazonaws.com/"
2025-04-27 06:33:40,217 - ERROR - General error: Could not connect to the endpoint URL: "https://dynamodb.ap-south-1.amazonaws.com/"
2025-04-27 06:35:45,909 - ERROR - General error: Could not connect to the endpoint URL: "https://dynamodb.ap-south-1.amazonaws.com/"
2025-04-27 06:37:51,595 - ERROR - General error: Could not connect to the endpoint URL: "https://dynamodb.ap-south-1.amazonaws.com/"
2025-04-27 06:39:57,282 - ERROR - General error: Could not connect to the endpoint URL: "https://dynamodb.ap-south-1.amazonaws.com/"
2025-04-27 06:42:02,969 - ERROR - General error: Could not connect to the endpoint URL: "https://dynamodb.ap-south-1.amazonaws.com/"
2025-04-27 06:44:08,656 - ERROR - General error: Could not connect to the endpoint URL: "https://dynamodb.ap-south-1.amazonaws.com/"
2025-04-27 06:46:14,344 - ERROR - General error: Could not connect to the endpoint URL: "https://dynamodb.ap-south-1.amazonaws.com/"
2025-04-27 06:48:20,037 - ERROR - General error: Could not connect to the endpoint URL: "https://dynamodb.ap-south-1.amazonaws.com/"
2025-04-27 06:50:25,725 - ERROR - General error: Could not connect to the endpoint URL: "https://dynamodb.ap-south-1.amazonaws.com/"
2025-04-27 06:52:31,412 - ERROR - General error: Could not connect to the endpoint URL: "https://dynamodb.ap-south-1.amazonaws.com/"
2025-04-27 06:54:37,103 - ERROR - General error: Could not connect to the endpoint URL: "https://dynamodb.ap-south-1.amazonaws.com/"
2025-04-27 06:56:43,028 - ERROR - General error: Could not connect to the endpoint URL: "https://dynamodb.ap-south-1.amazonaws.com/"
2025-04-27 06:58:48,712 - ERROR - General error: Could not connect to the endpoint URL: "https://dynamodb.ap-south-1.amazonaws.com/"
2025-04-27 07:00:54,398 - ERROR - General error: Could not connect to the endpoint URL: "https://dynamodb.ap-south-1.amazonaws.com/"
2025-04-27 07:03:00,085 - ERROR - General error: Could not connect to the endpoint URL: "https://dynamodb.ap-south-1.amazonaws.com/"
2025-04-27 07:05:05,773 - ERROR - General error: Could not connect to the endpoint URL: "https://dynamodb.ap-south-1.amazonaws.com/"
2025-04-27 07:07:11,459 - ERROR - General error: Could not connect to the endpoint URL: "https://dynamodb.ap-south-1.amazonaws.com/"
2025-04-27 07:09:17,144 - ERROR - General error: Could not connect to the endpoint URL: "https://dynamodb.ap-south-1.amazonaws.com/"
2025-04-27 07:11:22,835 - ERROR - General error: Could not connect to the endpoint URL: "https://dynamodb.ap-south-1.amazonaws.com/"
2025-04-27 07:13:28,521 - ERROR - General error: Could not connect to the endpoint URL: "https://dynamodb.ap-south-1.amazonaws.com/"
2025-04-27 07:15:34,208 - ERROR - General error: Could not connect to the endpoint URL: "https://dynamodb.ap-south-1.amazonaws.com/"
2025-04-27 07:17:39,895 - ERROR - General error: Could not connect to the endpoint URL: "https://dynamodb.ap-south-1.amazonaws.com/"
2025-04-27 07:19:45,584 - ERROR - General error: Could not connect to the endpoint URL: "https://dynamodb.ap-south-1.amazonaws.com/"
2025-04-27 07:21:51,270 - ERROR - General error: Could not connect to the endpoint URL: "https://dynamodb.ap-south-1.amazonaws.com/"
2025-04-27 07:23:56,960 - ERROR - General error: Could not connect to the endpoint URL: "https://dynamodb.ap-south-1.amazonaws.com/"
2025-04-27 07:26:02,643 - ERROR - General error: Could not connect to the endpoint URL: "https://dynamodb.ap-south-1.amazonaws.com/"
2025-04-27 07:28:08,327 - ERROR - General error: Could not connect to the endpoint URL: "https://dynamodb.ap-south-1.amazonaws.com/"
2025-04-27 07:30:14,012 - ERROR - General error: Could not connect to the endpoint URL: "https://dynamodb.ap-south-1.amazonaws.com/"
2025-04-27 07:32:19,698 - ERROR - General error: Could not connect to the endpoint URL: "https://dynamodb.ap-south-1.amazonaws.com/"
2025-04-27 07:34:25,386 - ERROR - General error: Could not connect to the endpoint URL: "https://dynamodb.ap-south-1.amazonaws.com/"
2025-04-27 07:36:31,074 - ERROR - General error: Could not connect to the endpoint URL: "https://dynamodb.ap-south-1.amazonaws.com/"
2025-04-27 07:38:36,760 - ERROR - General error: Could not connect to the endpoint URL: "https://dynamodb.ap-south-1.amazonaws.com/"
2025-04-27 07:40:42,446 - ERROR - General error: Could not connect to the endpoint URL: "https://dynamodb.ap-south-1.amazonaws.com/"
2025-04-27 07:42:48,134 - ERROR - General error: Could not connect to the endpoint URL: "https://dynamodb.ap-south-1.amazonaws.com/"
2025-04-27 07:44:53,823 - ERROR - General error: Could not connect to the endpoint URL: "https://dynamodb.ap-south-1.amazonaws.com/"
2025-04-27 07:46:59,511 - ERROR - General error: Could not connect to the endpoint URL: "https://dynamodb.ap-south-1.amazonaws.com/"
2025-04-27 07:49:05,199 - ERROR - General error: Could not connect to the endpoint URL: "https://dynamodb.ap-south-1.amazonaws.com/"
2025-04-27 07:51:10,892 - ERROR - General error: Could not connect to the endpoint URL: "https://dynamodb.ap-south-1.amazonaws.com/"
2025-04-27 07:53:16,581 - ERROR - General error: Could not connect to the endpoint URL: "https://dynamodb.ap-south-1.amazonaws.com/"
2025-04-27 07:55:22,268 - ERROR - General error: Could not connect to the endpoint URL: "https://dynamodb.ap-south-1.amazonaws.com/"
2025-04-27 07:57:27,956 - ERROR - General error: Could not connect to the endpoint URL: "https://dynamodb.ap-south-1.amazonaws.com/"
2025-04-27 07:59:33,643 - ERROR - General error: Could not connect to the endpoint URL: "https://dynamodb.ap-south-1.amazonaws.com/"
2025-04-27 08:01:39,330 - ERROR - General error: Could not connect to the endpoint URL: "https://dynamodb.ap-south-1.amazonaws.com/"
2025-04-27 08:03:45,017 - ERROR - General error: Could not connect to the endpoint URL: "https://dynamodb.ap-south-1.amazonaws.com/"
2025-04-27 08:05:50,705 - ERROR - General error: Could not connect to the endpoint URL: "https://dynamodb.ap-south-1.amazonaws.com/"
2025-04-27 08:07:56,392 - ERROR - General error: Could not connect to the endpoint URL: "https://dynamodb.ap-south-1.amazonaws.com/"
2025-04-27 08:10:02,081 - ERROR - General error: Could not connect to the endpoint URL: "https://dynamodb.ap-south-1.amazonaws.com/"
2025-04-27 08:12:07,766 - ERROR - General error: Could not connect to the endpoint URL: "https://dynamodb.ap-south-1.amazonaws.com/"
2025-04-27 08:14:13,453 - ERROR - General error: Could not connect to the endpoint URL: "https://dynamodb.ap-south-1.amazonaws.com/"
2025-04-27 08:16:19,140 - ERROR - General error: Could not connect to the endpoint URL: "https://dynamodb.ap-south-1.amazonaws.com/"
2025-04-27 08:18:24,827 - ERROR - General error: Could not connect to the endpoint URL: "https://dynamodb.ap-south-1.amazonaws.com/"
2025-04-27 08:20:30,517 - ERROR - General error: Could not connect to the endpoint URL: "https://dynamodb.ap-south-1.amazonaws.com/"
2025-04-27 08:22:36,202 - ERROR - General error: Could not connect to the endpoint URL: "https://dynamodb.ap-south-1.amazonaws.com/"
2025-04-27 08:24:41,895 - ERROR - General error: Could not connect to the endpoint URL: "https://dynamodb.ap-south-1.amazonaws.com/"
2025-04-27 08:26:47,584 - ERROR - General error: Could not connect to the endpoint URL: "https://dynamodb.ap-south-1.amazonaws.com/"
2025-04-27 08:28:53,272 - ERROR - General error: Could not connect to the endpoint URL: "https://dynamodb.ap-south-1.amazonaws.com/"
2025-04-27 08:30:58,958 - ERROR - General error: Could not connect to the endpoint URL: "https://dynamodb.ap-south-1.amazonaws.com/"
2025-04-27 08:33:04,648 - ERROR - General error: Could not connect to the endpoint URL: "https://dynamodb.ap-south-1.amazonaws.com/"
2025-04-27 08:35:10,332 - ERROR - General error: Could not connect to the endpoint URL: "https://dynamodb.ap-south-1.amazonaws.com/"
2025-04-27 08:37:16,022 - ERROR - General error: Could not connect to the endpoint URL: "https://dynamodb.ap-south-1.amazonaws.com/"
2025-04-27 08:39:21,707 - ERROR - General error: Could not connect to the endpoint URL: "https://dynamodb.ap-south-1.amazonaws.com/"
2025-04-27 08:41:27,394 - ERROR - General error: Could not connect to the endpoint URL: "https://dynamodb.ap-south-1.amazonaws.com/"
2025-04-27 08:43:33,083 - ERROR - General error: Could not connect to the endpoint URL: "https://dynamodb.ap-south-1.amazonaws.com/"
2025-04-27 08:45:38,771 - ERROR - General error: Could not connect to the endpoint URL: "https://dynamodb.ap-south-1.amazonaws.com/"
2025-04-27 08:47:44,457 - ERROR - General error: Could not connect to the endpoint URL: "https://dynamodb.ap-south-1.amazonaws.com/"
2025-04-27 08:49:50,146 - ERROR - General error: Could not connect to the endpoint URL: "https://dynamodb.ap-south-1.amazonaws.com/"
2025-04-27 08:51:55,834 - ERROR - General error: Could not connect to the endpoint URL: "https://dynamodb.ap-south-1.amazonaws.com/"
2025-04-27 08:54:01,523 - ERROR - General error: Could not connect to the endpoint URL: "https://dynamodb.ap-south-1.amazonaws.com/"
2025-04-27 08:56:07,209 - ERROR - General error: Could not connect to the endpoint URL: "https://dynamodb.ap-south-1.amazonaws.com/"
2025-04-27 08:58:12,895 - ERROR - General error: Could not connect to the endpoint URL: "https://dynamodb.ap-south-1.amazonaws.com/"
2025-04-27 09:00:18,580 - ERROR - General error: Could not connect to the endpoint URL: "https://dynamodb.ap-south-1.amazonaws.com/"
2025-04-27 09:02:24,268 - ERROR - General error: Could not connect to the endpoint URL: "https://dynamodb.ap-south-1.amazonaws.com/"
2025-04-27 09:04:29,952 - ERROR - General error: Could not connect to the endpoint URL: "https://dynamodb.ap-south-1.amazonaws.com/"
2025-04-27 09:06:35,644 - ERROR - General error: Could not connect to the endpoint URL: "https://dynamodb.ap-south-1.amazonaws.com/"
2025-04-27 09:08:41,325 - ERROR - General error: Could not connect to the endpoint URL: "https://dynamodb.ap-south-1.amazonaws.com/"
2025-04-27 09:10:47,011 - ERROR - General error: Could not connect to the endpoint URL: "https://dynamodb.ap-south-1.amazonaws.com/"
2025-04-27 09:12:52,696 - ERROR - General error: Could not connect to the endpoint URL: "https://dynamodb.ap-south-1.amazonaws.com/"
2025-04-27 09:14:58,385 - ERROR - General error: Could not connect to the endpoint URL: "https://dynamodb.ap-south-1.amazonaws.com/"
2025-04-27 09:17:04,072 - ERROR - General error: Could not connect to the endpoint URL: "https://dynamodb.ap-south-1.amazonaws.com/"
2025-04-27 09:19:09,755 - ERROR - General error: Could not connect to the endpoint URL: "https://dynamodb.ap-south-1.amazonaws.com/"
2025-04-27 09:21:15,444 - ERROR - General error: Could not connect to the endpoint URL: "https://dynamodb.ap-south-1.amazonaws.com/"
2025-04-27 09:23:21,126 - ERROR - General error: Could not connect to the endpoint URL: "https://dynamodb.ap-south-1.amazonaws.com/"
2025-04-27 09:25:26,812 - ERROR - General error: Could not connect to the endpoint URL: "https://dynamodb.ap-south-1.amazonaws.com/"
2025-04-27 09:27:32,500 - ERROR - General error: Could not connect to the endpoint URL: "https://dynamodb.ap-south-1.amazonaws.com/"
2025-04-27 09:29:38,184 - ERROR - General error: Could not connect to the endpoint URL: "https://dynamodb.ap-south-1.amazonaws.com/"
2025-04-27 09:31:43,872 - ERROR - General error: Could not connect to the endpoint URL: "https://dynamodb.ap-south-1.amazonaws.com/"
2025-04-27 09:33:49,558 - ERROR - General error: Could not connect to the endpoint URL: "https://dynamodb.ap-south-1.amazonaws.com/"
2025-04-27 09:35:55,249 - ERROR - General error: Could not connect to the endpoint URL: "https://dynamodb.ap-south-1.amazonaws.com/"
2025-04-27 09:38:00,934 - ERROR - General error: Could not connect to the endpoint URL: "https://dynamodb.ap-south-1.amazonaws.com/"
2025-04-27 09:40:06,621 - ERROR - General error: Could not connect to the endpoint URL: "https://dynamodb.ap-south-1.amazonaws.com/"
2025-04-27 09:42:12,306 - ERROR - General error: Could not connect to the endpoint URL: "https://dynamodb.ap-south-1.amazonaws.com/"
2025-04-27 09:44:17,993 - ERROR - General error: Could not connect to the endpoint URL: "https://dynamodb.ap-south-1.amazonaws.com/"
2025-04-27 09:46:23,680 - ERROR - General error: Could not connect to the endpoint URL: "https://dynamodb.ap-south-1.amazonaws.com/"
2025-04-27 09:48:29,367 - ERROR - General error: Could not connect to the endpoint URL: "https://dynamodb.ap-south-1.amazonaws.com/"
2025-04-27 09:50:35,055 - ERROR - General error: Could not connect to the endpoint URL: "https://dynamodb.ap-south-1.amazonaws.com/"
2025-04-27 09:52:40,741 - ERROR - General error: Could not connect to the endpoint URL: "https://dynamodb.ap-south-1.amazonaws.com/"
2025-04-27 09:54:46,428 - ERROR - General error: Could not connect to the endpoint URL: "https://dynamodb.ap-south-1.amazonaws.com/"
2025-04-27 09:56:52,115 - ERROR - General error: Could not connect to the endpoint URL: "https://dynamodb.ap-south-1.amazonaws.com/"
2025-04-27 09:58:57,801 - ERROR - General error: Could not connect to the endpoint URL: "https://dynamodb.ap-south-1.amazonaws.com/"
2025-04-27 10:01:03,488 - ERROR - General error: Could not connect to the endpoint URL: "https://dynamodb.ap-south-1.amazonaws.com/"
2025-04-27 10:03:09,180 - ERROR - General error: Could not connect to the endpoint URL: "https://dynamodb.ap-south-1.amazonaws.com/"
2025-04-27 10:05:14,866 - ERROR - General error: Could not connect to the endpoint URL: "https://dynamodb.ap-south-1.amazonaws.com/"
2025-04-27 10:07:20,546 - ERROR - General error: Could not connect to the endpoint URL: "https://dynamodb.ap-south-1.amazonaws.com/"
2025-04-27 10:09:26,229 - ERROR - General error: Could not connect to the endpoint URL: "https://dynamodb.ap-south-1.amazonaws.com/"
2025-04-27 10:11:31,915 - ERROR - General error: Could not connect to the endpoint URL: "https://dynamodb.ap-south-1.amazonaws.com/"
2025-04-27 10:13:37,600 - ERROR - General error: Could not connect to the endpoint URL: "https://dynamodb.ap-south-1.amazonaws.com/"
2025-04-27 10:15:43,292 - ERROR - General error: Could not connect to the endpoint URL: "https://dynamodb.ap-south-1.amazonaws.com/"
2025-04-27 10:17:48,980 - ERROR - General error: Could not connect to the endpoint URL: "https://dynamodb.ap-south-1.amazonaws.com/"
2025-04-27 10:19:54,666 - ERROR - General error: Could not connect to the endpoint URL: "https://dynamodb.ap-south-1.amazonaws.com/"
2025-04-27 10:22:00,352 - ERROR - General error: Could not connect to the endpoint URL: "https://dynamodb.ap-south-1.amazonaws.com/"
2025-04-27 10:24:06,043 - ERROR - General error: Could not connect to the endpoint URL: "https://dynamodb.ap-south-1.amazonaws.com/"
2025-04-27 10:26:11,728 - ERROR - General error: Could not connect to the endpoint URL: "https://dynamodb.ap-south-1.amazonaws.com/"
2025-04-27 10:28:17,418 - ERROR - General error: Could not connect to the endpoint URL: "https://dynamodb.ap-south-1.amazonaws.com/"
2025-04-27 10:30:23,106 - ERROR - General error: Could not connect to the endpoint URL: "https://dynamodb.ap-south-1.amazonaws.com/"
2025-04-27 10:32:28,795 - ERROR - General error: Could not connect to the endpoint URL: "https://dynamodb.ap-south-1.amazonaws.com/"
2025-04-27 10:34:34,480 - ERROR - General error: Could not connect to the endpoint URL: "https://dynamodb.ap-south-1.amazonaws.com/"
2025-04-27 10:36:40,167 - ERROR - General error: Could not connect to the endpoint URL: "https://dynamodb.ap-south-1.amazonaws.com/"
2025-04-27 10:38:45,854 - ERROR - General error: Could not connect to the endpoint URL: "https://dynamodb.ap-south-1.amazonaws.com/"
2025-04-27 10:40:51,541 - ERROR - General error: Could not connect to the endpoint URL: "https://dynamodb.ap-south-1.amazonaws.com/"
2025-04-27 10:42:57,226 - ERROR - General error: Could not connect to the endpoint URL: "https://dynamodb.ap-south-1.amazonaws.com/"
2025-04-27 10:45:02,913 - ERROR - General error: Could not connect to the endpoint URL: "https://dynamodb.ap-south-1.amazonaws.com/"
2025-04-27 10:47:08,599 - ERROR - General error: Could not connect to the endpoint URL: "https://dynamodb.ap-south-1.amazonaws.com/"
2025-04-27 10:49:14,288 - ERROR - General error: Could not connect to the endpoint URL: "https://dynamodb.ap-south-1.amazonaws.com/"
2025-04-27 10:51:19,974 - ERROR - General error: Could not connect to the endpoint URL: "https://dynamodb.ap-south-1.amazonaws.com/"
2025-04-27 10:53:25,659 - ERROR - General error: Could not connect to the endpoint URL: "https://dynamodb.ap-south-1.amazonaws.com/"
2025-04-27 10:55:31,346 - ERROR - General error: Could not connect to the endpoint URL: "https://dynamodb.ap-south-1.amazonaws.com/"
2025-04-27 10:57:37,034 - ERROR - General error: Could not connect to the endpoint URL: "https://dynamodb.ap-south-1.amazonaws.com/"
2025-04-27 10:59:42,719 - ERROR - General error: Could not connect to the endpoint URL: "https://dynamodb.ap-south-1.amazonaws.com/"
2025-04-27 11:01:48,408 - ERROR - General error: Could not connect to the endpoint URL: "https://dynamodb.ap-south-1.amazonaws.com/"
2025-04-27 11:03:54,096 - ERROR - General error: Could not connect to the endpoint URL: "https://dynamodb.ap-south-1.amazonaws.com/"
2025-04-27 11:05:59,782 - ERROR - General error: Could not connect to the endpoint URL: "https://dynamodb.ap-south-1.amazonaws.com/"
2025-04-27 11:08:05,470 - ERROR - General error: Could not connect to the endpoint URL: "https://dynamodb.ap-south-1.amazonaws.com/"
2025-04-27 11:10:11,157 - ERROR - General error: Could not connect to the endpoint URL: "https://dynamodb.ap-south-1.amazonaws.com/"
2025-04-27 11:12:16,847 - ERROR - General error: Could not connect to the endpoint URL: "https://dynamodb.ap-south-1.amazonaws.com/"
2025-04-27 11:14:22,535 - ERROR - General error: Could not connect to the endpoint URL: "https://dynamodb.ap-south-1.amazonaws.com/"
2025-04-27 11:16:28,232 - ERROR - General error: Could not connect to the endpoint URL: "https://dynamodb.ap-south-1.amazonaws.com/"
2025-04-27 11:18:33,917 - ERROR - General error: Could not connect to the endpoint URL: "https://dynamodb.ap-south-1.amazonaws.com/"
2025-04-27 11:20:39,603 - ERROR - General error: Could not connect to the endpoint URL: "https://dynamodb.ap-south-1.amazonaws.com/"
2025-04-27 11:22:45,293 - ERROR - General error: Could not connect to the endpoint URL: "https://dynamodb.ap-south-1.amazonaws.com/"
2025-04-27 11:24:50,981 - ERROR - General error: Could not connect to the endpoint URL: "https://dynamodb.ap-south-1.amazonaws.com/"
2025-04-27 11:26:56,668 - ERROR - General error: Could not connect to the endpoint URL: "https://dynamodb.ap-south-1.amazonaws.com/"
2025-04-27 11:29:02,357 - ERROR - General error: Could not connect to the endpoint URL: "https://dynamodb.ap-south-1.amazonaws.com/"
2025-04-27 11:31:08,044 - ERROR - General error: Could not connect to the endpoint URL: "https://dynamodb.ap-south-1.amazonaws.com/"
2025-04-27 11:33:13,732 - ERROR - General error: Could not connect to the endpoint URL: "https://dynamodb.ap-south-1.amazonaws.com/"
2025-04-27 11:35:19,419 - ERROR - General error: Could not connect to the endpoint URL: "https://dynamodb.ap-south-1.amazonaws.com/"
2025-05-16 16:07:20,780 - ERROR - General error: Could not connect to the endpoint URL: "https://dynamodb.ap-south-1.amazonaws.com/"
2025-05-29 18:14:14,653 - ERROR - General error: Could not connect to the endpoint URL: "https://dynamodb.ap-south-1.amazonaws.com/"
2025-05-29 18:16:20,380 - ERROR - General error: Could not connect to the endpoint URL: "https://dynamodb.ap-south-1.amazonaws.com/"
2025-05-29 18:18:26,168 - ERROR - General error: Could not connect to the endpoint URL: "https://dynamodb.ap-south-1.amazonaws.com/"
2025-05-29 18:20:31,855 - ERROR - General error: Could not connect to the endpoint URL: "https://dynamodb.ap-south-1.amazonaws.com/"
2025-05-31 16:27:28,818 - ERROR - General error: Could not connect to the endpoint URL: "https://dynamodb.ap-south-1.amazonaws.com/"
2025-05-31 16:29:34,582 - ERROR - General error: Could not connect to the endpoint URL: "https://dynamodb.ap-south-1.amazonaws.com/"
2025-06-03 17:45:58,533 - ERROR - General error: Could not connect to the endpoint URL: "https://dynamodb.ap-south-1.amazonaws.com/"
2025-06-03 17:48:04,246 - ERROR - General error: Could not connect to the endpoint URL: "https://dynamodb.ap-south-1.amazonaws.com/"
2025-06-03 17:54:04,561 - ERROR - General error: Could not connect to the endpoint URL: "https://dynamodb.ap-south-1.amazonaws.com/"
2025-06-03 17:56:10,247 - ERROR - General error: Could not connect to the endpoint URL: "https://dynamodb.ap-south-1.amazonaws.com/"
2025-06-03 18:46:16,184 - ERROR - General error: Could not connect to the endpoint URL: "https://dynamodb.ap-south-1.amazonaws.com/"
2025-06-11 14:10:05,581 - ERROR - General error: Could not connect to the endpoint URL: "https://dynamodb.ap-south-1.amazonaws.com/"
2025-07-04 21:26:10,926 - ERROR - General error: Could not connect to the endpoint URL: "https://dynamodb.ap-south-1.amazonaws.com/"
2025-07-05 14:23:17,595 - ERROR - General error: Could not connect to the endpoint URL: "https://dynamodb.ap-south-1.amazonaws.com/"
2025-07-21 07:53:10,886 - ERROR - General error: Could not connect to the endpoint URL: "https://dynamodb.ap-south-1.amazonaws.com/"
2025-07-21 07:55:16,606 - ERROR - General error: Could not connect to the endpoint URL: "https://dynamodb.ap-south-1.amazonaws.com/"
2025-07-21 07:57:22,314 - ERROR - General error: Could not connect to the endpoint URL: "https://dynamodb.ap-south-1.amazonaws.com/"
2025-07-21 07:59:28,022 - ERROR - General error: Could not connect to the endpoint URL: "https://dynamodb.ap-south-1.amazonaws.com/"
2025-07-21 08:01:33,725 - ERROR - General error: Could not connect to the endpoint URL: "https://dynamodb.ap-south-1.amazonaws.com/"
2025-07-21 08:03:39,431 - ERROR - General error: Could not connect to the endpoint URL: "https://dynamodb.ap-south-1.amazonaws.com/"
2025-07-21 08:05:45,131 - ERROR - General error: Could not connect to the endpoint URL: "https://dynamodb.ap-south-1.amazonaws.com/"
2025-07-21 08:07:50,825 - ERROR - General error: Could not connect to the endpoint URL: "https://dynamodb.ap-south-1.amazonaws.com/"
2025-07-21 08:09:56,517 - ERROR - General error: Could not connect to the endpoint URL: "https://dynamodb.ap-south-1.amazonaws.com/"
2025-07-21 08:12:02,212 - ERROR - General error: Could not connect to the endpoint URL: "https://dynamodb.ap-south-1.amazonaws.com/"
2025-07-21 08:14:07,914 - ERROR - General error: Could not connect to the endpoint URL: "https://dynamodb.ap-south-1.amazonaws.com/"
2025-07-21 08:16:13,608 - ERROR - General error: Could not connect to the endpoint URL: "https://dynamodb.ap-south-1.amazonaws.com/"
2025-07-21 08:18:19,298 - ERROR - General error: Could not connect to the endpoint URL: "https://dynamodb.ap-south-1.amazonaws.com/"
2025-07-21 08:20:24,977 - ERROR - General error: Could not connect to the endpoint URL: "https://dynamodb.ap-south-1.amazonaws.com/"
2025-07-21 08:22:30,676 - ERROR - General error: Could not connect to the endpoint URL: "https://dynamodb.ap-south-1.amazonaws.com/"
2025-07-21 08:24:36,377 - ERROR - General error: Could not connect to the endpoint URL: "https://dynamodb.ap-south-1.amazonaws.com/"
2025-07-21 08:26:42,070 - ERROR - General error: Could not connect to the endpoint URL: "https://dynamodb.ap-south-1.amazonaws.com/"
